{
  "type": "FeatureCollection",
  "features": [
    {
      "type": "Feature",
      "properties": {
        "trip_id": "trip_001_2023-05-12_Plano_to_Plano",
        "location": "Plano, TX - Windhaven Parkway",
        "datetime": "2023-05-12 05:37:20+00:00",
        "kwh": 57.0
      },
      "geometry": {
        "type": "Point",
        "coordinates": [
          -96.8323468,
          33.0549176
        ]
      }
    },
    {
      "type": "Feature",
      "properties": {
        "trip_id": "trip_002_2023-06-03_Madisonville_to_Centerville",
        "name": "Jun 2023 \u2014 Madisonville \u2192 Centerville",
        "color": "#4ECDC4"
      },
      "geometry": {
        "type": "LineString",
        "coordinates": [
          [
            -95.9127773,
            30.9498688
          ],
          [
            -95.90270880913198,
            30.924645309916134
          ],
          [
            -95.89264562769725,
            30.8994210402308
          ],
          [
            -95.88258774776317,
            30.874195992132805
          ],
          [
            -95.87253516140868,
            30.84897016680916
          ],
          [
            -95.86248786072439,
            30.823743565445056
          ],
          [
            -95.85244583781244,
            30.798516189223847
          ],
          [
            -95.84240908478661,
            30.77328803932712
          ],
          [
            -95.83237759377215,
            30.74805911693463
          ],
          [
            -95.8223513569059,
            30.722829423224358
          ],
          [
            -95.81233036633613,
            30.69759895937246
          ],
          [
            -95.80231461422262,
            30.67236772655331
          ],
          [
            -95.79230409273659,
            30.64713572593951
          ],
          [
            -95.78229879406068,
            30.621902958701867
          ],
          [
            -95.77229871038895,
            30.596669426009406
          ],
          [
            -95.76230383392681,
            30.571435129029364
          ],
          [
            -95.75231415689106,
            30.546200068927227
          ],
          [
            -95.74232967150981,
            30.5209642468667
          ],
          [
            -95.73235037002246,
            30.495727664009728
          ],
          [
            -95.72237624467975,
            30.470490321516493
          ],
          [
            -95.71240728774363,
            30.445252220545424
          ],
          [
            -95.70244349148734,
            30.420013362253183
          ],
          [
            -95.69248484819528,
            30.394773747794694
          ],
          [
            -95.68253135016306,
            30.36953337832313
          ],
          [
            -95.67258298969749,
            30.344292254989924
          ],
          [
            -95.66263975911653,
            30.319050378944763
          ],
          [
            -95.65270165074921,
            30.293807751335606
          ],
          [
            -95.64276865693571,
            30.268564373308678
          ],
          [
            -95.63284077002729,
            30.243320246008487
          ],
          [
            -95.62291798238623,
            30.218075370577786
          ],
          [
            -95.6130002863859,
            30.192829748157656
          ],
          [
            -95.60308767441062,
            30.167583379887407
          ],
          [
            -95.59318013885576,
            30.142336266904675
          ],
          [
            -95.5832776721276,
            30.117088410345378
          ],
          [
            -95.5733802666434,
            30.091839811343714
          ],
          [
            -95.56348791483134,
            30.066590471032193
          ],
          [
            -95.5536006091305,
            30.041340390541627
          ],
          [
            -95.54371834199084,
            30.016089571001118
          ],
          [
            -95.53384110587312,
            29.9908380135381
          ],
          [
            -95.52396889324905,
            29.96558571927829
          ],
          [
            -95.51410169660103,
            29.94033268934576
          ],
          [
            -95.50423950842233,
            29.915078924862854
          ],
          [
            -95.49438232121693,
            29.889824426950284
          ],
          [
            -95.48453012749964,
            29.864569196727047
          ],
          [
            -95.47468291979587,
            29.83931323531051
          ],
          [
            -95.46484069064185,
            29.814056543816346
          ],
          [
            -95.4550034325844,
            29.788799123358576
          ],
          [
            -95.44517113818107,
            29.76354097504956
          ],
          [
            -95.4353438,
            29.738282100000006
          ],
          [
            -95.446489554551,
            29.769961817188456
          ],
          [
            -95.4576423614267,
            29.80164059931679
          ],
          [
            -95.46880223393907,
            29.83331844459232
          ],
          [
            -95.47996918542432,
            29.864995351218965
          ],
          [
            -95.49114322924287,
            29.896671317397285
          ],
          [
            -95.50232437877943,
            29.92834634132446
          ],
          [
            -95.51351264744314,
            29.960020421194255
          ],
          [
            -95.52470804866748,
            29.991693555197067
          ],
          [
            -95.53591059591051,
            30.023365741519868
          ],
          [
            -95.54712030265483,
            30.055036978346187
          ],
          [
            -95.55833718240764,
            30.086707263856155
          ],
          [
            -95.56956124870085,
            30.11837659622645
          ],
          [
            -95.58079251509112,
            30.150044973630315
          ],
          [
            -95.59203099515992,
            30.181712394237515
          ],
          [
            -95.6032767025136,
            30.213378856214355
          ],
          [
            -95.61452965078345,
            30.245044357723692
          ],
          [
            -95.62578985362583,
            30.27670889692486
          ],
          [
            -95.6370573247221,
            30.30837247197371
          ],
          [
            -95.6483320777788,
            30.340035081022588
          ],
          [
            -95.65961412652769,
            30.371696722220353
          ],
          [
            -95.67090348472574,
            30.403357393712305
          ],
          [
            -95.68220016615537,
            30.435017093640244
          ],
          [
            -95.6935041846243,
            30.46667582014238
          ],
          [
            -95.7048155539658,
            30.49833357135342
          ],
          [
            -95.71613428803863,
            30.529990345404485
          ],
          [
            -95.72746040072715,
            30.561646140423157
          ],
          [
            -95.73879390594146,
            30.593300954533376
          ],
          [
            -95.75013481761734,
            30.62495478585557
          ],
          [
            -95.76148314971637,
            30.65660763250649
          ],
          [
            -95.77283891622604,
            30.688259492599332
          ],
          [
            -95.78420213115977,
            30.71991036424366
          ],
          [
            -95.795572808557,
            30.751560245545384
          ],
          [
            -95.80695096248321,
            30.78320913460681
          ],
          [
            -95.81833660703009,
            30.814857029526582
          ],
          [
            -95.8297297563155,
            30.846503928399677
          ],
          [
            -95.84113042448358,
            30.878149829317415
          ],
          [
            -95.85253862570482,
            30.90979473036743
          ],
          [
            -95.86395437417617,
            30.94143862963367
          ],
          [
            -95.87537768412106,
            30.97308152519638
          ],
          [
            -95.88680856978945,
            31.004723415132126
          ],
          [
            -95.89824704545794,
            31.03636429751371
          ],
          [
            -95.90969312542985,
            31.06800417041023
          ],
          [
            -95.92114682403525,
            31.099643031887044
          ],
          [
            -95.93260815563104,
            31.13128088000575
          ],
          [
            -95.94407713460109,
            31.162917712824225
          ],
          [
            -95.95555377535617,
            31.194553528396515
          ],
          [
            -95.96703809233414,
            31.22618832477294
          ],
          [
            -95.9785301,
            31.257822100000002
          ]
        ]
      }
    },
    {
      "type": "Feature",
      "properties": {
        "trip_id": "trip_002_2023-06-03_Madisonville_to_Centerville",
        "location": "Madisonville, TX",
        "datetime": "2023-06-03 17:30:09+00:00",
        "kwh": 55.0
      },
      "geometry": {
        "type": "Point",
        "coordinates": [
          -95.9127773,
          30.9498688
        ]
      }
    },
    {
      "type": "Feature",
      "properties": {
        "trip_id": "trip_002_2023-06-03_Madisonville_to_Centerville",
        "location": "Houston, TX - West Alabama Street",
        "datetime": "2023-06-04 00:45:03+00:00",
        "kwh": 62.0
      },
      "geometry": {
        "type": "Point",
        "coordinates": [
          -95.4353438,
          29.7382821
        ]
      }
    },
    {
      "type": "Feature",
      "properties": {
        "trip_id": "trip_002_2023-06-03_Madisonville_to_Centerville",
        "location": "Centerville, TX",
        "datetime": "2023-06-04 03:06:58+00:00",
        "kwh": 43.0
      },
      "geometry": {
        "type": "Point",
        "coordinates": [
          -95.9785301,
          31.2578221
        ]
      }
    },
    {
      "type": "Feature",
      "properties": {
        "trip_id": "trip_003_2023-07-09_Irving_to_Irving",
        "location": "Irving, TX",
        "datetime": "2023-07-09 18:19:48+00:00",
        "kwh": 59.0
      },
      "geometry": {
        "type": "Point",
        "coordinates": [
          -96.9442177,
          32.8295183
        ]
      }
    },
    {
      "type": "Feature",
      "properties": {
        "trip_id": "trip_004_2023-08-19_Waco_to_Red_Oak",
        "name": "Aug 2023 \u2014 Waco \u2192 Red Oak",
        "color": "#FFEAA7"
      },
      "geometry": {
        "type": "LineString",
        "coordinates": [
          [
            -97.1474628,
            31.5491899
          ],
          [
            -97.16069486991616,
            31.5212586722542
          ],
          [
            -97.17391902964252,
            31.49332608341419
          ],
          [
            -97.18713529216606,
            31.465392135780775
          ],
          [
            -97.20034367045278,
            31.43745683165081
          ],
          [
            -97.21354417744793,
            31.409520173317237
          ],
          [
            -97.22673682607594,
            31.381582163069126
          ],
          [
            -97.23992162924054,
            31.353642803191608
          ],
          [
            -97.25309859982474,
            31.325702095965934
          ],
          [
            -97.26626775069094,
            31.297760043669495
          ],
          [
            -97.2794290946809,
            31.269816648575784
          ],
          [
            -97.29258264461589,
            31.24187191295444
          ],
          [
            -97.3057284132966,
            31.213925839071262
          ],
          [
            -97.31886641350334,
            31.185978429188182
          ],
          [
            -97.33199665799592,
            31.15802968556332
          ],
          [
            -97.34511915951384,
            31.13007961045095
          ],
          [
            -97.35823393077625,
            31.10212820610153
          ],
          [
            -97.37134098448203,
            31.07417547476173
          ],
          [
            -97.38444033330978,
            31.04622141867441
          ],
          [
            -97.397531989918,
            31.018266040078625
          ],
          [
            -97.4106159669449,
            30.990309341209663
          ],
          [
            -97.42369227700873,
            30.96235132429904
          ],
          [
            -97.43676093270759,
            30.934391991574497
          ],
          [
            -97.44982194661961,
            30.90643134526003
          ],
          [
            -97.4628753313029,
            30.878469387575894
          ],
          [
            -97.47592109929568,
            30.850506120738586
          ],
          [
            -97.48895926311627,
            30.822541546960892
          ],
          [
            -97.50198983526316,
            30.794575668451877
          ],
          [
            -97.51501282821503,
            30.766608487416878
          ],
          [
            -97.52802825443084,
            30.73864000605755
          ],
          [
            -97.54103612634977,
            30.710670226571846
          ],
          [
            -97.55403645639139,
            30.682699151154026
          ],
          [
            -97.5670292569556,
            30.654726781994682
          ],
          [
            -97.58001454042281,
            30.62675312128073
          ],
          [
            -97.59299231915377,
            30.59877817119545
          ],
          [
            -97.60596260548981,
            30.570801933918425
          ],
          [
            -97.61892541175281,
            30.54282441162564
          ],
          [
            -97.63188075024519,
            30.51484560648944
          ],
          [
            -97.64482863325006,
            30.486865520678506
          ],
          [
            -97.65776907303116,
            30.458884156357946
          ],
          [
            -97.67070208183297,
            30.430901515689243
          ],
          [
            -97.68362767188071,
            30.402917600830275
          ],
          [
            -97.69654585538044,
            30.37493241393533
          ],
          [
            -97.70945664451904,
            30.34694595715512
          ],
          [
            -97.72236005146425,
            30.318958232636767
          ],
          [
            -97.73525608836479,
            30.29096924252386
          ],
          [
            -97.7481447673503,
            30.262978988956373
          ],
          [
            -97.76102610053147,
            30.234987474070778
          ],
          [
            -97.7739001,
            30.2069947
          ],
          [
            -97.6775634,
            30.6370152
          ],
          [
            -97.65977119333814,
            30.67618631962462
          ],
          [
            -97.64196455013793,
            30.7153550129279
          ],
          [
            -97.62414343705522,
            30.75452127415495
          ],
          [
            -97.60630782067174,
            30.793685097537292
          ],
          [
            -97.58845766749468,
            30.83284647729288
          ],
          [
            -97.57059294395658,
            30.872005407626034
          ],
          [
            -97.55271361641508,
            30.911161882727377
          ],
          [
            -97.53481965115265,
            30.950315896773823
          ],
          [
            -97.51691101437636,
            30.989467443928476
          ],
          [
            -97.49898767221774,
            31.02861651834066
          ],
          [
            -97.4810495907324,
            31.06776311414582
          ],
          [
            -97.4630967358999,
            31.106907225465477
          ],
          [
            -97.44512907362345,
            31.14604884640722
          ],
          [
            -97.42714656972976,
            31.185187971064636
          ],
          [
            -97.40914918996867,
            31.22432459351725
          ],
          [
            -97.39113690001305,
            31.263458707830484
          ],
          [
            -97.3731096654585,
            31.30259030805565
          ],
          [
            -97.35506745182306,
            31.34171938822985
          ],
          [
            -97.33701022454704,
            31.38084594237597
          ],
          [
            -97.31893794899278,
            31.419969964502588
          ],
          [
            -97.30085059044437,
            31.459091448603978
          ],
          [
            -97.2827481141074,
            31.498210388660013
          ],
          [
            -97.26463048510878,
            31.537326778636174
          ],
          [
            -97.24649766849642,
            31.576440612483456
          ],
          [
            -97.22834962923903,
            31.61555188413832
          ],
          [
            -97.21018633222587,
            31.65466058752269
          ],
          [
            -97.19200774226647,
            31.693766716543855
          ],
          [
            -97.17381382409046,
            31.73287026509444
          ],
          [
            -97.15560454234719,
            31.771971227052358
          ],
          [
            -97.13737986160562,
            31.811069596280788
          ],
          [
            -97.11913974635402,
            31.850165366628055
          ],
          [
            -97.10088416099966,
            31.88925853192764
          ],
          [
            -97.08261306986861,
            31.92834908599815
          ],
          [
            -97.06432643720552,
            31.96743702264319
          ],
          [
            -97.04602422717333,
            32.00652233565138
          ],
          [
            -97.02770640385297,
            32.04560501879628
          ],
          [
            -97.00937293124319,
            32.084685065836325
          ],
          [
            -96.99102377326027,
            32.123762470514826
          ],
          [
            -96.97265889373772,
            32.16283722655985
          ],
          [
            -96.95427825642611,
            32.20190932768424
          ],
          [
            -96.93588182499272,
            32.24097876758551
          ],
          [
            -96.91746956302134,
            32.28004553994581
          ],
          [
            -96.89904143401199,
            32.319109638431904
          ],
          [
            -96.8805974013807,
            32.358171056695056
          ],
          [
            -96.86213742845912,
            32.39722978837105
          ],
          [
            -96.84366147849443,
            32.43628582708009
          ],
          [
            -96.82516951464898,
            32.47533916642677
          ],
          [
            -96.8066615,
            32.5143898
          ]
        ]
      }
    },
    {
      "type": "Feature",
      "properties": {
        "trip_id": "trip_004_2023-08-19_Waco_to_Red_Oak",
        "location": "Waco, TX",
        "datetime": "2023-08-19 21:56:13+00:00",
        "kwh": 65.0
      },
      "geometry": {
        "type": "Point",
        "coordinates": [
          -97.1474628,
          31.5491899
        ]
      }
    },
    {
      "type": "Feature",
      "properties": {
        "trip_id": "trip_004_2023-08-19_Waco_to_Red_Oak",
        "location": "Austin, TX - South Congress Avenue (Pay to Park, Floor B1)",
        "datetime": "2023-08-20 02:26:04+00:00",
        "kwh": 64.0
      },
      "geometry": {
        "type": "Point",
        "coordinates": [
          -97.7739001,
          30.2069947
        ]
      }
    },
    {
      "type": "Feature",
      "properties": {
        "trip_id": "trip_004_2023-08-19_Waco_to_Red_Oak",
        "location": "Georgetown, TX",
        "datetime": "2023-08-20 20:01:35+00:00",
        "kwh": 71.0
      },
      "geometry": {
        "type": "Point",
        "coordinates": [
          -97.6775634,
          30.6370152
        ]
      }
    },
    {
      "type": "Feature",
      "properties": {
        "trip_id": "trip_004_2023-08-19_Waco_to_Red_Oak",
        "location": "Red Oak, TX",
        "datetime": "2023-08-20 23:22:15+00:00",
        "kwh": 29.0
      },
      "geometry": {
        "type": "Point",
        "coordinates": [
          -96.8066615,
          32.5143898
        ]
      }
    },
    {
      "type": "Feature",
      "properties": {
        "trip_id": "trip_005_2023-09-03_Red_Oak_to_Georgetown",
        "name": "Sep 2023 \u2014 Red Oak \u2192 San Antonio",
        "color": "#DDA0DD"
      },
      "geometry": {
        "type": "LineString",
        "coordinates": [
          [
            -96.8066615,
            32.5143898
          ],
          [
            -96.82516951464898,
            32.47533916642677
          ],
          [
            -96.84366147849443,
            32.43628582708009
          ],
          [
            -96.86213742845912,
            32.39722978837105
          ],
          [
            -96.8805974013807,
            32.358171056695056
          ],
          [
            -96.89904143401199,
            32.319109638431904
          ],
          [
            -96.91746956302134,
            32.28004553994581
          ],
          [
            -96.93588182499272,
            32.24097876758551
          ],
          [
            -96.95427825642611,
            32.20190932768424
          ],
          [
            -96.97265889373772,
            32.16283722655985
          ],
          [
            -96.99102377326027,
            32.12376247051482
          ],
          [
            -97.00937293124319,
            32.084685065836325
          ],
          [
            -97.02770640385297,
            32.04560501879628
          ],
          [
            -97.04602422717333,
            32.00652233565138
          ],
          [
            -97.06432643720554,
            31.967437022643196
          ],
          [
            -97.08261306986861,
            31.92834908599815
          ],
          [
            -97.10088416099966,
            31.88925853192764
          ],
          [
            -97.11913974635402,
            31.850165366628055
          ],
          [
            -97.13737986160562,
            31.811069596280788
          ],
          [
            -97.15560454234719,
            31.771971227052365
          ],
          [
            -97.17381382409046,
            31.732870265094434
          ],
          [
            -97.19200774226647,
            31.693766716543855
          ],
          [
            -97.21018633222587,
            31.654660587522685
          ],
          [
            -97.22834962923903,
            31.615551884138327
          ],
          [
            -97.24649766849642,
            31.576440612483456
          ],
          [
            -97.26463048510878,
            31.537326778636174
          ],
          [
            -97.2827481141074,
            31.498210388660016
          ],
          [
            -97.30085059044437,
            31.459091448603978
          ],
          [
            -97.31893794899278,
            31.41996996450259
          ],
          [
            -97.33701022454704,
            31.38084594237597
          ],
          [
            -97.35506745182306,
            31.34171938822985
          ],
          [
            -97.3731096654585,
            31.302590308055656
          ],
          [
            -97.39113690001305,
            31.26345870783049
          ],
          [
            -97.40914918996867,
            31.22432459351725
          ],
          [
            -97.42714656972976,
            31.18518797106463
          ],
          [
            -97.44512907362345,
            31.146048846407226
          ],
          [
            -97.4630967358999,
            31.106907225465477
          ],
          [
            -97.4810495907324,
            31.06776311414582
          ],
          [
            -97.49898767221774,
            31.028616518340666
          ],
          [
            -97.51691101437636,
            30.989467443928476
          ],
          [
            -97.53481965115265,
            30.950315896773823
          ],
          [
            -97.55271361641508,
            30.91116188272738
          ],
          [
            -97.57059294395658,
            30.872005407626034
          ],
          [
            -97.58845766749468,
            30.83284647729288
          ],
          [
            -97.60630782067174,
            30.793685097537292
          ],
          [
            -97.62414343705522,
            30.75452127415495
          ],
          [
            -97.64196455013793,
            30.715355012927894
          ],
          [
            -97.65977119333814,
            30.67618631962462
          ],
          [
            -97.6775634,
            30.6370152
          ],
          [
            -97.69383205640094,
            30.61555393611102
          ],
          [
            -97.71009350193093,
            30.59409064853255
          ],
          [
            -97.7263477452654,
            30.572625339889733
          ],
          [
            -97.74259479507097,
            30.551158012804507
          ],
          [
            -97.75883466000542,
            30.5296886698956
          ],
          [
            -97.7750673487178,
            30.508217313778545
          ],
          [
            -97.79129286984836,
            30.486743947065673
          ],
          [
            -97.8075112320286,
            30.465268572366117
          ],
          [
            -97.82372244388127,
            30.44379119228584
          ],
          [
            -97.83992651402035,
            30.422311809427605
          ],
          [
            -97.85612345105113,
            30.400830426391018
          ],
          [
            -97.87231326357016,
            30.37934704577251
          ],
          [
            -97.88849596016529,
            30.357861670165335
          ],
          [
            -97.90467154941568,
            30.336374302159605
          ],
          [
            -97.9208400398918,
            30.314884944342253
          ],
          [
            -97.93700144015544,
            30.29339359929709
          ],
          [
            -97.95315575875969,
            30.271900269604757
          ],
          [
            -97.96930300424908,
            30.25040495784278
          ],
          [
            -97.98544318515943,
            30.22890766658552
          ],
          [
            -98.0015763100179,
            30.207408398404247
          ],
          [
            -98.01770238734309,
            30.18590715586708
          ],
          [
            -98.033821425645,
            30.164403941539017
          ],
          [
            -98.04993343342495,
            30.142898757981946
          ],
          [
            -98.06603841917575,
            30.121391607754664
          ],
          [
            -98.08213639138162,
            30.099882493412846
          ],
          [
            -98.09822735851814,
            30.07837141750906
          ],
          [
            -98.11431132905244,
            30.056858382592804
          ],
          [
            -98.13038831144303,
            30.035343391210468
          ],
          [
            -98.1464583141399,
            30.013826445905373
          ],
          [
            -98.16252134558455,
            29.99230754921775
          ],
          [
            -98.17857741420991,
            29.970786703684755
          ],
          [
            -98.19462652844047,
            29.949263911840486
          ],
          [
            -98.21066869669217,
            29.927739176215965
          ],
          [
            -98.2267039273725,
            29.90621249933916
          ],
          [
            -98.24273222888047,
            29.884683883734997
          ],
          [
            -98.25875360960664,
            29.863153331925332
          ],
          [
            -98.27476807793312,
            29.841620846428995
          ],
          [
            -98.29077564223357,
            29.820086429761762
          ],
          [
            -98.30677631087322,
            29.7985500844364
          ],
          [
            -98.32277009220888,
            29.777011812962606
          ],
          [
            -98.33875699458898,
            29.755471617847096
          ],
          [
            -98.35473702635355,
            29.733929501593533
          ],
          [
            -98.37071019583418,
            29.71238546670259
          ],
          [
            -98.38667651135415,
            29.690839515671918
          ],
          [
            -98.40263598122836,
            29.669291650996175
          ],
          [
            -98.41858861376333,
            29.647741875167004
          ],
          [
            -98.43453441725725,
            29.626190190673057
          ],
          [
            -98.4504734,
            29.604636599999996
          ],
          [
            -98.43453441725725,
            29.62619019067305
          ],
          [
            -98.41858861376333,
            29.647741875167004
          ],
          [
            -98.40263598122836,
            29.669291650996175
          ],
          [
            -98.38667651135415,
            29.690839515671918
          ],
          [
            -98.37071019583418,
            29.71238546670259
          ],
          [
            -98.35473702635355,
            29.733929501593533
          ],
          [
            -98.33875699458898,
            29.755471617847096
          ],
          [
            -98.32277009220888,
            29.777011812962606
          ],
          [
            -98.30677631087322,
            29.7985500844364
          ],
          [
            -98.29077564223357,
            29.820086429761762
          ],
          [
            -98.27476807793312,
            29.841620846428995
          ],
          [
            -98.25875360960664,
            29.863153331925332
          ],
          [
            -98.24273222888047,
            29.884683883734997
          ],
          [
            -98.2267039273725,
            29.906212499339166
          ],
          [
            -98.21066869669217,
            29.927739176215965
          ],
          [
            -98.19462652844047,
            29.949263911840486
          ],
          [
            -98.17857741420991,
            29.970786703684755
          ],
          [
            -98.16252134558455,
            29.99230754921775
          ],
          [
            -98.1464583141399,
            30.01382644590538
          ],
          [
            -98.13038831144303,
            30.035343391210468
          ],
          [
            -98.11431132905244,
            30.056858382592804
          ],
          [
            -98.09822735851814,
            30.07837141750906
          ],
          [
            -98.08213639138162,
            30.09988249341284
          ],
          [
            -98.06603841917575,
            30.121391607754664
          ],
          [
            -98.04993343342495,
            30.142898757981946
          ],
          [
            -98.033821425645,
            30.164403941539017
          ],
          [
            -98.01770238734309,
            30.18590715586708
          ],
          [
            -98.0015763100179,
            30.20740839840425
          ],
          [
            -97.98544318515943,
            30.228907666585528
          ],
          [
            -97.96930300424908,
            30.25040495784278
          ],
          [
            -97.95315575875969,
            30.27190026960476
          ],
          [
            -97.93700144015544,
            30.29339359929709
          ],
          [
            -97.9208400398918,
            30.314884944342253
          ],
          [
            -97.9046715494157,
            30.336374302159605
          ],
          [
            -97.88849596016529,
            30.357861670165335
          ],
          [
            -97.87231326357016,
            30.37934704577251
          ],
          [
            -97.85612345105113,
            30.400830426391018
          ],
          [
            -97.83992651402035,
            30.422311809427605
          ],
          [
            -97.82372244388127,
            30.44379119228584
          ],
          [
            -97.8075112320286,
            30.465268572366117
          ],
          [
            -97.79129286984836,
            30.486743947065676
          ],
          [
            -97.7750673487178,
            30.508217313778545
          ],
          [
            -97.75883466000542,
            30.5296886698956
          ],
          [
            -97.74259479507097,
            30.551158012804507
          ],
          [
            -97.7263477452654,
            30.572625339889733
          ],
          [
            -97.71009350193093,
            30.59409064853255
          ],
          [
            -97.69383205640094,
            30.61555393611102
          ],
          [
            -97.6775634,
            30.6370152
          ]
        ]
      }
    },
    {
      "type": "Feature",
      "properties": {
        "trip_id": "trip_005_2023-09-03_Red_Oak_to_Georgetown",
        "location": "Red Oak, TX",
        "datetime": "2023-09-03 17:18:05+00:00",
        "kwh": 69.0
      },
      "geometry": {
        "type": "Point",
        "coordinates": [
          -96.8066615,
          32.5143898
        ]
      }
    },
    {
      "type": "Feature",
      "properties": {
        "trip_id": "trip_005_2023-09-03_Red_Oak_to_Georgetown",
        "location": "Georgetown, TX",
        "datetime": "2023-09-03 20:17:37+00:00",
        "kwh": 57.0
      },
      "geometry": {
        "type": "Point",
        "coordinates": [
          -97.6775634,
          30.6370152
        ]
      }
    },
    {
      "type": "Feature",
      "properties": {
        "trip_id": "trip_005_2023-09-03_Red_Oak_to_Georgetown",
        "location": "San Antonio, TX - North Loop 1604 East",
        "datetime": "2023-09-04 02:44:02+00:00",
        "kwh": 42.0
      },
      "geometry": {
        "type": "Point",
        "coordinates": [
          -98.4504734,
          29.6046366
        ]
      }
    },
    {
      "type": "Feature",
      "properties": {
        "trip_id": "trip_005_2023-09-03_Red_Oak_to_Georgetown",
        "location": "Georgetown, TX",
        "datetime": "2023-09-04 23:03:49+00:00",
        "kwh": 57.0
      },
      "geometry": {
        "type": "Point",
        "coordinates": [
          -97.6775634,
          30.6370152
        ]
      }
    },
    {
      "type": "Feature",
      "properties": {
        "trip_id": "trip_006_2023-11-05_Denison_to_Denison",
        "name": "Nov 2023 \u2014 Denison",
        "color": "#98D8C8"
      },
      "geometry": {
        "type": "LineString",
        "coordinates": [
          [
            -96.536658,
            33.7556593
          ],
          [
            -96.536658,
            33.7556593
          ]
        ]
      }
    },
    {
      "type": "Feature",
      "properties": {
        "trip_id": "trip_006_2023-11-05_Denison_to_Denison",
        "location": "Denison, TX",
        "datetime": "2023-11-05 20:26:13+00:00",
        "kwh": 58.0
      },
      "geometry": {
        "type": "Point",
        "coordinates": [
          -96.536658,
          33.7556593
        ]
      }
    },
    {
      "type": "Feature",
      "properties": {
        "trip_id": "trip_006_2023-11-05_Denison_to_Denison",
        "location": "Denison, TX",
        "datetime": "2023-11-13 22:23:27+00:00",
        "kwh": 61.0
      },
      "geometry": {
        "type": "Point",
        "coordinates": [
          -96.536658,
          33.7556593
        ]
      }
    },
    {
      "type": "Feature",
      "properties": {
        "trip_id": "trip_007_2024-04-13_New_Boston_to_Sulphur_Springs",
        "name": "Apr 2024 \u2014 New Boston \u2192 Sulphur Springs",
        "color": "#F7DC6F"
      },
      "geometry": {
        "type": "LineString",
        "coordinates": [
          [
            -94.4154787,
            33.4598415
          ],
          [
            -95.6010143,
            33.1384886
          ]
        ]
      }
    },
    {
      "type": "Feature",
      "properties": {
        "trip_id": "trip_007_2024-04-13_New_Boston_to_Sulphur_Springs",
        "location": "New Boston, TX",
        "datetime": "2024-04-13 20:09:35+00:00",
        "kwh": 11.0
      },
      "geometry": {
        "type": "Point",
        "coordinates": [
          -94.4154787,
          33.4598415
        ]
      }
    },
    {
      "type": "Feature",
      "properties": {
        "trip_id": "trip_007_2024-04-13_New_Boston_to_Sulphur_Springs",
        "location": "Sulphur Springs, TX",
        "datetime": "2024-04-14 20:47:55+00:00",
        "kwh": 45.0
      },
      "geometry": {
        "type": "Point",
        "coordinates": [
          -95.6010143,
          33.1384886
        ]
      }
    },
    {
      "type": "Feature",
      "properties": {
        "trip_id": "trip_008_2024-06-01_Temple_to_Temple",
        "location": "Temple, TX",
        "datetime": "2024-06-01 20:05:23+00:00",
        "kwh": 116.0
      },
      "geometry": {
        "type": "Point",
        "coordinates": [
          -97.3429563,
          31.0983747
        ]
      }
    },
    {
      "type": "Feature",
      "properties": {
        "trip_id": "trip_009_2024-06-30_Henrietta_to_Vernon",
        "name": "Jun 2024 \u2014 Dallas \u2192 Colorado (Round Trip)",
        "color": "#85C1E9"
      },
      "geometry": {
        "type": "LineString",
        "coordinates": [
          [
            -98.194682,
            33.8166258
          ],
          [
            -98.22674742780754,
            33.82676227638609
          ],
          [
            -98.2588204563655,
            33.83689045197256
          ],
          [
            -98.29090108414891,
            33.84701032161814
          ],
          [
            -98.3229893096206,
            33.85712188018232
          ],
          [
            -98.35508513123106,
            33.86722512252536
          ],
          [
            -98.38718854741853,
            33.877320043508234
          ],
          [
            -98.41929955660898,
            33.88740663799271
          ],
          [
            -98.45141815721601,
            33.89748490084137
          ],
          [
            -98.48354434764097,
            33.907554826917504
          ],
          [
            -98.51567812627285,
            33.91761641108525
          ],
          [
            -98.54781949148827,
            33.92766964820953
          ],
          [
            -98.57996844165154,
            33.937714533156075
          ],
          [
            -98.61212497511461,
            33.94775106079144
          ],
          [
            -98.64428909021699,
            33.95777922598298
          ],
          [
            -98.67646078528585,
            33.967799023598914
          ],
          [
            -98.70864005863595,
            33.977810448508265
          ],
          [
            -98.74082690856964,
            33.98781349558096
          ],
          [
            -98.77302133337682,
            33.99780815968773
          ],
          [
            -98.80522333133496,
            34.00779443570019
          ],
          [
            -98.83743290070912,
            34.017772318490834
          ],
          [
            -98.86965003975182,
            34.027741802933036
          ],
          [
            -98.90187474670319,
            34.037702883901055
          ],
          [
            -98.9341070197908,
            34.04765555627004
          ],
          [
            -98.96634685722981,
            34.05759981491607
          ],
          [
            -98.99859425722278,
            34.067535654716096
          ],
          [
            -99.03084921795981,
            34.077463070548035
          ],
          [
            -99.06311173761843,
            34.087382057290725
          ],
          [
            -99.09538181436368,
            34.09729260982392
          ],
          [
            -99.12765944634796,
            34.107194723028336
          ],
          [
            -99.1599446317112,
            34.11708839178564
          ],
          [
            -99.19223736858068,
            34.12697361097848
          ],
          [
            -99.22453765507112,
            34.13685037549045
          ],
          [
            -99.25684548928464,
            34.146718680206135
          ],
          [
            -99.28916086931072,
            34.15657852001111
          ],
          [
            -99.32148379322625,
            34.166429889791935
          ],
          [
            -99.3538142590955,
            34.1762727844362
          ],
          [
            -99.38615226497,
            34.18610719883249
          ],
          [
            -99.41849780888874,
            34.195933127870404
          ],
          [
            -99.45085088887795,
            34.20575056644058
          ],
          [
            -99.48321150295124,
            34.215559509434705
          ],
          [
            -99.51557964910945,
            34.22535995174549
          ],
          [
            -99.54795532534084,
            34.23515188826672
          ],
          [
            -99.58033852962083,
            34.24493531389323
          ],
          [
            -99.61272925991219,
            34.25471022352094
          ],
          [
            -99.64512751416488,
            34.26447661204685
          ],
          [
            -99.67753329031623,
            34.27423447436902
          ],
          [
            -99.70994658629068,
            34.28398380538664
          ],
          [
            -99.7423674,
            34.2937246
          ],
          [
            -99.78553665141476,
            34.313119796923544
          ],
          [
            -99.82872584638393,
            34.332499842521614
          ],
          [
            -99.87193499300544,
            34.35186471878036
          ],
          [
            -99.91516409933398,
            34.37121440767643
          ],
          [
            -99.95841317338086,
            34.39054889117704
          ],
          [
            -100.00168222311393,
            34.40986815124
          ],
          [
            -100.04497125645737,
            34.429172169813725
          ],
          [
            -100.08828028129153,
            34.4484609288373
          ],
          [
            -100.13160930545288,
            34.467734410240475
          ],
          [
            -100.17495833673377,
            34.486992595943725
          ],
          [
            -100.21832738288231,
            34.506235467858254
          ],
          [
            -100.26171645160225,
            34.525463007886046
          ],
          [
            -100.30512555055283,
            34.54467519791991
          ],
          [
            -100.34855468734858,
            34.563872019843444
          ],
          [
            -100.39200386955926,
            34.58305345553118
          ],
          [
            -100.43547310470962,
            34.6022194868485
          ],
          [
            -100.47896240027934,
            34.62137009565172
          ],
          [
            -100.52247176370282,
            34.64050526378818
          ],
          [
            -100.56600120236905,
            34.65962497309613
          ],
          [
            -100.60955072362151,
            34.678729205404935
          ],
          [
            -100.65312033475792,
            34.69781794253497
          ],
          [
            -100.6967100430302,
            34.716891166297714
          ],
          [
            -100.74031985564424,
            34.735948858495796
          ],
          [
            -100.78394977975985,
            34.754991000922985
          ],
          [
            -100.8275998224905,
            34.77401757536426
          ],
          [
            -100.8712699909032,
            34.79302856359583
          ],
          [
            -100.91496029201843,
            34.81202394738518
          ],
          [
            -100.95867073280989,
            34.83100370849104
          ],
          [
            -101.00240132020444,
            34.84996782866354
          ],
          [
            -101.04615206108187,
            34.86891628964414
          ],
          [
            -101.0899229622748,
            34.8878490731657
          ],
          [
            -101.13371403056853,
            34.90676616095252
          ],
          [
            -101.17752527270086,
            34.92566753472038
          ],
          [
            -101.22135669536196,
            34.94455317617657
          ],
          [
            -101.26520830519426,
            34.963423067019875
          ],
          [
            -101.30908010879223,
            34.98227718894073
          ],
          [
            -101.35297211270225,
            35.00111552362112
          ],
          [
            -101.39688432342248,
            35.01993805273469
          ],
          [
            -101.44081674740274,
            35.038744757946795
          ],
          [
            -101.48476939104427,
            35.05753562091447
          ],
          [
            -101.52874226069966,
            35.07631062328656
          ],
          [
            -101.57273536267263,
            35.09506974670365
          ],
          [
            -101.61674870321801,
            35.113812972798165
          ],
          [
            -101.66078228854141,
            35.13254028319441
          ],
          [
            -101.70483612479919,
            35.15125165950858
          ],
          [
            -101.74891021809826,
            35.16994708334883
          ],
          [
            -101.79300457449601,
            35.18862653631526
          ],
          [
            -101.8371192,
            35.20729000000001
          ],
          [
            -101.86476945012716,
            35.233347688225024
          ],
          [
            -101.89243746729797,
            35.259399084553756
          ],
          [
            -101.920123275792,
            35.285444178864914
          ],
          [
            -101.94782689991263,
            35.31148296102142
          ],
          [
            -101.97554836398704,
            35.337515420870375
          ],
          [
            -102.00328769236626,
            35.36354154824305
          ],
          [
            -102.03104490942503,
            35.38956133295487
          ],
          [
            -102.05882003956195,
            35.415574764805356
          ],
          [
            -102.08661310719941,
            35.44158183357809
          ],
          [
            -102.11442413678357,
            35.46758252904075
          ],
          [
            -102.14225315278442,
            35.493576840945
          ],
          [
            -102.17010017969572,
            35.519564759026544
          ],
          [
            -102.19796524203505,
            35.545546273005
          ],
          [
            -102.22584836434378,
            35.571521372584
          ],
          [
            -102.25374957118706,
            35.597490047451046
          ],
          [
            -102.2816688871538,
            35.62345228727755
          ],
          [
            -102.30960633685676,
            35.64940808171877
          ],
          [
            -102.33756194493246,
            35.6753574204138
          ],
          [
            -102.3655357360412,
            35.70130029298556
          ],
          [
            -102.39352773486704,
            35.72723668904074
          ],
          [
            -102.42153796611785,
            35.753166598169756
          ],
          [
            -102.44956645452527,
            35.779090009946785
          ],
          [
            -102.47761322484469,
            35.805006913929695
          ],
          [
            -102.50567830185528,
            35.83091729965998
          ],
          [
            -102.53376171036,
            35.85682115666282
          ],
          [
            -102.5618634751855,
            35.882718474447
          ],
          [
            -102.58998362118228,
            35.90860924250487
          ],
          [
            -102.61812217322453,
            35.93449345031236
          ],
          [
            -102.6462791562102,
            35.96037108732891
          ],
          [
            -102.67445459506098,
            35.98624214299746
          ],
          [
            -102.70264851472231,
            36.012106606744446
          ],
          [
            -102.73086094016337,
            36.03796446797973
          ],
          [
            -102.75909189637702,
            36.063815716096585
          ],
          [
            -102.7873414083799,
            36.0896603404717
          ],
          [
            -102.81560950121234,
            36.1154983304651
          ],
          [
            -102.84389619993838,
            36.14132967542014
          ],
          [
            -102.87220152964579,
            36.16715436466352
          ],
          [
            -102.90052551544598,
            36.19297238750513
          ],
          [
            -102.9288681824741,
            36.218783733238205
          ],
          [
            -102.95722955588899,
            36.24458839113916
          ],
          [
            -102.98560966087312,
            36.27038635046759
          ],
          [
            -103.0140085226327,
            36.29617760046625
          ],
          [
            -103.04242616639752,
            36.32196213036109
          ],
          [
            -103.07086261742108,
            36.34773992936107
          ],
          [
            -103.09931790098052,
            36.37351098665831
          ],
          [
            -103.12779204237663,
            36.39927529142793
          ],
          [
            -103.15628506693378,
            36.425032832828116
          ],
          [
            -103.184797,
            36.4507836
          ],
          [
            -103.21195739333145,
            36.46590149357414
          ],
          [
            -103.23912837917989,
            36.4810132307491
          ],
          [
            -103.26630996320458,
            36.496118805724606
          ],
          [
            -103.29350215105923,
            36.51121821269653
          ],
          [
            -103.32070494839192,
            36.526311445856855
          ],
          [
            -103.34791836084521,
            36.5413984993937
          ],
          [
            -103.37514239405594,
            36.55647936749132
          ],
          [
            -103.40237705365543,
            36.57155404433008
          ],
          [
            -103.42962234526921,
            36.5866225240865
          ],
          [
            -103.4568782745172,
            36.601684800933214
          ],
          [
            -103.48414484701357,
            36.616740869039
          ],
          [
            -103.51142206836673,
            36.63179072256878
          ],
          [
            -103.53870994417936,
            36.64683435568359
          ],
          [
            -103.56600848004835,
            36.66187176254062
          ],
          [
            -103.59331768156473,
            36.6769029372932
          ],
          [
            -103.62063755431375,
            36.69192787409076
          ],
          [
            -103.64796810387475,
            36.70694656707892
          ],
          [
            -103.6753093358212,
            36.72195901039942
          ],
          [
            -103.70266125572066,
            36.73696519819015
          ],
          [
            -103.73002386913473,
            36.751965124585105
          ],
          [
            -103.7573971816191,
            36.76695878371449
          ],
          [
            -103.78478119872341,
            36.781946169704604
          ],
          [
            -103.81217592599133,
            36.796927276677934
          ],
          [
            -103.83958136896048,
            36.81190209875303
          ],
          [
            -103.8669975331624,
            36.826870630044716
          ],
          [
            -103.89442442412262,
            36.84183286466386
          ],
          [
            -103.92186204736043,
            36.856788796717545
          ],
          [
            -103.94931040838911,
            36.87173842030898
          ],
          [
            -103.9767695127157,
            36.88668172953751
          ],
          [
            -104.00423936584109,
            36.90161871849868
          ],
          [
            -104.03171997325992,
            36.91654938128417
          ],
          [
            -104.05921134046065,
            36.931473711981795
          ],
          [
            -104.08671347292544,
            36.94639170467558
          ],
          [
            -104.11422637613018,
            36.961303353445665
          ],
          [
            -104.1417500555444,
            36.97620865236836
          ],
          [
            -104.16928451663135,
            36.99110759551616
          ],
          [
            -104.1968297648479,
            37.00600017695772
          ],
          [
            -104.22438580564453,
            37.02088639075783
          ],
          [
            -104.25195264446529,
            37.03576623097749
          ],
          [
            -104.2795302867478,
            37.05063969167382
          ],
          [
            -104.30711873792323,
            37.06550676690017
          ],
          [
            -104.33471800341624,
            37.08036745070602
          ],
          [
            -104.36232808864494,
            37.09522173713702
          ],
          [
            -104.389948999021,
            37.110069620235016
          ],
          [
            -104.4175807399494,
            37.124911094038026
          ],
          [
            -104.44522331682859,
            37.13974615258026
          ],
          [
            -104.4728767350504,
            37.15457478989207
          ],
          [
            -104.500541,
            37.169397
          ],
          [
            -104.50715987977587,
            37.20408430944437
          ],
          [
            -104.51378484635913,
            37.238771250308176
          ],
          [
            -104.52041591294794,
            37.273457821788284
          ],
          [
            -104.52705309277329,
            37.30814402307956
          ],
          [
            -104.53369639909907,
            37.342829853374816
          ],
          [
            -104.54034584522226,
            37.37751531186487
          ],
          [
            -104.54700144447295,
            37.4122003977385
          ],
          [
            -104.55366321021451,
            37.44688511018246
          ],
          [
            -104.56033115584361,
            37.48156944838141
          ],
          [
            -104.56700529479049,
            37.516253411518015
          ],
          [
            -104.57368564051889,
            37.55093699877282
          ],
          [
            -104.5803722065263,
            37.58562020932435
          ],
          [
            -104.58706500634403,
            37.620303042349036
          ],
          [
            -104.59376405353726,
            37.654985497021244
          ],
          [
            -104.60046936170521,
            37.68966757251321
          ],
          [
            -104.6071809444813,
            37.724349267995116
          ],
          [
            -104.61389881553315,
            37.75903058263504
          ],
          [
            -104.62062298856279,
            37.79371151559893
          ],
          [
            -104.62735347730671,
            37.82839206605063
          ],
          [
            -104.63409029553603,
            37.863072233151854
          ],
          [
            -104.64083345705654,
            37.89775201606219
          ],
          [
            -104.64758297570891,
            37.9324314139391
          ],
          [
            -104.65433886536876,
            37.96711042593787
          ],
          [
            -104.66110113994672,
            38.001789051211674
          ],
          [
            -104.66786981338865,
            38.03646728891148
          ],
          [
            -104.67464489967567,
            38.07114513818614
          ],
          [
            -104.68142641282438,
            38.10582259818231
          ],
          [
            -104.68821436688681,
            38.140499668044434
          ],
          [
            -104.69500877595075,
            38.17517634691483
          ],
          [
            -104.70180965413972,
            38.209852633933565
          ],
          [
            -104.7086170156131,
            38.244528528238526
          ],
          [
            -104.71543087456631,
            38.2792040289654
          ],
          [
            -104.7222512452309,
            38.31387913524764
          ],
          [
            -104.72907814187468,
            38.34855384621647
          ],
          [
            -104.73591157880182,
            38.383228161000886
          ],
          [
            -104.74275157035297,
            38.41790207872766
          ],
          [
            -104.74959813090544,
            38.452575598521285
          ],
          [
            -104.75645127487327,
            38.48724871950403
          ],
          [
            -104.76331101670733,
            38.52192144079587
          ],
          [
            -104.77017737089552,
            38.556593761514534
          ],
          [
            -104.77705035196281,
            38.59126568077546
          ],
          [
            -104.78392997447146,
            38.6259371976918
          ],
          [
            -104.79081625302102,
            38.6606083113744
          ],
          [
            -104.79770920224863,
            38.69527902093185
          ],
          [
            -104.80460883682895,
            38.72994932547036
          ],
          [
            -104.81151517147441,
            38.76461922409388
          ],
          [
            -104.81842822093532,
            38.799288715904
          ],
          [
            -104.825348,
            38.8339578
          ],
          [
            -104.825348,
            38.8339578
          ],
          [
            -106.0737176,
            38.5138823
          ],
          [
            -106.82356,
            39.1911128
          ],
          [
            -108.0522672,
            39.446423
          ],
          [
            -108.2403855,
            38.4375391
          ],
          [
            -107.856453,
            37.9313827
          ],
          [
            -107.86383897012018,
            37.90634604184902
          ],
          [
            -107.87121991573225,
            37.88130892247119
          ],
          [
            -107.87859584468517,
            37.85627134259548
          ],
          [
            -107.88596676481384,
            37.83123330294953
          ],
          [
            -107.8933326839392,
            37.806194804259654
          ],
          [
            -107.90069360986818,
            37.78115584725087
          ],
          [
            -107.9080495503938,
            37.75611643264685
          ],
          [
            -107.91540051329515,
            37.731076561169964
          ],
          [
            -107.92274650633748,
            37.70603623354124
          ],
          [
            -107.93008753727213,
            37.68099545048044
          ],
          [
            -107.9374236138367,
            37.655954212705986
          ],
          [
            -107.944754743755,
            37.63091252093502
          ],
          [
            -107.95208093473707,
            37.605870375883356
          ],
          [
            -107.95940219447924,
            37.580827778265544
          ],
          [
            -107.9667185306642,
            37.555784728794805
          ],
          [
            -107.97402995096094,
            37.53074122818309
          ],
          [
            -107.98133646302486,
            37.50569727714106
          ],
          [
            -107.98863807449776,
            37.48065287637811
          ],
          [
            -107.9959347930079,
            37.455608026602285
          ],
          [
            -108.00322662617002,
            37.43056272852044
          ],
          [
            -108.01051358158536,
            37.405516982838094
          ],
          [
            -108.01779566684168,
            37.380470790259515
          ],
          [
            -108.02507288951335,
            37.355424151487696
          ],
          [
            -108.03234525716134,
            37.330377067224354
          ],
          [
            -108.03961277733322,
            37.30532953816998
          ],
          [
            -108.04687545756325,
            37.28028156502374
          ],
          [
            -108.05413330537239,
            37.255233148483605
          ],
          [
            -108.0613863282683,
            37.23018428924626
          ],
          [
            -108.06863453374544,
            37.205134988007146
          ],
          [
            -108.07587792928501,
            37.18008524546043
          ],
          [
            -108.08311652235507,
            37.15503506229908
          ],
          [
            -108.09035032041052,
            37.12998443921478
          ],
          [
            -108.09757933089311,
            37.104933376897996
          ],
          [
            -108.10480356123155,
            37.079881876037966
          ],
          [
            -108.11202301884144,
            37.054829937322644
          ],
          [
            -108.11923771112541,
            37.02977756143881
          ],
          [
            -108.126447645473,
            37.00472474907201
          ],
          [
            -108.13365282926087,
            36.9796715009065
          ],
          [
            -108.14085326985273,
            36.9546178176254
          ],
          [
            -108.14804897459932,
            36.92956369991055
          ],
          [
            -108.15523995083855,
            36.9045091484426
          ],
          [
            -108.1624262058955,
            36.87945416390098
          ],
          [
            -108.16960774708235,
            36.85439874696391
          ],
          [
            -108.1767845816986,
            36.8293428983084
          ],
          [
            -108.18395671703087,
            36.80428661861025
          ],
          [
            -108.19112416035316,
            36.77922990854406
          ],
          [
            -108.19828691892666,
            36.75417276878324
          ],
          [
            -108.205445,
            36.7291152
          ],
          [
            -108.17110926443506,
            36.69692238752349
          ],
          [
            -108.13680227799065,
            36.664719724187584
          ],
          [
            -108.10252399169437,
            36.63250722977742
          ],
          [
            -108.06827435663618,
            36.60028492403865
          ],
          [
            -108.03405332396851,
            36.568052826677565
          ],
          [
            -107.9998608449061,
            36.53581095736111
          ],
          [
            -107.96569687072618,
            36.503559335717036
          ],
          [
            -107.93156135276827,
            36.47129798133397
          ],
          [
            -107.89745424243434,
            36.43902691376147
          ],
          [
            -107.86337549118866,
            36.406746152510145
          ],
          [
            -107.82932505055793,
            36.37445571705172
          ],
          [
            -107.79530287213113,
            36.34215562681912
          ],
          [
            -107.76130890755961,
            36.3098459012066
          ],
          [
            -107.72734310855704,
            36.27752655956976
          ],
          [
            -107.6934054268994,
            36.24519762122567
          ],
          [
            -107.65949581442496,
            36.21285910545295
          ],
          [
            -107.62561422303432,
            36.180511031491854
          ],
          [
            -107.59176060469028,
            36.14815341854436
          ],
          [
            -107.55793491141797,
            36.11578628577424
          ],
          [
            -107.52413709530474,
            36.08340965230713
          ],
          [
            -107.49036710850012,
            36.051023537230705
          ],
          [
            -107.45662490321592,
            36.01862795959462
          ],
          [
            -107.4229104317261,
            35.986222938410684
          ],
          [
            -107.3892236463668,
            35.953808492652975
          ],
          [
            -107.35556449953634,
            35.92138464125781
          ],
          [
            -107.32193294369515,
            35.888951403123954
          ],
          [
            -107.2883289313658,
            35.856508797112596
          ],
          [
            -107.25475241513293,
            35.824056842047504
          ],
          [
            -107.22120334764325,
            35.79159555671509
          ],
          [
            -107.18768168160561,
            35.759124959864465
          ],
          [
            -107.15418736979076,
            35.72664507020757
          ],
          [
            -107.12072036503154,
            35.69415590641921
          ],
          [
            -107.0872806202228,
            35.66165748713718
          ],
          [
            -107.0538680883213,
            35.62914983096231
          ],
          [
            -107.0204827223457,
            35.59663295645857
          ],
          [
            -106.98712447537667,
            35.56410688215314
          ],
          [
            -106.95379330055674,
            35.531571626536525
          ],
          [
            -106.92048915109022,
            35.49902720806256
          ],
          [
            -106.88721198024336,
            35.4664736451486
          ],
          [
            -106.85396174134415,
            35.433910956175495
          ],
          [
            -106.82073838778237,
            35.401339159487755
          ],
          [
            -106.78754187300957,
            35.36875827339358
          ],
          [
            -106.75437215053898,
            35.33616831616495
          ],
          [
            -106.72122917394557,
            35.30356930603772
          ],
          [
            -106.68811289686595,
            35.27096126121172
          ],
          [
            -106.65502327299832,
            35.23834419985076
          ],
          [
            -106.62196025610254,
            35.2057181400828
          ],
          [
            -106.5889238,
            35.1730831
          ],
          [
            -106.54909678337229,
            35.16850441421714
          ],
          [
            -106.50927425793488,
            35.163912694934794
          ],
          [
            -106.46945623517715,
            35.15930794584267
          ],
          [
            -106.42964272657446,
            35.154690170639824
          ],
          [
            -106.38983374358807,
            35.15005937303452
          ],
          [
            -106.3500292976651,
            35.145415556744375
          ],
          [
            -106.31022940023854,
            35.140758725496205
          ],
          [
            -106.27043406272716,
            35.13608888302611
          ],
          [
            -106.23064329653559,
            35.131406033079415
          ],
          [
            -106.19085711305411,
            35.126710179410644
          ],
          [
            -106.15107552365886,
            35.12200132578358
          ],
          [
            -106.1112985397116,
            35.11727947597116
          ],
          [
            -106.07152617255979,
            35.11254463375552
          ],
          [
            -106.03175843353654,
            35.10779680292798
          ],
          [
            -105.99199533396057,
            35.10303598728898
          ],
          [
            -105.95223688513624,
            35.09826219064818
          ],
          [
            -105.9124830983534,
            35.09347541682429
          ],
          [
            -105.8727339848875,
            35.08867566964519
          ],
          [
            -105.83298955599948,
            35.083862952947875
          ],
          [
            -105.79324982293572,
            35.0790372705784
          ],
          [
            -105.75351479692812,
            35.074198626391926
          ],
          [
            -105.71378448919397,
            35.069347024252686
          ],
          [
            -105.67405891093597,
            35.06448246803396
          ],
          [
            -105.63433807334219,
            35.05960496161808
          ],
          [
            -105.59462198758602,
            35.0547145088964
          ],
          [
            -105.55491066482624,
            35.04981111376931
          ],
          [
            -105.51520411620685,
            35.04489478014619
          ],
          [
            -105.47550235285713,
            35.03996551194541
          ],
          [
            -105.43580538589163,
            35.03502331309434
          ],
          [
            -105.39611322641007,
            35.03006818752929
          ],
          [
            -105.35642588549739,
            35.02510013919555
          ],
          [
            -105.31674337422365,
            35.02011917204733
          ],
          [
            -105.2770657036441,
            35.01512529004778
          ],
          [
            -105.23739288479902,
            35.01011849716896
          ],
          [
            -105.19772492871385,
            35.005098797391824
          ],
          [
            -105.15806184639902,
            35.00006619470623
          ],
          [
            -105.11840364885002,
            34.99502069311092
          ],
          [
            -105.07875034704733,
            34.98996229661345
          ],
          [
            -105.03910195195643,
            34.98489100923027
          ],
          [
            -104.99945847452771,
            34.97980683498666
          ],
          [
            -104.95981992569652,
            34.97470977791671
          ],
          [
            -104.92018631638311,
            34.96959984206331
          ],
          [
            -104.88055765749256,
            34.96447703147818
          ],
          [
            -104.84093395991485,
            34.9593413502218
          ],
          [
            -104.80131523452478,
            34.9541928023634
          ],
          [
            -104.76170149218191,
            34.94903139198103
          ],
          [
            -104.72209274373061,
            34.9438571231614
          ],
          [
            -104.682489,
            34.93867000000001
          ],
          [
            -104.6232214788522,
            34.94462774362811
          ],
          [
            -104.56394536519636,
            34.95055669847595
          ],
          [
            -104.50466069753921,
            34.95645685403308
          ],
          [
            -104.44536751444684,
            34.96232819983585
          ],
          [
            -104.3860658545446,
            34.96817072546756
          ],
          [
            -104.32675575651668,
            34.97398442055839
          ],
          [
            -104.26743725910606,
            34.979769274785625
          ],
          [
            -104.20811040111415,
            34.98552527787367
          ],
          [
            -104.14877522140063,
            34.99125241959408
          ],
          [
            -104.08943175888312,
            34.99695068976575
          ],
          [
            -104.03008005253709,
            35.00262007825487
          ],
          [
            -103.97072014139547,
            35.00826057497508
          ],
          [
            -103.91135206454852,
            35.013872169887534
          ],
          [
            -103.85197586114354,
            35.01945485300095
          ],
          [
            -103.79259157038464,
            35.0250086143717
          ],
          [
            -103.73319923153248,
            35.03053344410391
          ],
          [
            -103.67379888390407,
            35.036029332349464
          ],
          [
            -103.61439056687252,
            35.04149626930816
          ],
          [
            -103.55497431986672,
            35.046934245227746
          ],
          [
            -103.4955501823712,
            35.05234325040399
          ],
          [
            -103.43611819392588,
            35.057723275180734
          ],
          [
            -103.37667839412569,
            35.06307430995005
          ],
          [
            -103.3172308226205,
            35.068396345152195
          ],
          [
            -103.25777551911476,
            35.0736893712758
          ],
          [
            -103.19831252336724,
            35.07895337885784
          ],
          [
            -103.13884187519089,
            35.08418835848377
          ],
          [
            -103.07936361445249,
            35.08939430078759
          ],
          [
            -103.01987778107241,
            35.09457119645188
          ],
          [
            -102.96038441502441,
            35.099719036207915
          ],
          [
            -102.90088355633533,
            35.10483781083572
          ],
          [
            -102.84137524508488,
            35.10992751116412
          ],
          [
            -102.78185952140532,
            35.114988128070834
          ],
          [
            -102.72233642548134,
            35.12001965248255
          ],
          [
            -102.66280599754964,
            35.12502207537496
          ],
          [
            -102.60326827789875,
            35.129995387772844
          ],
          [
            -102.5437233068688,
            35.134939580750185
          ],
          [
            -102.48417112485122,
            35.13985464543017
          ],
          [
            -102.42461177228846,
            35.14474057298528
          ],
          [
            -102.36504528967382,
            35.14959735463738
          ],
          [
            -102.30547171755106,
            35.15442498165776
          ],
          [
            -102.2458910965143,
            35.15922344536722
          ],
          [
            -102.18630346720755,
            35.1639927371361
          ],
          [
            -102.12670887032468,
            35.16873284838442
          ],
          [
            -102.06710734660894,
            35.173443770581876
          ],
          [
            -102.00749893685283,
            35.178125495247905
          ],
          [
            -101.9478836818978,
            35.18277801395182
          ],
          [
            -101.88826162263402,
            35.1874013183128
          ],
          [
            -101.8286328,
            35.1919954
          ],
          [
            -101.77501004618745,
            35.17085843316681
          ],
          [
            -101.72141517983296,
            35.14969784852846
          ],
          [
            -101.66784819565636,
            35.12851367688023
          ],
          [
            -101.6143090882684,
            35.10730594900681
          ],
          [
            -101.56079785217109,
            35.0860746956821
          ],
          [
            -101.50731448175804,
            35.06481994766919
          ],
          [
            -101.45385897131477,
            35.04354173572023
          ],
          [
            -101.40043131501912,
            35.022240090576325
          ],
          [
            -101.34703150694153,
            35.000915042967414
          ],
          [
            -101.2936595410454,
            34.97956662361218
          ],
          [
            -101.24031541118744,
            34.95819486321797
          ],
          [
            -101.18699911111796,
            34.936799792480656
          ],
          [
            -101.13371063448129,
            34.91538144208455
          ],
          [
            -101.08044997481606,
            34.893939842702316
          ],
          [
            -101.02721712555557,
            34.87247502499481
          ],
          [
            -100.97401208002807,
            34.85098701961106
          ],
          [
            -100.9208348314572,
            34.829475857188136
          ],
          [
            -100.86768537296226,
            34.80794156835101
          ],
          [
            -100.81456369755851,
            34.786384183712514
          ],
          [
            -100.76146979815762,
            34.764803733873215
          ],
          [
            -100.70840366756796,
            34.743200249421314
          ],
          [
            -100.65536529849486,
            34.72157376093256
          ],
          [
            -100.60235468354104,
            34.69992429897012
          ],
          [
            -100.54937181520695,
            34.67825189408457
          ],
          [
            -100.49641668589105,
            34.65655657681368
          ],
          [
            -100.44348928789022,
            34.63483837768239
          ],
          [
            -100.39058961339997,
            34.613097327202745
          ],
          [
            -100.33771765451495,
            34.59133345587369
          ],
          [
            -100.28487340322914,
            34.56954679418108
          ],
          [
            -100.2320568514363,
            34.54773737259756
          ],
          [
            -100.17926799093017,
            34.525905221582434
          ],
          [
            -100.12650681340497,
            34.50405037158162
          ],
          [
            -100.07377331045559,
            34.482172853027514
          ],
          [
            -100.02106747357806,
            34.46027269633895
          ],
          [
            -99.96838929416973,
            34.438349931921046
          ],
          [
            -99.91573876352975,
            34.416404590165186
          ],
          [
            -99.8631158728593,
            34.39443670144887
          ],
          [
            -99.81052061326203,
            34.372446296135635
          ],
          [
            -99.75795297574429,
            34.35043340457499
          ],
          [
            -99.7054129512155,
            34.32839805710232
          ],
          [
            -99.65290053048851,
            34.306340284038775
          ],
          [
            -99.60041570427992,
            34.2842601156912
          ],
          [
            -99.54795846321042,
            34.26215758235205
          ],
          [
            -99.49552879780508,
            34.24003271429931
          ],
          [
            -99.4431266984937,
            34.21788554179637
          ],
          [
            -99.39075215561124,
            34.19571609509196
          ],
          [
            -99.33840515939798,
            34.173524404420114
          ],
          [
            -99.2860857,
            34.1513105
          ]
        ]
      }
    },
    {
      "type": "Feature",
      "properties": {
        "trip_id": "trip_009_2024-06-30_Henrietta_to_Vernon",
        "location": "Henrietta, TX",
        "datetime": "2024-06-30 01:18:54+00:00",
        "kwh": 28.0
      },
      "geometry": {
        "type": "Point",
        "coordinates": [
          -98.194682,
          33.8166258
        ]
      }
    },
    {
      "type": "Feature",
      "properties": {
        "trip_id": "trip_009_2024-06-30_Henrietta_to_Vernon",
        "location": "Quanah, TX",
        "datetime": "2024-06-30 03:01:48+00:00",
        "kwh": 51.0
      },
      "geometry": {
        "type": "Point",
        "coordinates": [
          -99.7423674,
          34.2937246
        ]
      }
    },
    {
      "type": "Feature",
      "properties": {
        "trip_id": "trip_009_2024-06-30_Henrietta_to_Vernon",
        "location": "Amarillo, TX",
        "datetime": "2024-06-30 05:58:10+00:00",
        "kwh": 54.0
      },
      "geometry": {
        "type": "Point",
        "coordinates": [
          -101.8371192,
          35.20729
        ]
      }
    },
    {
      "type": "Feature",
      "properties": {
        "trip_id": "trip_009_2024-06-30_Henrietta_to_Vernon",
        "location": "Clayton, NM",
        "datetime": "2024-06-30 15:48:11+00:00",
        "kwh": 36.0
      },
      "geometry": {
        "type": "Point",
        "coordinates": [
          -103.184797,
          36.4507836
        ]
      }
    },
    {
      "type": "Feature",
      "properties": {
        "trip_id": "trip_009_2024-06-30_Henrietta_to_Vernon",
        "location": "Trinidad, CO",
        "datetime": "2024-06-30 17:38:29+00:00",
        "kwh": 47.0
      },
      "geometry": {
        "type": "Point",
        "coordinates": [
          -104.500541,
          37.169397
        ]
      }
    },
    {
      "type": "Feature",
      "properties": {
        "trip_id": "trip_009_2024-06-30_Henrietta_to_Vernon",
        "location": "Colorado Springs, CO (Pay to Park, Floor 1)",
        "datetime": "2024-06-30 20:12:12+00:00",
        "kwh": 41.0
      },
      "geometry": {
        "type": "Point",
        "coordinates": [
          -104.825348,
          38.8339578
        ]
      }
    },
    {
      "type": "Feature",
      "properties": {
        "trip_id": "trip_009_2024-06-30_Henrietta_to_Vernon",
        "location": "Colorado Springs, CO (Pay to Park, Floor 1)",
        "datetime": "2024-07-01 23:48:14+00:00",
        "kwh": 33.0
      },
      "geometry": {
        "type": "Point",
        "coordinates": [
          -104.825348,
          38.8339578
        ]
      }
    },
    {
      "type": "Feature",
      "properties": {
        "trip_id": "trip_009_2024-06-30_Henrietta_to_Vernon",
        "location": "Poncha Springs, CO",
        "datetime": "2024-07-02 20:49:25+00:00",
        "kwh": 35.0
      },
      "geometry": {
        "type": "Point",
        "coordinates": [
          -106.0737176,
          38.5138823
        ]
      }
    },
    {
      "type": "Feature",
      "properties": {
        "trip_id": "trip_009_2024-06-30_Henrietta_to_Vernon",
        "location": "Aspen, CO",
        "datetime": "2024-07-03 03:22:22+00:00",
        "kwh": 32.0
      },
      "geometry": {
        "type": "Point",
        "coordinates": [
          -106.82356,
          39.1911128
        ]
      }
    },
    {
      "type": "Feature",
      "properties": {
        "trip_id": "trip_009_2024-06-30_Henrietta_to_Vernon",
        "location": "Parachute, CO",
        "datetime": "2024-07-05 01:18:18+00:00",
        "kwh": 36.0
      },
      "geometry": {
        "type": "Point",
        "coordinates": [
          -108.0522672,
          39.446423
        ]
      }
    },
    {
      "type": "Feature",
      "properties": {
        "trip_id": "trip_009_2024-06-30_Henrietta_to_Vernon",
        "location": "Montrose, CO",
        "datetime": "2024-07-05 16:04:56+00:00",
        "kwh": 32.0
      },
      "geometry": {
        "type": "Point",
        "coordinates": [
          -108.2403855,
          38.4375391
        ]
      }
    },
    {
      "type": "Feature",
      "properties": {
        "trip_id": "trip_009_2024-06-30_Henrietta_to_Vernon",
        "location": "Mountain Village, CO (Floor 1)",
        "datetime": "2024-07-06 00:50:38+00:00",
        "kwh": 26.0
      },
      "geometry": {
        "type": "Point",
        "coordinates": [
          -107.856453,
          37.9313827
        ]
      }
    },
    {
      "type": "Feature",
      "properties": {
        "trip_id": "trip_009_2024-06-30_Henrietta_to_Vernon",
        "location": "Farmington, NM",
        "datetime": "2024-07-06 18:16:39+00:00",
        "kwh": 41.0
      },
      "geometry": {
        "type": "Point",
        "coordinates": [
          -108.205445,
          36.7291152
        ]
      }
    },
    {
      "type": "Feature",
      "properties": {
        "trip_id": "trip_009_2024-06-30_Henrietta_to_Vernon",
        "location": "Albuquerque, NM - Lang Avenue Northeast",
        "datetime": "2024-07-06 21:33:02+00:00",
        "kwh": 53.0
      },
      "geometry": {
        "type": "Point",
        "coordinates": [
          -106.5889238,
          35.1730831
        ]
      }
    },
    {
      "type": "Feature",
      "properties": {
        "trip_id": "trip_009_2024-06-30_Henrietta_to_Vernon",
        "location": "Santa Rosa, NM",
        "datetime": "2024-07-06 23:43:12+00:00",
        "kwh": 38.0
      },
      "geometry": {
        "type": "Point",
        "coordinates": [
          -104.682489,
          34.93867
        ]
      }
    },
    {
      "type": "Feature",
      "properties": {
        "trip_id": "trip_009_2024-06-30_Henrietta_to_Vernon",
        "location": "Amarillo, TX - East Interstate 40",
        "datetime": "2024-07-07 02:28:14+00:00",
        "kwh": 59.0
      },
      "geometry": {
        "type": "Point",
        "coordinates": [
          -101.8286328,
          35.1919954
        ]
      }
    },
    {
      "type": "Feature",
      "properties": {
        "trip_id": "trip_009_2024-06-30_Henrietta_to_Vernon",
        "location": "Vernon, TX",
        "datetime": "2024-07-07 05:50:56+00:00",
        "kwh": 49.0
      },
      "geometry": {
        "type": "Point",
        "coordinates": [
          -99.2860857,
          34.1513105
        ]
      }
    },
    {
      "type": "Feature",
      "properties": {
        "trip_id": "trip_010_2024-10-12_Vernon_to_Vernon",
        "name": "Oct 2024 \u2014 Vernon \u2192 Tucumcari",
        "color": "#F8B500"
      },
      "geometry": {
        "type": "LineString",
        "coordinates": [
          [
            -99.2860857,
            34.1513105
          ],
          [
            -99.33840515939798,
            34.173524404420114
          ],
          [
            -99.39075215561124,
            34.19571609509196
          ],
          [
            -99.4431266984937,
            34.21788554179637
          ],
          [
            -99.49552879780508,
            34.24003271429931
          ],
          [
            -99.54795846321042,
            34.26215758235205
          ],
          [
            -99.60041570427992,
            34.2842601156912
          ],
          [
            -99.65290053048852,
            34.30634028403878
          ],
          [
            -99.7054129512155,
            34.328398057102326
          ],
          [
            -99.75795297574429,
            34.35043340457499
          ],
          [
            -99.81052061326203,
            34.372446296135635
          ],
          [
            -99.8631158728593,
            34.394436701448875
          ],
          [
            -99.91573876352975,
            34.416404590165186
          ],
          [
            -99.96838929416973,
            34.438349931921046
          ],
          [
            -100.02106747357806,
            34.46027269633894
          ],
          [
            -100.07377331045559,
            34.482172853027514
          ],
          [
            -100.12650681340496,
            34.50405037158161
          ],
          [
            -100.17926799093017,
            34.52590522158244
          ],
          [
            -100.2320568514363,
            34.54773737259756
          ],
          [
            -100.28487340322914,
            34.56954679418108
          ],
          [
            -100.33771765451495,
            34.59133345587369
          ],
          [
            -100.39058961339997,
            34.613097327202745
          ],
          [
            -100.44348928789022,
            34.63483837768239
          ],
          [
            -100.49641668589105,
            34.65655657681368
          ],
          [
            -100.54937181520695,
            34.67825189408457
          ],
          [
            -100.60235468354104,
            34.69992429897012
          ],
          [
            -100.65536529849486,
            34.72157376093255
          ],
          [
            -100.70840366756796,
            34.743200249421314
          ],
          [
            -100.76146979815763,
            34.764803733873215
          ],
          [
            -100.8145636975585,
            34.786384183712514
          ],
          [
            -100.86768537296226,
            34.80794156835101
          ],
          [
            -100.9208348314572,
            34.829475857188136
          ],
          [
            -100.97401208002807,
            34.85098701961107
          ],
          [
            -101.02721712555557,
            34.87247502499481
          ],
          [
            -101.08044997481606,
            34.893939842702316
          ],
          [
            -101.13371063448129,
            34.91538144208456
          ],
          [
            -101.18699911111796,
            34.936799792480656
          ],
          [
            -101.24031541118744,
            34.958194863217976
          ],
          [
            -101.2936595410454,
            34.97956662361218
          ],
          [
            -101.34703150694153,
            35.000915042967414
          ],
          [
            -101.40043131501912,
            35.022240090576325
          ],
          [
            -101.45385897131477,
            35.04354173572023
          ],
          [
            -101.50731448175804,
            35.06481994766919
          ],
          [
            -101.56079785217109,
            35.08607469568211
          ],
          [
            -101.61430908826841,
            35.10730594900681
          ],
          [
            -101.66784819565636,
            35.12851367688023
          ],
          [
            -101.72141517983296,
            35.14969784852846
          ],
          [
            -101.77501004618745,
            35.17085843316681
          ],
          [
            -101.8286328,
            35.1919954
          ],
          [
            -101.88826162263402,
            35.1874013183128
          ],
          [
            -101.9478836818978,
            35.18277801395182
          ],
          [
            -102.00749893685283,
            35.178125495247905
          ],
          [
            -102.06710734660894,
            35.17344377058187
          ],
          [
            -102.12670887032468,
            35.16873284838442
          ],
          [
            -102.18630346720755,
            35.1639927371361
          ],
          [
            -102.2458910965143,
            35.15922344536722
          ],
          [
            -102.30547171755106,
            35.15442498165776
          ],
          [
            -102.36504528967382,
            35.14959735463738
          ],
          [
            -102.42461177228846,
            35.14474057298528
          ],
          [
            -102.48417112485122,
            35.13985464543018
          ],
          [
            -102.5437233068688,
            35.134939580750185
          ],
          [
            -102.60326827789875,
            35.129995387772844
          ],
          [
            -102.66280599754964,
            35.12502207537495
          ],
          [
            -102.72233642548134,
            35.12001965248255
          ],
          [
            -102.78185952140532,
            35.114988128070834
          ],
          [
            -102.84137524508488,
            35.10992751116412
          ],
          [
            -102.90088355633533,
            35.10483781083572
          ],
          [
            -102.96038441502441,
            35.099719036207915
          ],
          [
            -103.01987778107241,
            35.09457119645188
          ],
          [
            -103.07936361445249,
            35.08939430078759
          ],
          [
            -103.13884187519089,
            35.08418835848377
          ],
          [
            -103.19831252336724,
            35.07895337885784
          ],
          [
            -103.25777551911476,
            35.0736893712758
          ],
          [
            -103.3172308226205,
            35.0683963451522
          ],
          [
            -103.37667839412569,
            35.063074309950046
          ],
          [
            -103.43611819392588,
            35.057723275180734
          ],
          [
            -103.4955501823712,
            35.052343250403986
          ],
          [
            -103.55497431986672,
            35.046934245227746
          ],
          [
            -103.61439056687252,
            35.04149626930816
          ],
          [
            -103.67379888390407,
            35.036029332349464
          ],
          [
            -103.73319923153248,
            35.03053344410391
          ],
          [
            -103.79259157038464,
            35.0250086143717
          ],
          [
            -103.85197586114354,
            35.01945485300096
          ],
          [
            -103.91135206454852,
            35.01387216988753
          ],
          [
            -103.97072014139547,
            35.00826057497508
          ],
          [
            -104.03008005253709,
            35.00262007825487
          ],
          [
            -104.08943175888312,
            34.99695068976575
          ],
          [
            -104.14877522140063,
            34.99125241959408
          ],
          [
            -104.20811040111415,
            34.98552527787367
          ],
          [
            -104.26743725910606,
            34.979769274785625
          ],
          [
            -104.32675575651668,
            34.97398442055839
          ],
          [
            -104.3860658545446,
            34.96817072546755
          ],
          [
            -104.44536751444684,
            34.96232819983585
          ],
          [
            -104.50466069753921,
            34.95645685403308
          ],
          [
            -104.56394536519636,
            34.95055669847595
          ],
          [
            -104.6232214788522,
            34.94462774362811
          ],
          [
            -104.682489,
            34.93867000000001
          ],
          [
            -104.70841882556479,
            34.95440439198008
          ],
          [
            -104.73435860644874,
            34.970133271481906
          ],
          [
            -104.76030834880443,
            34.98585663316426
          ],
          [
            -104.78626805878123,
            35.001574471682076
          ],
          [
            -104.81223774252545,
            35.017286781686316
          ],
          [
            -104.83821740618015,
            35.03299355782409
          ],
          [
            -104.86420705588526,
            35.048694794738644
          ],
          [
            -104.89020669777746,
            35.06439048706927
          ],
          [
            -104.91621633799025,
            35.08008062945142
          ],
          [
            -104.94223598265388,
            35.095765216516625
          ],
          [
            -104.96826563789533,
            35.111444242892524
          ],
          [
            -104.99430530983827,
            35.12711770320286
          ],
          [
            -105.02035500460312,
            35.14278559206749
          ],
          [
            -105.04641472830697,
            35.15844790410235
          ],
          [
            -105.07248448706356,
            35.174104633919534
          ],
          [
            -105.09856428698325,
            35.189755776127164
          ],
          [
            -105.1246541341731,
            35.20540132532953
          ],
          [
            -105.15075403473669,
            35.22104127612698
          ],
          [
            -105.17686399477425,
            35.23667562311601
          ],
          [
            -105.20298402038252,
            35.25230436088917
          ],
          [
            -105.22911411765483,
            35.26792748403512
          ],
          [
            -105.25525429268102,
            35.28354498713867
          ],
          [
            -105.28140455154744,
            35.29915686478065
          ],
          [
            -105.30756490033691,
            35.314763111538056
          ],
          [
            -105.33373534512877,
            35.33036372198396
          ],
          [
            -105.35991589199874,
            35.34595869068751
          ],
          [
            -105.38610654701904,
            35.361548012214016
          ],
          [
            -105.41230731625822,
            35.37713168112482
          ],
          [
            -105.43851820578129,
            35.3927096919774
          ],
          [
            -105.4647392216496,
            35.40828203932532
          ],
          [
            -105.49097036992084,
            35.42384871771826
          ],
          [
            -105.51721165664905,
            35.439409721701956
          ],
          [
            -105.54346308788458,
            35.45496504581829
          ],
          [
            -105.56972466967403,
            35.4705146846052
          ],
          [
            -105.59599640806033,
            35.486058632596766
          ],
          [
            -105.62227830908262,
            35.50159688432311
          ],
          [
            -105.64857037877627,
            35.517129434310505
          ],
          [
            -105.67487262317289,
            35.53265627708128
          ],
          [
            -105.70118504830023,
            35.548177407153894
          ],
          [
            -105.72750766018227,
            35.56369281904287
          ],
          [
            -105.75384046483907,
            35.579202507258834
          ],
          [
            -105.78018346828688,
            35.594706466308544
          ],
          [
            -105.806536676538,
            35.61020469069481
          ],
          [
            -105.83290009560086,
            35.62569717491653
          ],
          [
            -105.85927373147996,
            35.641183913468765
          ],
          [
            -105.88565759017582,
            35.65666490084259
          ],
          [
            -105.91205167768497,
            35.672140131525246
          ],
          [
            -105.938456,
            35.687609599999995
          ],
          [
            -105.938456,
            35.6876096
          ],
          [
            -105.8920562115197,
            35.67728062070244
          ],
          [
            -105.84566844307756,
            35.66693384414897
          ],
          [
            -105.79929270765102,
            35.656569281734406
          ],
          [
            -105.7529290181701,
            35.64618694486487
          ],
          [
            -105.70657738751737,
            35.63578684495778
          ],
          [
            -105.66023782852807,
            35.62536899344181
          ],
          [
            -105.61391035398998,
            35.61493340175685
          ],
          [
            -105.5675949766435,
            35.60448008135391
          ],
          [
            -105.5212917091817,
            35.594009043695124
          ],
          [
            -105.47500056425017,
            35.5835203002537
          ],
          [
            -105.42872155444721,
            35.57301386251383
          ],
          [
            -105.3824546923237,
            35.56248974197069
          ],
          [
            -105.33619999038321,
            35.55194795013036
          ],
          [
            -105.2899574610819,
            35.541388498509825
          ],
          [
            -105.24372711682864,
            35.53081139863684
          ],
          [
            -105.19750896998494,
            35.520216662050004
          ],
          [
            -105.15130303286499,
            35.509604300298605
          ],
          [
            -105.10510931773563,
            35.49897432494262
          ],
          [
            -105.05892783681647,
            35.48832674755269
          ],
          [
            -105.01275860227975,
            35.47766157971002
          ],
          [
            -104.96660162625044,
            35.46697883300638
          ],
          [
            -104.92045692080623,
            35.45627851904402
          ],
          [
            -104.87432449797758,
            35.44556064943566
          ],
          [
            -104.82820436974765,
            35.434825235804446
          ],
          [
            -104.78209654805238,
            35.42407228978383
          ],
          [
            -104.73600104478047,
            35.41330182301762
          ],
          [
            -104.68991787177339,
            35.40251384715988
          ],
          [
            -104.64384704082539,
            35.3917083738749
          ],
          [
            -104.59778856368358,
            35.380885414837124
          ],
          [
            -104.55174245204783,
            35.37004498173117
          ],
          [
            -104.50570871757088,
            35.35918708625168
          ],
          [
            -104.45968737185828,
            35.34831174010337
          ],
          [
            -104.41367842646844,
            35.337418955000956
          ],
          [
            -104.36768189291267,
            35.326508742669056
          ],
          [
            -104.32169778265516,
            35.315581114842225
          ],
          [
            -104.27572610711297,
            35.30463608326485
          ],
          [
            -104.22976687765612,
            35.29367365969112
          ],
          [
            -104.18382010560754,
            35.28269385588502
          ],
          [
            -104.13788580224309,
            35.271696683620185
          ],
          [
            -104.09196397879164,
            35.26068215467999
          ],
          [
            -104.04605464643498,
            35.24965028085738
          ],
          [
            -104.00015781630798,
            35.2386010739549
          ],
          [
            -103.95427349949841,
            35.227534545784614
          ],
          [
            -103.90840170704719,
            35.216450708168075
          ],
          [
            -103.86254244994821,
            35.20534957293629
          ],
          [
            -103.81669573914846,
            35.194231151929635
          ],
          [
            -103.77086158554799,
            35.18309545699787
          ],
          [
            -103.72504,
            35.1719425
          ],
          [
            -103.68554330639431,
            35.17266171146741
          ],
          [
            -103.64604592024114,
            35.17336810240193
          ],
          [
            -103.60654785396741,
            35.1740616722451
          ],
          [
            -103.56704912000217,
            35.17474242044857
          ],
          [
            -103.52754973077654,
            35.17541034647406
          ],
          [
            -103.48804969872377,
            35.17606544979345
          ],
          [
            -103.4485490362791,
            35.17670772988872
          ],
          [
            -103.4090477558798,
            35.17733718625196
          ],
          [
            -103.36954586996505,
            35.1779538183854
          ],
          [
            -103.33004339097597,
            35.17855762580136
          ],
          [
            -103.29054033135556,
            35.179148608022295
          ],
          [
            -103.25103670354864,
            35.17972676458079
          ],
          [
            -103.21153252000182,
            35.180292095019574
          ],
          [
            -103.17202779316352,
            35.18084459889146
          ],
          [
            -103.13252253548383,
            35.18138427575941
          ],
          [
            -103.09301675941451,
            35.18191112519653
          ],
          [
            -103.05351047740898,
            35.18242514678603
          ],
          [
            -103.01400370192226,
            35.18292634012129
          ],
          [
            -102.97449644541095,
            35.18341470480579
          ],
          [
            -102.93498872033314,
            35.183890240453145
          ],
          [
            -102.89548053914841,
            35.184352946687156
          ],
          [
            -102.85597191431779,
            35.18480282314169
          ],
          [
            -102.81646285830371,
            35.185239869460815
          ],
          [
            -102.77695338356996,
            35.18566408529871
          ],
          [
            -102.73744350258168,
            35.18607547031971
          ],
          [
            -102.69793322780527,
            35.18647402419827
          ],
          [
            -102.65842257170836,
            35.186859746619014
          ],
          [
            -102.61891154675983,
            35.1872326372767
          ],
          [
            -102.5794001654297,
            35.18759269587625
          ],
          [
            -102.53988844018912,
            35.187939922132706
          ],
          [
            -102.50037638351034,
            35.18827431577127
          ],
          [
            -102.46086400786666,
            35.1885958765273
          ],
          [
            -102.42135132573236,
            35.1889046041463
          ],
          [
            -102.38183834958272,
            35.189200498383926
          ],
          [
            -102.34232509189395,
            35.189483559005986
          ],
          [
            -102.30281156514313,
            35.18975378578843
          ],
          [
            -102.2632977818082,
            35.190011178517395
          ],
          [
            -102.22378375436796,
            35.19025573698912
          ],
          [
            -102.18426949530189,
            35.190487461010065
          ],
          [
            -102.14475501709028,
            35.19070635039678
          ],
          [
            -102.10524033221407,
            35.190912404976
          ],
          [
            -102.06572545315488,
            35.19110562458464
          ],
          [
            -102.02621039239496,
            35.19128600906973
          ],
          [
            -101.98669516241708,
            35.1914535582885
          ],
          [
            -101.94717977570457,
            35.1916082721083
          ],
          [
            -101.9076642447413,
            35.19175015040667
          ],
          [
            -101.86814858201154,
            35.19187919307129
          ],
          [
            -101.8286328,
            35.1919954
          ],
          [
            -101.77501004618745,
            35.17085843316681
          ],
          [
            -101.72141517983296,
            35.14969784852846
          ],
          [
            -101.66784819565636,
            35.12851367688023
          ],
          [
            -101.6143090882684,
            35.10730594900681
          ],
          [
            -101.56079785217109,
            35.0860746956821
          ],
          [
            -101.50731448175804,
            35.06481994766919
          ],
          [
            -101.45385897131477,
            35.04354173572023
          ],
          [
            -101.40043131501912,
            35.022240090576325
          ],
          [
            -101.34703150694153,
            35.000915042967414
          ],
          [
            -101.2936595410454,
            34.97956662361218
          ],
          [
            -101.24031541118744,
            34.95819486321797
          ],
          [
            -101.18699911111796,
            34.936799792480656
          ],
          [
            -101.13371063448129,
            34.91538144208455
          ],
          [
            -101.08044997481606,
            34.893939842702316
          ],
          [
            -101.02721712555557,
            34.87247502499481
          ],
          [
            -100.97401208002807,
            34.85098701961106
          ],
          [
            -100.9208348314572,
            34.829475857188136
          ],
          [
            -100.86768537296226,
            34.80794156835101
          ],
          [
            -100.81456369755851,
            34.786384183712514
          ],
          [
            -100.76146979815762,
            34.764803733873215
          ],
          [
            -100.70840366756796,
            34.743200249421314
          ],
          [
            -100.65536529849486,
            34.72157376093256
          ],
          [
            -100.60235468354104,
            34.69992429897012
          ],
          [
            -100.54937181520695,
            34.67825189408457
          ],
          [
            -100.49641668589105,
            34.65655657681368
          ],
          [
            -100.44348928789022,
            34.63483837768239
          ],
          [
            -100.39058961339997,
            34.613097327202745
          ],
          [
            -100.33771765451495,
            34.59133345587369
          ],
          [
            -100.28487340322914,
            34.56954679418108
          ],
          [
            -100.2320568514363,
            34.54773737259756
          ],
          [
            -100.17926799093017,
            34.525905221582434
          ],
          [
            -100.12650681340497,
            34.50405037158162
          ],
          [
            -100.07377331045559,
            34.482172853027514
          ],
          [
            -100.02106747357806,
            34.46027269633895
          ],
          [
            -99.96838929416973,
            34.438349931921046
          ],
          [
            -99.91573876352975,
            34.416404590165186
          ],
          [
            -99.8631158728593,
            34.39443670144887
          ],
          [
            -99.81052061326203,
            34.372446296135635
          ],
          [
            -99.75795297574429,
            34.35043340457499
          ],
          [
            -99.7054129512155,
            34.32839805710232
          ],
          [
            -99.65290053048851,
            34.306340284038775
          ],
          [
            -99.60041570427992,
            34.2842601156912
          ],
          [
            -99.54795846321042,
            34.26215758235205
          ],
          [
            -99.49552879780508,
            34.24003271429931
          ],
          [
            -99.4431266984937,
            34.21788554179637
          ],
          [
            -99.39075215561124,
            34.19571609509196
          ],
          [
            -99.33840515939798,
            34.173524404420114
          ],
          [
            -99.2860857,
            34.1513105
          ]
        ]
      }
    },
    {
      "type": "Feature",
      "properties": {
        "trip_id": "trip_010_2024-10-12_Vernon_to_Vernon",
        "location": "Vernon, TX",
        "datetime": "2024-10-12 15:34:24+00:00",
        "kwh": 51.47
      },
      "geometry": {
        "type": "Point",
        "coordinates": [
          -99.2860857,
          34.1513105
        ]
      }
    },
    {
      "type": "Feature",
      "properties": {
        "trip_id": "trip_010_2024-10-12_Vernon_to_Vernon",
        "location": "Amarillo, TX - East Interstate 40",
        "datetime": "2024-10-12 18:49:58+00:00",
        "kwh": 60.431
      },
      "geometry": {
        "type": "Point",
        "coordinates": [
          -101.8286328,
          35.1919954
        ]
      }
    },
    {
      "type": "Feature",
      "properties": {
        "trip_id": "trip_010_2024-10-12_Vernon_to_Vernon",
        "location": "Santa Rosa, NM",
        "datetime": "2024-10-12 21:44:03+00:00",
        "kwh": 49.103
      },
      "geometry": {
        "type": "Point",
        "coordinates": [
          -104.682489,
          34.93867
        ]
      }
    },
    {
      "type": "Feature",
      "properties": {
        "trip_id": "trip_010_2024-10-12_Vernon_to_Vernon",
        "location": "Santa Fe, NM",
        "datetime": "2024-10-12 23:49:18+00:00",
        "kwh": 107.13
      },
      "geometry": {
        "type": "Point",
        "coordinates": [
          -105.938456,
          35.6876096
        ]
      }
    },
    {
      "type": "Feature",
      "properties": {
        "trip_id": "trip_010_2024-10-12_Vernon_to_Vernon",
        "location": "Santa Fe, NM",
        "datetime": "2024-10-14 20:11:21+00:00",
        "kwh": 44.449
      },
      "geometry": {
        "type": "Point",
        "coordinates": [
          -105.938456,
          35.6876096
        ]
      }
    },
    {
      "type": "Feature",
      "properties": {
        "trip_id": "trip_010_2024-10-12_Vernon_to_Vernon",
        "location": "Tucumcari, NM",
        "datetime": "2024-10-14 22:55:38+00:00",
        "kwh": 47.852
      },
      "geometry": {
        "type": "Point",
        "coordinates": [
          -103.72504,
          35.1719425
        ]
      }
    },
    {
      "type": "Feature",
      "properties": {
        "trip_id": "trip_010_2024-10-12_Vernon_to_Vernon",
        "location": "Amarillo, TX - East Interstate 40",
        "datetime": "2024-10-15 00:59:10+00:00",
        "kwh": 52.232
      },
      "geometry": {
        "type": "Point",
        "coordinates": [
          -101.8286328,
          35.1919954
        ]
      }
    },
    {
      "type": "Feature",
      "properties": {
        "trip_id": "trip_010_2024-10-12_Vernon_to_Vernon",
        "location": "Vernon, TX",
        "datetime": "2024-10-15 04:02:58+00:00",
        "kwh": 65.121
      },
      "geometry": {
        "type": "Point",
        "coordinates": [
          -99.2860857,
          34.1513105
        ]
      }
    },
    {
      "type": "Feature",
      "properties": {
        "trip_id": "trip_011_2024-11-19_Henrietta_to_Kirkland",
        "name": "Nov 2024 \u2014 Henrietta \u2192 Kirkland",
        "color": "#00CED1"
      },
      "geometry": {
        "type": "LineString",
        "coordinates": [
          [
            -98.194682,
            33.8166258
          ],
          [
            -98.23625835030585,
            33.83160489622343
          ],
          [
            -98.27784926672975,
            33.84657003461536
          ],
          [
            -98.31945474900661,
            33.861521202399665
          ],
          [
            -98.36107479683488,
            33.8764583867994
          ],
          [
            -98.4027094098765,
            33.891381575036846
          ],
          [
            -98.44435858775671,
            33.90629075433351
          ],
          [
            -98.48602233006422,
            33.92118591191016
          ],
          [
            -98.52770063635089,
            33.93606703498687
          ],
          [
            -98.56939350613183,
            33.95093411078302
          ],
          [
            -98.61110093888529,
            33.96578712651734
          ],
          [
            -98.65282293405252,
            33.98062606940798
          ],
          [
            -98.69455949103784,
            33.99545092667246
          ],
          [
            -98.73631060920843,
            34.01026168552777
          ],
          [
            -98.77807628789438,
            34.025058333190366
          ],
          [
            -98.81985652638855,
            34.03984085687619
          ],
          [
            -98.86165132394649,
            34.05460924380075
          ],
          [
            -98.90346067978648,
            34.069363481179074
          ],
          [
            -98.94528459308933,
            34.08410355622582
          ],
          [
            -98.9871230629984,
            34.098829456155265
          ],
          [
            -99.0289760886195,
            34.11354116818132
          ],
          [
            -99.07084366902086,
            34.128238679517594
          ],
          [
            -99.11272580323296,
            34.142921977377405
          ],
          [
            -99.15462249024863,
            34.157591048973835
          ],
          [
            -99.1965337290228,
            34.172245881519714
          ],
          [
            -99.23845951847258,
            34.18688646222771
          ],
          [
            -99.28039985747712,
            34.2015127783103
          ],
          [
            -99.32235474487759,
            34.216124816979864
          ],
          [
            -99.36432417947701,
            34.230722565448644
          ],
          [
            -99.40630816004033,
            34.245306010928836
          ],
          [
            -99.44830668529424,
            34.25987514063261
          ],
          [
            -99.49031975392722,
            34.274429941772105
          ],
          [
            -99.53234736458934,
            34.2889704015595
          ],
          [
            -99.5743895158923,
            34.303496507207036
          ],
          [
            -99.61644620640934,
            34.31800824592702
          ],
          [
            -99.6585174346751,
            34.33250560493191
          ],
          [
            -99.7006031991857,
            34.34698857143429
          ],
          [
            -99.74270349839853,
            34.361457132646954
          ],
          [
            -99.78481833073224,
            34.37591127578288
          ],
          [
            -99.82694769456673,
            34.39035098805533
          ],
          [
            -99.86909158824301,
            34.40477625667782
          ],
          [
            -99.91125001006311,
            34.41918706886419
          ],
          [
            -99.95342295829016,
            34.43358341182861
          ],
          [
            -99.99561043114812,
            34.447965272785645
          ],
          [
            -100.03781242682193,
            34.46233263895026
          ],
          [
            -100.08002894345725,
            34.476685497537865
          ],
          [
            -100.12225997916052,
            34.49102383576434
          ],
          [
            -100.16450553199886,
            34.505347640846075
          ],
          [
            -100.2067656,
            34.5196569
          ],
          [
            -100.24028450720425,
            34.533882118589226
          ],
          [
            -100.27381486623729,
            34.54809817657682
          ],
          [
            -100.30735667971217,
            34.56230506596373
          ],
          [
            -100.34090995022592,
            34.5765027787483
          ],
          [
            -100.37447468035928,
            34.590691306926374
          ],
          [
            -100.40805087267681,
            34.604870642491214
          ],
          [
            -100.44163852972683,
            34.61904077743359
          ],
          [
            -100.47523765404134,
            34.633201703741705
          ],
          [
            -100.50884824813603,
            34.64735341340128
          ],
          [
            -100.5424703145102,
            34.66149589839552
          ],
          [
            -100.57610385564676,
            34.67562915070514
          ],
          [
            -100.60974887401218,
            34.68975316230837
          ],
          [
            -100.64340537205643,
            34.70386792518097
          ],
          [
            -100.67707335221303,
            34.71797343129622
          ],
          [
            -100.71075281689886,
            34.73206967262496
          ],
          [
            -100.74444376851424,
            34.74615664113558
          ],
          [
            -100.77814620944292,
            34.76023432879403
          ],
          [
            -100.8118601420519,
            34.77430272756383
          ],
          [
            -100.84558556869155,
            34.788361829406085
          ],
          [
            -100.87932249169545,
            34.802411626279515
          ],
          [
            -100.91307091338042,
            34.8164521101404
          ],
          [
            -100.94683083604653,
            34.830483272942686
          ],
          [
            -100.98060226197691,
            34.8445051066379
          ],
          [
            -101.01438519343783,
            34.8585176031752
          ],
          [
            -101.0481796326787,
            34.872520754501416
          ],
          [
            -101.08198558193187,
            34.88651455256103
          ],
          [
            -101.11580304341277,
            34.900498989296146
          ],
          [
            -101.14963201931975,
            34.9144740566466
          ],
          [
            -101.18347251183414,
            34.92843974654985
          ],
          [
            -101.21732452312008,
            34.94239605094108
          ],
          [
            -101.25118805532465,
            34.9563429617532
          ],
          [
            -101.28506311057768,
            34.97028047091678
          ],
          [
            -101.31894969099184,
            34.984208570360146
          ],
          [
            -101.35284779866247,
            34.99812725200937
          ],
          [
            -101.38675743566768,
            35.01203650778823
          ],
          [
            -101.4206786040682,
            35.0259363296183
          ],
          [
            -101.45461130590743,
            35.0398267094189
          ],
          [
            -101.48855554321133,
            35.05370763910711
          ],
          [
            -101.52251131798843,
            35.06757911059782
          ],
          [
            -101.55647863222978,
            35.08144111580371
          ],
          [
            -101.59045748790889,
            35.095293646635255
          ],
          [
            -101.62444788698176,
            35.109136695000785
          ],
          [
            -101.65844983138672,
            35.12297025280642
          ],
          [
            -101.69246332304454,
            35.13679431195611
          ],
          [
            -101.7264883638583,
            35.15060886435171
          ],
          [
            -101.76052495571334,
            35.164413901892864
          ],
          [
            -101.7945731004773,
            35.17820941647716
          ],
          [
            -101.8286328,
            35.1919954
          ],
          [
            -101.86814858201154,
            35.19187919307129
          ],
          [
            -101.9076642447413,
            35.19175015040667
          ],
          [
            -101.94717977570457,
            35.1916082721083
          ],
          [
            -101.98669516241708,
            35.1914535582885
          ],
          [
            -102.02621039239496,
            35.191286009069735
          ],
          [
            -102.06572545315488,
            35.19110562458464
          ],
          [
            -102.10524033221408,
            35.190912404976004
          ],
          [
            -102.14475501709028,
            35.19070635039677
          ],
          [
            -102.18426949530189,
            35.190487461010065
          ],
          [
            -102.22378375436796,
            35.190255736989116
          ],
          [
            -102.2632977818082,
            35.190011178517395
          ],
          [
            -102.30281156514313,
            35.18975378578843
          ],
          [
            -102.34232509189395,
            35.189483559005986
          ],
          [
            -102.38183834958272,
            35.18920049838392
          ],
          [
            -102.42135132573236,
            35.1889046041463
          ],
          [
            -102.46086400786666,
            35.18859587652731
          ],
          [
            -102.50037638351034,
            35.18827431577127
          ],
          [
            -102.53988844018912,
            35.187939922132706
          ],
          [
            -102.5794001654297,
            35.18759269587625
          ],
          [
            -102.61891154675983,
            35.18723263727671
          ],
          [
            -102.65842257170836,
            35.186859746619014
          ],
          [
            -102.69793322780527,
            35.18647402419827
          ],
          [
            -102.73744350258168,
            35.18607547031971
          ],
          [
            -102.77695338356996,
            35.18566408529871
          ],
          [
            -102.81646285830371,
            35.185239869460815
          ],
          [
            -102.85597191431779,
            35.18480282314168
          ],
          [
            -102.89548053914841,
            35.184352946687156
          ],
          [
            -102.93498872033314,
            35.18389024045315
          ],
          [
            -102.97449644541095,
            35.18341470480579
          ],
          [
            -103.01400370192226,
            35.18292634012129
          ],
          [
            -103.05351047740898,
            35.18242514678604
          ],
          [
            -103.09301675941451,
            35.18191112519652
          ],
          [
            -103.13252253548383,
            35.18138427575941
          ],
          [
            -103.17202779316352,
            35.18084459889146
          ],
          [
            -103.21153252000182,
            35.18029209501957
          ],
          [
            -103.25103670354864,
            35.17972676458079
          ],
          [
            -103.29054033135556,
            35.17914860802229
          ],
          [
            -103.33004339097597,
            35.17855762580136
          ],
          [
            -103.36954586996505,
            35.1779538183854
          ],
          [
            -103.4090477558798,
            35.17733718625196
          ],
          [
            -103.4485490362791,
            35.17670772988871
          ],
          [
            -103.48804969872377,
            35.17606544979345
          ],
          [
            -103.52754973077654,
            35.17541034647405
          ],
          [
            -103.56704912000217,
            35.17474242044857
          ],
          [
            -103.60654785396741,
            35.1740616722451
          ],
          [
            -103.64604592024115,
            35.17336810240194
          ],
          [
            -103.68554330639431,
            35.17266171146741
          ],
          [
            -103.72504,
            35.1719425
          ],
          [
            -103.78426957657375,
            35.17279012883912
          ],
          [
            -103.84350036714504,
            35.17360892640289
          ],
          [
            -103.90273232976465,
            35.17439889123555
          ],
          [
            -103.96196542247495,
            35.17516002193251
          ],
          [
            -104.02119960331036,
            35.175892317140374
          ],
          [
            -104.08043483029749,
            35.17659577555696
          ],
          [
            -104.13967106145556,
            35.17727039593133
          ],
          [
            -104.19890825479662,
            35.177916177063715
          ],
          [
            -104.25814636832588,
            35.17853311780562
          ],
          [
            -104.31738536004201,
            35.17912121705978
          ],
          [
            -104.37662518793745,
            35.179680473780195
          ],
          [
            -104.43586580999867,
            35.1802108869721
          ],
          [
            -104.49510718420649,
            35.18071245569203
          ],
          [
            -104.5543492685364,
            35.18118517904778
          ],
          [
            -104.61359202095882,
            35.18162905619844
          ],
          [
            -104.67283539943942,
            35.18204408635435
          ],
          [
            -104.73207936193941,
            35.182430268777196
          ],
          [
            -104.79132386641587,
            35.182787602779946
          ],
          [
            -104.85056887082199,
            35.183116087726845
          ],
          [
            -104.90981433310742,
            35.183415723033505
          ],
          [
            -104.96906021121856,
            35.18368650816681
          ],
          [
            -105.02830646309882,
            35.18392844264497
          ],
          [
            -105.08755304668898,
            35.184141526037536
          ],
          [
            -105.14679991992745,
            35.184325757965375
          ],
          [
            -105.20604704075059,
            35.18448113810069
          ],
          [
            -105.26529436709298,
            35.18460766616701
          ],
          [
            -105.32454185688772,
            35.18470534193919
          ],
          [
            -105.38378946806681,
            35.18477416524343
          ],
          [
            -105.4430371585613,
            35.184814135957296
          ],
          [
            -105.50228488630175,
            35.18482525400964
          ],
          [
            -105.56153260921843,
            35.18480751938068
          ],
          [
            -105.62078028524164,
            35.184760932101995
          ],
          [
            -105.68002787230199,
            35.18468549225645
          ],
          [
            -105.73927532833076,
            35.184581199978304
          ],
          [
            -105.79852261126017,
            35.18444805545311
          ],
          [
            -105.85776967902363,
            35.18428605891777
          ],
          [
            -105.9170164895561,
            35.18409521066056
          ],
          [
            -105.9762630007944,
            35.18387551102102
          ],
          [
            -106.03550917067744,
            35.183626960390065
          ],
          [
            -106.09475495714656,
            35.183349559209915
          ],
          [
            -106.15400031814588,
            35.183043307974145
          ],
          [
            -106.21324521162245,
            35.1827082072276
          ],
          [
            -106.27248959552676,
            35.182344257566456
          ],
          [
            -106.33173342781286,
            35.18195145963824
          ],
          [
            -106.39097666643873,
            35.18152981414175
          ],
          [
            -106.45021926936658,
            35.18107932182706
          ],
          [
            -106.50946119456316,
            35.18059998349558
          ],
          [
            -106.5687024,
            35.18009180000001
          ],
          [
            -107.8908919,
            35.1697175
          ],
          [
            -107.93829814861863,
            35.16460743609345
          ],
          [
            -107.9856984295587,
            35.15947890716342
          ],
          [
            -108.03309272319213,
            35.15433191904814
          ],
          [
            -108.08048100991748,
            35.149166477604744
          ],
          [
            -108.12786327015996,
            35.143982588709285
          ],
          [
            -108.1752394843715,
            35.13878025825674
          ],
          [
            -108.22260963303083,
            35.13355949216087
          ],
          [
            -108.26997369664359,
            35.12832029635433
          ],
          [
            -108.31733165574231,
            35.123062676788535
          ],
          [
            -108.36468349088658,
            35.117786639433675
          ],
          [
            -108.41202918266308,
            35.11249219027869
          ],
          [
            -108.45936871168563,
            35.1071793353312
          ],
          [
            -108.50670205859528,
            35.10184808061758
          ],
          [
            -108.55402920406043,
            35.096498432182784
          ],
          [
            -108.60135012877676,
            35.09113039609043
          ],
          [
            -108.64866481346749,
            35.08574397842274
          ],
          [
            -108.69597323888327,
            35.08033918528047
          ],
          [
            -108.74327538580238,
            35.07491602278297
          ],
          [
            -108.79057123503073,
            35.06947449706806
          ],
          [
            -108.83786076740195,
            35.06401461429204
          ],
          [
            -108.88514396377744,
            35.05853638062968
          ],
          [
            -108.9324208050465,
            35.05303980227417
          ],
          [
            -108.97969127212629,
            35.04752488543712
          ],
          [
            -109.02695534596202,
            35.04199163634844
          ],
          [
            -109.07421300752688,
            35.03644006125642
          ],
          [
            -109.12146423782228,
            35.030870166427675
          ],
          [
            -109.16870901787775,
            35.02528195814707
          ],
          [
            -109.21594732875108,
            35.0196754427177
          ],
          [
            -109.26317915152843,
            35.01405062646091
          ],
          [
            -109.31040446732433,
            35.00840751571622
          ],
          [
            -109.35762325728173,
            35.0027461168413
          ],
          [
            -109.40483550257214,
            34.99706643621196
          ],
          [
            -109.45204118439565,
            34.99136848022212
          ],
          [
            -109.49924028398098,
            34.985652255283746
          ],
          [
            -109.5464327825856,
            34.97991776782684
          ],
          [
            -109.59361866149574,
            34.97416502429944
          ],
          [
            -109.64079790202648,
            34.96839403116753
          ],
          [
            -109.68797048552179,
            34.96260479491506
          ],
          [
            -109.73513639335464,
            34.9567973220439
          ],
          [
            -109.78229560692702,
            34.95097161907378
          ],
          [
            -109.82944810767003,
            34.94512769254236
          ],
          [
            -109.87659387704392,
            34.939265549005015
          ],
          [
            -109.92373289653817,
            34.93338519503502
          ],
          [
            -109.97086514767153,
            34.92748663722333
          ],
          [
            -110.01799061199215,
            34.92156988217874
          ],
          [
            -110.0651092710775,
            34.91563493652763
          ],
          [
            -110.1122211065346,
            34.909681806914136
          ],
          [
            -110.1593261,
            34.9037105
          ],
          [
            -110.18983538640512,
            34.90995882269616
          ],
          [
            -110.22034931415828,
            34.916199519966334
          ],
          [
            -110.25086787937168,
            34.92243258888084
          ],
          [
            -110.28139107814954,
            34.928658026512366
          ],
          [
            -110.31191890658812,
            34.93487582993593
          ],
          [
            -110.34245136077577,
            34.941085996228885
          ],
          [
            -110.37298843679287,
            34.94728852247092
          ],
          [
            -110.40353013071187,
            34.953483405744095
          ],
          [
            -110.43407643859727,
            34.95967064313281
          ],
          [
            -110.46462735650564,
            34.96585023172385
          ],
          [
            -110.49518288048561,
            34.97202216860632
          ],
          [
            -110.52574300657785,
            34.97818645087176
          ],
          [
            -110.5563077308151,
            34.984343075614035
          ],
          [
            -110.58687704922218,
            34.990492039929414
          ],
          [
            -110.61745095781598,
            34.99663334091657
          ],
          [
            -110.6480294526054,
            35.00276697567653
          ],
          [
            -110.67861252959152,
            35.008892941312745
          ],
          [
            -110.70920018476738,
            35.01501123493108
          ],
          [
            -110.73979241411814,
            35.02112185363977
          ],
          [
            -110.77038921362106,
            35.027224794549525
          ],
          [
            -110.80099057924541,
            35.033320054773405
          ],
          [
            -110.83159650695258,
            35.039407631426954
          ],
          [
            -110.86220699269606,
            35.04548752162809
          ],
          [
            -110.89282203242138,
            35.051559722497224
          ],
          [
            -110.92344162206616,
            35.05762423115716
          ],
          [
            -110.95406575756012,
            35.06368104473318
          ],
          [
            -110.98469443482507,
            35.069730160353
          ],
          [
            -111.01532764977486,
            35.07577157514678
          ],
          [
            -111.0459653983155,
            35.08180528624719
          ],
          [
            -111.07660767634506,
            35.0878312907893
          ],
          [
            -111.10725447975366,
            35.09384958591071
          ],
          [
            -111.1379058044236,
            35.09986016875146
          ],
          [
            -111.16856164622921,
            35.10586303645409
          ],
          [
            -111.19922200103697,
            35.11185818616362
          ],
          [
            -111.2298868647054,
            35.117845615027576
          ],
          [
            -111.26055623308521,
            35.12382532019595
          ],
          [
            -111.29123010201913,
            35.12979729882128
          ],
          [
            -111.32190846734204,
            35.13576154805859
          ],
          [
            -111.35259132488093,
            35.14171806506541
          ],
          [
            -111.3832786704549,
            35.14766684700179
          ],
          [
            -111.41397049987518,
            35.15360789103033
          ],
          [
            -111.44466680894504,
            35.15954119431615
          ],
          [
            -111.47536759345999,
            35.16546675402687
          ],
          [
            -111.50607284920757,
            35.17138456733271
          ],
          [
            -111.53678257196748,
            35.17729463140638
          ],
          [
            -111.56749675751152,
            35.183196943423155
          ],
          [
            -111.59821540160368,
            35.18909150056089
          ],
          [
            -111.6289385,
            35.1949783
          ],
          [
            -111.62543780940217,
            35.23081100747993
          ],
          [
            -111.62193402511296,
            35.26664361408523
          ],
          [
            -111.61842714029382,
            35.30247611959266
          ],
          [
            -111.61491714808935,
            35.338308523778394
          ],
          [
            -111.61140404162713,
            35.374140826418056
          ],
          [
            -111.60788781401773,
            35.4099730272867
          ],
          [
            -111.60436845835471,
            35.44580512615887
          ],
          [
            -111.60084596771442,
            35.48163712280848
          ],
          [
            -111.5973203351561,
            35.517469017008935
          ],
          [
            -111.59379155372167,
            35.553300808533066
          ],
          [
            -111.59025961643583,
            35.58913249715312
          ],
          [
            -111.58672451630586,
            35.624964082640794
          ],
          [
            -111.58318624632165,
            35.6607955647672
          ],
          [
            -111.57964479945558,
            35.696626943302896
          ],
          [
            -111.57610016866256,
            35.73245821801785
          ],
          [
            -111.57255234687985,
            35.76828938868146
          ],
          [
            -111.56900132702707,
            35.80412045506254
          ],
          [
            -111.56544710200616,
            35.839951416929345
          ],
          [
            -111.56188966470121,
            35.875782274049534
          ],
          [
            -111.5583290079786,
            35.91161302619018
          ],
          [
            -111.5547651246867,
            35.94744367311777
          ],
          [
            -111.55119800765597,
            35.983274214598204
          ],
          [
            -111.54762764969891,
            36.01910465039681
          ],
          [
            -111.54405404360988,
            36.0549349802783
          ],
          [
            -111.5404771821651,
            36.090765204006814
          ],
          [
            -111.53689705812268,
            36.12659532134587
          ],
          [
            -111.53331366422236,
            36.16242533205841
          ],
          [
            -111.52972699318565,
            36.19825523590677
          ],
          [
            -111.52613703771563,
            36.23408503265271
          ],
          [
            -111.52254379049695,
            36.26991472205732
          ],
          [
            -111.51894724419577,
            36.305744303881156
          ],
          [
            -111.51534739145966,
            36.34157377788412
          ],
          [
            -111.51174422491758,
            36.377403143825546
          ],
          [
            -111.50813773717975,
            36.41323240146409
          ],
          [
            -111.50452792083772,
            36.44906155055788
          ],
          [
            -111.50091476846411,
            36.48489059086435
          ],
          [
            -111.49729827261274,
            36.52071952214037
          ],
          [
            -111.49367842581844,
            36.55654834414214
          ],
          [
            -111.49005522059704,
            36.5923770566253
          ],
          [
            -111.48642864944529,
            36.628205659344815
          ],
          [
            -111.48279870484077,
            36.66403415205505
          ],
          [
            -111.4791653792419,
            36.699862534509734
          ],
          [
            -111.47552866508778,
            36.735690806461946
          ],
          [
            -111.47188855479818,
            36.77151896766415
          ],
          [
            -111.46824504077348,
            36.807347017868196
          ],
          [
            -111.46459811539458,
            36.84317495682526
          ],
          [
            -111.46094777102283,
            36.879002784285895
          ],
          [
            -111.457294,
            36.91483050000001
          ],
          [
            -111.48150324960393,
            36.943318037104866
          ],
          [
            -111.5057306079704,
            36.9718006568827
          ],
          [
            -111.52997610427789,
            37.00027835055912
          ],
          [
            -111.55423976774887,
            37.02875110934325
          ],
          [
            -111.57852162764975,
            37.05721892442765
          ],
          [
            -111.60282171329114,
            37.08568178698835
          ],
          [
            -111.62714005402769,
            37.11413968818478
          ],
          [
            -111.65147667925832,
            37.14259261915966
          ],
          [
            -111.67583161842623,
            37.17104057103909
          ],
          [
            -111.70020490101895,
            37.19948353493246
          ],
          [
            -111.72459655656841,
            37.227921501932336
          ],
          [
            -111.74900661465107,
            37.25635446311455
          ],
          [
            -111.77343510488784,
            37.28478240953807
          ],
          [
            -111.79788205694429,
            37.313205332245005
          ],
          [
            -111.82234750053067,
            37.34162322226056
          ],
          [
            -111.8468314654019,
            37.370036070592974
          ],
          [
            -111.87133398135776,
            37.39844386823353
          ],
          [
            -111.8958550782429,
            37.42684660615645
          ],
          [
            -111.92039478594681,
            37.455244275318925
          ],
          [
            -111.94495313440409,
            37.48363686666103
          ],
          [
            -111.9695301535943,
            37.51202437110572
          ],
          [
            -111.99412587354217,
            37.54040677955874
          ],
          [
            -112.01874032431762,
            37.56878408290864
          ],
          [
            -112.04337353603579,
            37.59715627202674
          ],
          [
            -112.06802553885717,
            37.625523337767
          ],
          [
            -112.09269636298762,
            37.65388527096611
          ],
          [
            -112.1173860386784,
            37.68224206244336
          ],
          [
            -112.14209459622636,
            37.71059370300063
          ],
          [
            -112.16682206597385,
            37.73894018342235
          ],
          [
            -112.19156847830892,
            37.76728149447549
          ],
          [
            -112.2163338636653,
            37.795617626909426
          ],
          [
            -112.24111825252244,
            37.82394857145602
          ],
          [
            -112.26592167540569,
            37.85227431882953
          ],
          [
            -112.29074416288628,
            37.88059485972653
          ],
          [
            -112.31558574558137,
            37.90891018482592
          ],
          [
            -112.34044645415416,
            37.937220284788886
          ],
          [
            -112.36532631931398,
            37.965525150258834
          ],
          [
            -112.39022537181624,
            37.99382477186139
          ],
          [
            -112.41514364246261,
            38.022119140204275
          ],
          [
            -112.44008116210107,
            38.050408245877385
          ],
          [
            -112.46503796162585,
            38.07869207945267
          ],
          [
            -112.49001407197771,
            38.10697063148407
          ],
          [
            -112.5150095241438,
            38.13524389250758
          ],
          [
            -112.54002434915782,
            38.163511853041136
          ],
          [
            -112.5650585781001,
            38.19177450358453
          ],
          [
            -112.59011224209762,
            38.22003183461949
          ],
          [
            -112.61518537232409,
            38.24828383660954
          ],
          [
            -112.640278,
            38.27653050000001
          ],
          [
            -112.6251164854754,
            38.32830988476247
          ],
          [
            -112.60993329185202,
            38.38008731487988
          ],
          [
            -112.59472834856976,
            38.431862783916216
          ],
          [
            -112.57950158480364,
            38.48363628541081
          ],
          [
            -112.56425292946236,
            38.535407812878255
          ],
          [
            -112.5489823111871,
            38.58717735980828
          ],
          [
            -112.53368965835017,
            38.63894491966562
          ],
          [
            -112.51837489905367,
            38.69071048588988
          ],
          [
            -112.50303796112817,
            38.74247405189543
          ],
          [
            -112.48767877213145,
            38.794235611071265
          ],
          [
            -112.47229725934694,
            38.84599515678087
          ],
          [
            -112.45689334978267,
            38.89775268236212
          ],
          [
            -112.4414669701697,
            38.9495081811271
          ],
          [
            -112.42601804696079,
            39.00126164636204
          ],
          [
            -112.41054650632907,
            39.053013071327136
          ],
          [
            -112.39505227416664,
            39.104762449256434
          ],
          [
            -112.37953527608316,
            39.15650977335768
          ],
          [
            -112.36399543740448,
            39.20825503681226
          ],
          [
            -112.3484326831712,
            39.25999823277493
          ],
          [
            -112.33284693813731,
            39.31173935437385
          ],
          [
            -112.3172381267687,
            39.36347839471029
          ],
          [
            -112.30160617324178,
            39.415215346858595
          ],
          [
            -112.28595100144203,
            39.46695020386603
          ],
          [
            -112.27027253496253,
            39.518682958752585
          ],
          [
            -112.25457069710254,
            39.57041360451095
          ],
          [
            -112.238845410866,
            39.62214213410623
          ],
          [
            -112.2230965989601,
            39.67386854047594
          ],
          [
            -112.20732418379377,
            39.72559281652978
          ],
          [
            -112.19152808747619,
            39.777314955149535
          ],
          [
            -112.17570823181526,
            39.82903494918889
          ],
          [
            -112.15986453831624,
            39.880752791473334
          ],
          [
            -112.14399692818,
            39.9324684748
          ],
          [
            -112.12810532230172,
            39.98418199193749
          ],
          [
            -112.1121896412692,
            40.03589333562576
          ],
          [
            -112.09624980536142,
            40.087602498575976
          ],
          [
            -112.08028573454689,
            40.13930947347035
          ],
          [
            -112.06429734848224,
            40.191014252962
          ],
          [
            -112.04828456651046,
            40.24271682967478
          ],
          [
            -112.03224730765949,
            40.29441719620317
          ],
          [
            -112.01618549064052,
            40.34611534511209
          ],
          [
            -112.00009903384647,
            40.39781126893675
          ],
          [
            -111.98398785535034,
            40.44950496018252
          ],
          [
            -111.9678518729036,
            40.50119641132476
          ],
          [
            -111.95169100393456,
            40.55288561480865
          ],
          [
            -111.93550516554677,
            40.60457256304907
          ],
          [
            -111.91929427451736,
            40.65625724843039
          ],
          [
            -111.90305824729533,
            40.70793966330639
          ],
          [
            -111.886797,
            40.7596198
          ],
          [
            -111.8997545,
            40.7534546
          ],
          [
            -111.93814143483772,
            40.790896467486164
          ],
          [
            -111.97657167882569,
            40.82832559995804
          ],
          [
            -112.01504532336062,
            40.865741966192324
          ],
          [
            -112.05356246000817,
            40.90314553488398
          ],
          [
            -112.09212318050307,
            40.940536274646064
          ],
          [
            -112.13072757674932,
            40.97791415400945
          ],
          [
            -112.16937574082039,
            41.01527914142263
          ],
          [
            -112.2080677649592,
            41.052631205251465
          ],
          [
            -112.24680374157842,
            41.08997031377893
          ],
          [
            -112.28558376326052,
            41.127296435204876
          ],
          [
            -112.32440792275798,
            41.16460953764581
          ],
          [
            -112.36327631299336,
            41.201909589134694
          ],
          [
            -112.40218902705948,
            41.239196557620616
          ],
          [
            -112.4411461582195,
            41.27647041096861
          ],
          [
            -112.48014779990714,
            41.31373111695941
          ],
          [
            -112.5191940457267,
            41.350978643289196
          ],
          [
            -112.55828498945333,
            41.38821295756937
          ],
          [
            -112.59742072503295,
            41.42543402732631
          ],
          [
            -112.6366013465826,
            41.46264182000111
          ],
          [
            -112.67582694839037,
            41.49983630294935
          ],
          [
            -112.71509762491566,
            41.53701744344086
          ],
          [
            -112.75441347078922,
            41.57418520865944
          ],
          [
            -112.79377458081323,
            41.6113395657027
          ],
          [
            -112.83318104996154,
            41.64848048158173
          ],
          [
            -112.87263297337962,
            41.68560792322086
          ],
          [
            -112.91213044638485,
            41.72272185745746
          ],
          [
            -112.95167356446642,
            41.75982225104169
          ],
          [
            -112.99126242328559,
            41.79690907063621
          ],
          [
            -113.03089711867572,
            41.83398228281596
          ],
          [
            -113.07057774664239,
            41.871041854067904
          ],
          [
            -113.11030440336349,
            41.9080877507908
          ],
          [
            -113.15007718518928,
            41.945119939294926
          ],
          [
            -113.18989618864255,
            41.98213838580185
          ],
          [
            -113.22976151041865,
            42.01914305644417
          ],
          [
            -113.26967324738563,
            42.05613391726526
          ],
          [
            -113.30963149658419,
            42.093110934219
          ],
          [
            -113.34963635522797,
            42.1300740731696
          ],
          [
            -113.38968792070347,
            42.16702329989124
          ],
          [
            -113.42978629057014,
            42.203958580067905
          ],
          [
            -113.4699315625605,
            42.2408798792931
          ],
          [
            -113.51012383458023,
            42.27778716306957
          ],
          [
            -113.55036320470815,
            42.314680396809074
          ],
          [
            -113.59064977119635,
            42.35155954583216
          ],
          [
            -113.63098363247025,
            42.38842457536783
          ],
          [
            -113.67136488712862,
            42.42527545055336
          ],
          [
            -113.71179363394364,
            42.462112136434
          ],
          [
            -113.75226997186104,
            42.49893459796272
          ],
          [
            -113.792794,
            42.5357428
          ],
          [
            -113.8429669101359,
            42.55887337256997
          ],
          [
            -113.89317701373008,
            42.58198204084818
          ],
          [
            -113.9434243331766,
            42.60506877084494
          ],
          [
            -113.99370889075999,
            42.6281335285382
          ],
          [
            -114.04403070865477,
            42.65117627987367
          ],
          [
            -114.09438980892473,
            42.674196990764784
          ],
          [
            -114.14478621352245,
            42.697195627092945
          ],
          [
            -114.19521994428858,
            42.72017215470744
          ],
          [
            -114.24569102295132,
            42.743126539425624
          ],
          [
            -114.29619947112583,
            42.76605874703294
          ],
          [
            -114.34674531031357,
            42.78896874328305
          ],
          [
            -114.39732856190179,
            42.81185649389788
          ],
          [
            -114.44794924716281,
            42.83472196456768
          ],
          [
            -114.49860738725353,
            42.85756512095119
          ],
          [
            -114.5493030032147,
            42.88038592867563
          ],
          [
            -114.60003611597048,
            42.903184353336854
          ],
          [
            -114.65080674632766,
            42.925960360499374
          ],
          [
            -114.70161491497514,
            42.94871391569648
          ],
          [
            -114.75246064248331,
            42.97144498443036
          ],
          [
            -114.80334394930348,
            42.99415353217211
          ],
          [
            -114.85426485576711,
            43.01683952436186
          ],
          [
            -114.90522338208542,
            43.03950292640889
          ],
          [
            -114.9562195483486,
            43.06214370369165
          ],
          [
            -115.00725337452522,
            43.08476182155793
          ],
          [
            -115.05832488046174,
            43.10735724532489
          ],
          [
            -115.10943408588166,
            43.12992994027918
          ],
          [
            -115.16058101038514,
            43.15247987167701
          ],
          [
            -115.21176567344823,
            43.17500700474426
          ],
          [
            -115.26298809442223,
            43.1975113046766
          ],
          [
            -115.31424829253325,
            43.21999273663951
          ],
          [
            -115.36554628688131,
            43.242451265768445
          ],
          [
            -115.41688209643995,
            43.2648868571689
          ],
          [
            -115.46825574005544,
            43.28729947591648
          ],
          [
            -115.5196672364463,
            43.309689087057095
          ],
          [
            -115.57111660420249,
            43.332055655606936
          ],
          [
            -115.62260386178495,
            43.35439914655264
          ],
          [
            -115.67412902752481,
            43.376719524851396
          ],
          [
            -115.72569211962296,
            43.399016755431
          ],
          [
            -115.77729315614916,
            43.42129080318998
          ],
          [
            -115.8289321550416,
            43.44354163299777
          ],
          [
            -115.88060913410618,
            43.465769209694635
          ],
          [
            -115.9323241110159,
            43.48797349809198
          ],
          [
            -115.98407710331017,
            43.51015446297229
          ],
          [
            -116.03586812839421,
            43.53231206908934
          ],
          [
            -116.08769720353845,
            43.55444628116826
          ],
          [
            -116.13956434587777,
            43.576557063905625
          ],
          [
            -116.19146957241094,
            43.59864438196959
          ],
          [
            -116.24341290000001,
            43.620708199999996
          ],
          [
            -116.2759284633334,
            43.64497570132025
          ],
          [
            -116.30847030314398,
            43.6692339791609
          ],
          [
            -116.34103845295958,
            43.6934830182381
          ],
          [
            -116.37363294633101,
            43.717722803242495
          ],
          [
            -116.4062538168318,
            43.741953318839144
          ],
          [
            -116.43890109805832,
            43.766174549667554
          ],
          [
            -116.47157482362944,
            43.79038648034156
          ],
          [
            -116.50427502718665,
            43.81458909544935
          ],
          [
            -116.53700174239385,
            43.8387823795534
          ],
          [
            -116.56975500293727,
            43.86296631719044
          ],
          [
            -116.60253484252554,
            43.88714089287146
          ],
          [
            -116.63534129488927,
            43.911306091081556
          ],
          [
            -116.66817439378127,
            43.93546189628004
          ],
          [
            -116.70103417297634,
            43.95960829290033
          ],
          [
            -116.73392066627106,
            43.98374526534987
          ],
          [
            -116.76683390748396,
            44.007872798010155
          ],
          [
            -116.79977393045515,
            44.03199087523672
          ],
          [
            -116.83274076904637,
            44.05609948135902
          ],
          [
            -116.86573445714085,
            44.08019860068046
          ],
          [
            -116.89875502864331,
            44.1042882174783
          ],
          [
            -116.93180251747964,
            44.1283683160037
          ],
          [
            -116.96487695759701,
            44.15243888048158
          ],
          [
            -116.99797838296371,
            44.17649989511068
          ],
          [
            -117.03110682756899,
            44.20055134406347
          ],
          [
            -117.06426232542303,
            44.22459321148612
          ],
          [
            -117.09744491055676,
            44.24862548149846
          ],
          [
            -117.13065461702186,
            44.272648138193965
          ],
          [
            -117.16389147889058,
            44.296661165639705
          ],
          [
            -117.1971555302556,
            44.32066454787629
          ],
          [
            -117.23044680523007,
            44.34465826891786
          ],
          [
            -117.26376533794735,
            44.36864231275205
          ],
          [
            -117.29711116256098,
            44.39261666333993
          ],
          [
            -117.33048431324451,
            44.41658130461599
          ],
          [
            -117.36388482419153,
            44.44053622048807
          ],
          [
            -117.39731272961535,
            44.46448139483738
          ],
          [
            -117.43076806374908,
            44.48841681151841
          ],
          [
            -117.46425086084545,
            44.51234245435895
          ],
          [
            -117.4977611551766,
            44.536258307159954
          ],
          [
            -117.53129898103418,
            44.56016435369562
          ],
          [
            -117.564864372729,
            44.58406057771329
          ],
          [
            -117.59845736459113,
            44.60794696293341
          ],
          [
            -117.63207799096958,
            44.63182349304955
          ],
          [
            -117.66572628623231,
            44.655690151728265
          ],
          [
            -117.69940228476617,
            44.67954692260918
          ],
          [
            -117.73310602097659,
            44.70339378930484
          ],
          [
            -117.76683752928767,
            44.72723073540078
          ],
          [
            -117.80059684414185,
            44.75105774445541
          ],
          [
            -117.834384,
            44.77487479999999
          ],
          [
            -118.7885967,
            45.672075
          ],
          [
            -118.82371979025368,
            45.69172806347974
          ],
          [
            -118.85886756654264,
            45.7113703570672
          ],
          [
            -118.89404004960727,
            45.731001865798056
          ],
          [
            -118.92923726017234,
            45.75062257469007
          ],
          [
            -118.96445921894701,
            45.770232468743146
          ],
          [
            -118.99970594662457,
            45.78983153293926
          ],
          [
            -119.03497746388226,
            45.80941975224251
          ],
          [
            -119.07027379138114,
            45.82899711159909
          ],
          [
            -119.10559494976592,
            45.84856359593728
          ],
          [
            -119.14094095966482,
            45.86811919016746
          ],
          [
            -119.17631184168935,
            45.88766387918212
          ],
          [
            -119.21170761643421,
            45.9071976478558
          ],
          [
            -119.24712830447713,
            45.926720481045145
          ],
          [
            -119.28257392637853,
            45.94623236358888
          ],
          [
            -119.31804450268172,
            45.96573328030779
          ],
          [
            -119.35354005391227,
            45.98522321600479
          ],
          [
            -119.38906060057826,
            46.004702155464784
          ],
          [
            -119.42460616316983,
            46.02417008345483
          ],
          [
            -119.46017676215918,
            46.043626984724
          ],
          [
            -119.49577241800027,
            46.063072844003464
          ],
          [
            -119.53139315112877,
            46.08250764600645
          ],
          [
            -119.56703898196182,
            46.10193137542823
          ],
          [
            -119.60270993089786,
            46.121344016946175
          ],
          [
            -119.63840601831647,
            46.1407455552197
          ],
          [
            -119.67412726457823,
            46.16013597489025
          ],
          [
            -119.70987369002451,
            46.17951526058139
          ],
          [
            -119.74564531497727,
            46.19888339689867
          ],
          [
            -119.78144215973896,
            46.21824036842977
          ],
          [
            -119.81726424459231,
            46.237586159744346
          ],
          [
            -119.85311158980011,
            46.25692075539418
          ],
          [
            -119.88898421560512,
            46.27624413991307
          ],
          [
            -119.9248821422298,
            46.29555629781687
          ],
          [
            -119.96080538987628,
            46.314857213603496
          ],
          [
            -119.99675397872593,
            46.33414687175289
          ],
          [
            -120.0327279289395,
            46.3534252567271
          ],
          [
            -120.06872726065667,
            46.37269235297017
          ],
          [
            -120.10475199399605,
            46.39194814490821
          ],
          [
            -120.14080214905484,
            46.41119261694941
          ],
          [
            -120.17687774590883,
            46.43042575348397
          ],
          [
            -120.21297880461206,
            46.44964753888417
          ],
          [
            -120.24910534519677,
            46.468857957504355
          ],
          [
            -120.2852573876731,
            46.4880569936809
          ],
          [
            -120.32143495202897,
            46.50724463173223
          ],
          [
            -120.35763805822991,
            46.52642085595884
          ],
          [
            -120.39386672621886,
            46.54558565064328
          ],
          [
            -120.43012097591593,
            46.56473900005018
          ],
          [
            -120.46640082721831,
            46.583880888426165
          ],
          [
            -120.50270629999999,
            46.6030113
          ],
          [
            -120.53751805558883,
            46.62563108311063
          ],
          [
            -120.57235890890756,
            46.648240298958285
          ],
          [
            -120.60722889368185,
            46.67083893034506
          ],
          [
            -120.64212804364603,
            46.6934269600458
          ],
          [
            -120.67705639254275,
            46.716004370807944
          ],
          [
            -120.71201397412302,
            46.73857114535164
          ],
          [
            -120.74700082214589,
            46.76112726636961
          ],
          [
            -120.7820169703783,
            46.78367271652718
          ],
          [
            -120.817062452595,
            46.80620747846219
          ],
          [
            -120.85213730257824,
            46.82873153478507
          ],
          [
            -120.88724155411772,
            46.85124486807865
          ],
          [
            -120.92237524101036,
            46.87374746089832
          ],
          [
            -120.9575383970601,
            46.89623929577184
          ],
          [
            -120.9927310560778,
            46.918720355199405
          ],
          [
            -121.02795325188097,
            46.94119062165357
          ],
          [
            -121.06320501829366,
            46.96365007757926
          ],
          [
            -121.09848638914622,
            46.98609870539369
          ],
          [
            -121.13379739827526,
            47.00853648748639
          ],
          [
            -121.16913807952322,
            47.03096340621914
          ],
          [
            -121.20450846673849,
            47.05337944392598
          ],
          [
            -121.23990859377491,
            47.07578458291311
          ],
          [
            -121.27533849449188,
            47.09817880545892
          ],
          [
            -121.31079820275396,
            47.12056209381399
          ],
          [
            -121.34628775243083,
            47.142934430200974
          ],
          [
            -121.38180717739691,
            47.165295796814625
          ],
          [
            -121.41735651153147,
            47.18764617582179
          ],
          [
            -121.4529357887181,
            47.20998554936133
          ],
          [
            -121.48854504284482,
            47.232313899544096
          ],
          [
            -121.52418430780368,
            47.254631208452956
          ],
          [
            -121.55985361749065,
            47.27693745814272
          ],
          [
            -121.59555300580544,
            47.29923263064011
          ],
          [
            -121.63128250665126,
            47.32151670794378
          ],
          [
            -121.66704215393467,
            47.34378967202421
          ],
          [
            -121.70283198156528,
            47.366051504823766
          ],
          [
            -121.7386520234558,
            47.388302188256596
          ],
          [
            -121.7745023135215,
            47.410541704208676
          ],
          [
            -121.81038288568024,
            47.43277003453771
          ],
          [
            -121.84629377385224,
            47.45498716107317
          ],
          [
            -121.88223501195978,
            47.477193065616206
          ],
          [
            -121.91820663392717,
            47.499387729939684
          ],
          [
            -121.95420867368033,
            47.5215711357881
          ],
          [
            -121.99024116514674,
            47.54374326487761
          ],
          [
            -122.02630414225514,
            47.56590409889593
          ],
          [
            -122.0623976389355,
            47.588053619502396
          ],
          [
            -122.09852168911848,
            47.6101918083279
          ],
          [
            -122.13467632673562,
            47.63231864697482
          ],
          [
            -122.17086158571871,
            47.654434117017054
          ],
          [
            -122.20707749999998,
            47.6765382
          ]
        ]
      }
    },
    {
      "type": "Feature",
      "properties": {
        "trip_id": "trip_011_2024-11-19_Henrietta_to_Kirkland",
        "location": "Henrietta, TX",
        "datetime": "2024-11-19 19:43:54+00:00",
        "kwh": 30.016
      },
      "geometry": {
        "type": "Point",
        "coordinates": [
          -98.194682,
          33.8166258
        ]
      }
    },
    {
      "type": "Feature",
      "properties": {
        "trip_id": "trip_011_2024-11-19_Henrietta_to_Kirkland",
        "location": "Childress, TX",
        "datetime": "2024-11-19 21:56:12+00:00",
        "kwh": 52.292
      },
      "geometry": {
        "type": "Point",
        "coordinates": [
          -100.2067656,
          34.5196569
        ]
      }
    },
    {
      "type": "Feature",
      "properties": {
        "trip_id": "trip_011_2024-11-19_Henrietta_to_Kirkland",
        "location": "Amarillo, TX - East Interstate 40",
        "datetime": "2024-11-20 00:03:55+00:00",
        "kwh": 41.462
      },
      "geometry": {
        "type": "Point",
        "coordinates": [
          -101.8286328,
          35.1919954
        ]
      }
    },
    {
      "type": "Feature",
      "properties": {
        "trip_id": "trip_011_2024-11-19_Henrietta_to_Kirkland",
        "location": "Tucumcari, NM",
        "datetime": "2024-11-20 02:02:49+00:00",
        "kwh": 53.498
      },
      "geometry": {
        "type": "Point",
        "coordinates": [
          -103.72504,
          35.1719425
        ]
      }
    },
    {
      "type": "Feature",
      "properties": {
        "trip_id": "trip_011_2024-11-19_Henrietta_to_Kirkland",
        "location": "Albuquerque, NM - Louisiana Boulevard Northeast",
        "datetime": "2024-11-20 05:04:53+00:00",
        "kwh": 58.621
      },
      "geometry": {
        "type": "Point",
        "coordinates": [
          -106.5687024,
          35.1800918
        ]
      }
    },
    {
      "type": "Feature",
      "properties": {
        "trip_id": "trip_011_2024-11-19_Henrietta_to_Kirkland",
        "location": "Milan, NM",
        "datetime": "2024-11-20 17:20:21+00:00",
        "kwh": 39.18
      },
      "geometry": {
        "type": "Point",
        "coordinates": [
          -107.8908919,
          35.1697175
        ]
      }
    },
    {
      "type": "Feature",
      "properties": {
        "trip_id": "trip_011_2024-11-19_Henrietta_to_Kirkland",
        "location": "Holbrook, AZ",
        "datetime": "2024-11-20 20:04:20+00:00",
        "kwh": 56.229
      },
      "geometry": {
        "type": "Point",
        "coordinates": [
          -110.1593261,
          34.9037105
        ]
      }
    },
    {
      "type": "Feature",
      "properties": {
        "trip_id": "trip_011_2024-11-19_Henrietta_to_Kirkland",
        "location": "Flagstaff, AZ - US-89",
        "datetime": "2024-11-20 22:22:28+00:00",
        "kwh": 29.86
      },
      "geometry": {
        "type": "Point",
        "coordinates": [
          -111.6289385,
          35.1949783
        ]
      }
    },
    {
      "type": "Feature",
      "properties": {
        "trip_id": "trip_011_2024-11-19_Henrietta_to_Kirkland",
        "location": "Page, AZ",
        "datetime": "2024-11-21 01:05:02+00:00",
        "kwh": 33.478
      },
      "geometry": {
        "type": "Point",
        "coordinates": [
          -111.457294,
          36.9148305
        ]
      }
    },
    {
      "type": "Feature",
      "properties": {
        "trip_id": "trip_011_2024-11-19_Henrietta_to_Kirkland",
        "location": "Beaver, UT - 525 W",
        "datetime": "2024-11-21 23:07:04+00:00",
        "kwh": 66.043
      },
      "geometry": {
        "type": "Point",
        "coordinates": [
          -112.640278,
          38.2765305
        ]
      }
    },
    {
      "type": "Feature",
      "properties": {
        "trip_id": "trip_011_2024-11-19_Henrietta_to_Kirkland",
        "location": "Salt Lake City, UT",
        "datetime": "2024-11-22 03:03:49+00:00",
        "kwh": 1.069
      },
      "geometry": {
        "type": "Point",
        "coordinates": [
          -111.886797,
          40.7596198
        ]
      }
    },
    {
      "type": "Feature",
      "properties": {
        "trip_id": "trip_011_2024-11-19_Henrietta_to_Kirkland",
        "location": "Salt Lake City, UT - S 300 W",
        "datetime": "2024-11-22 03:09:46+00:00",
        "kwh": 51.898
      },
      "geometry": {
        "type": "Point",
        "coordinates": [
          -111.8997545,
          40.7534546
        ]
      }
    },
    {
      "type": "Feature",
      "properties": {
        "trip_id": "trip_011_2024-11-19_Henrietta_to_Kirkland",
        "location": "Burley, ID",
        "datetime": "2024-11-22 19:14:31+00:00",
        "kwh": 57.529
      },
      "geometry": {
        "type": "Point",
        "coordinates": [
          -113.792794,
          42.5357428
        ]
      }
    },
    {
      "type": "Feature",
      "properties": {
        "trip_id": "trip_011_2024-11-19_Henrietta_to_Kirkland",
        "location": "Boise, ID - North Orchard Street",
        "datetime": "2024-11-22 21:59:05+00:00",
        "kwh": 58.234
      },
      "geometry": {
        "type": "Point",
        "coordinates": [
          -116.2434129,
          43.6207082
        ]
      }
    },
    {
      "type": "Feature",
      "properties": {
        "trip_id": "trip_011_2024-11-19_Henrietta_to_Kirkland",
        "location": "Baker City, OR",
        "datetime": "2024-11-23 17:34:06+00:00",
        "kwh": 28.915
      },
      "geometry": {
        "type": "Point",
        "coordinates": [
          -117.834384,
          44.7748748
        ]
      }
    },
    {
      "type": "Feature",
      "properties": {
        "trip_id": "trip_011_2024-11-19_Henrietta_to_Kirkland",
        "location": "Pendleton, OR",
        "datetime": "2024-11-23 19:00:56+00:00",
        "kwh": 54.795
      },
      "geometry": {
        "type": "Point",
        "coordinates": [
          -118.7885967,
          45.672075
        ]
      }
    },
    {
      "type": "Feature",
      "properties": {
        "trip_id": "trip_011_2024-11-19_Henrietta_to_Kirkland",
        "location": "Yakima, WA - East Yakima Avenue",
        "datetime": "2024-11-23 21:41:57+00:00",
        "kwh": 49.557
      },
      "geometry": {
        "type": "Point",
        "coordinates": [
          -120.5027063,
          46.6030113
        ]
      }
    },
    {
      "type": "Feature",
      "properties": {
        "trip_id": "trip_011_2024-11-19_Henrietta_to_Kirkland",
        "location": "Kirkland, WA",
        "datetime": "2024-11-29 02:38:28+00:00",
        "kwh": 47.46
      },
      "geometry": {
        "type": "Point",
        "coordinates": [
          -122.2070775,
          47.6765382
        ]
      }
    },
    {
      "type": "Feature",
      "properties": {
        "trip_id": "trip_012_2024-12-15_North_Bend_to_Tulalip_Bay",
        "name": "Dec 2024 \u2014 North Bend \u2192 Tulalip Bay",
        "color": "#FF69B4"
      },
      "geometry": {
        "type": "LineString",
        "coordinates": [
          [
            -121.7907812,
            47.4891197
          ],
          [
            -121.971335,
            47.8552259
          ],
          [
            -120.661081,
            47.5969138
          ],
          [
            -122.323959,
            47.7085558
          ],
          [
            -122.286878,
            48.0656302
          ]
        ]
      }
    },
    {
      "type": "Feature",
      "properties": {
        "trip_id": "trip_012_2024-12-15_North_Bend_to_Tulalip_Bay",
        "location": "North Bend, WA - South Fork Avenue Southwest",
        "datetime": "2024-12-15 22:14:27+00:00",
        "kwh": 49.115
      },
      "geometry": {
        "type": "Point",
        "coordinates": [
          -121.7907812,
          47.4891197
        ]
      }
    },
    {
      "type": "Feature",
      "properties": {
        "trip_id": "trip_012_2024-12-15_North_Bend_to_Tulalip_Bay",
        "location": "Monroe, WA",
        "datetime": "2024-12-22 22:59:37+00:00",
        "kwh": 33.493
      },
      "geometry": {
        "type": "Point",
        "coordinates": [
          -121.971335,
          47.8552259
        ]
      }
    },
    {
      "type": "Feature",
      "properties": {
        "trip_id": "trip_012_2024-12-15_North_Bend_to_Tulalip_Bay",
        "location": "Leavenworth, WA",
        "datetime": "2024-12-23 02:32:22+00:00",
        "kwh": 40.893
      },
      "geometry": {
        "type": "Point",
        "coordinates": [
          -120.661081,
          47.5969138
        ]
      }
    },
    {
      "type": "Feature",
      "properties": {
        "trip_id": "trip_012_2024-12-15_North_Bend_to_Tulalip_Bay",
        "location": "Seattle, WA - NE Northgate Way (Floor 2)",
        "datetime": "2024-12-25 02:12:35+00:00",
        "kwh": 49.247
      },
      "geometry": {
        "type": "Point",
        "coordinates": [
          -122.323959,
          47.7085558
        ]
      }
    },
    {
      "type": "Feature",
      "properties": {
        "trip_id": "trip_012_2024-12-15_North_Bend_to_Tulalip_Bay",
        "location": "Tulalip Bay, WA",
        "datetime": "2024-12-29 03:08:27+00:00",
        "kwh": 42.048
      },
      "geometry": {
        "type": "Point",
        "coordinates": [
          -122.286878,
          48.0656302
        ]
      }
    },
    {
      "type": "Feature",
      "properties": {
        "trip_id": "trip_013_2025-01-19_Leavenworth_to_Leavenworth",
        "name": "Jan 2025 \u2014 Leavenworth",
        "color": "#32CD32"
      },
      "geometry": {
        "type": "LineString",
        "coordinates": [
          [
            -120.6622886,
            47.5957449
          ],
          [
            -120.661081,
            47.5969138
          ]
        ]
      }
    },
    {
      "type": "Feature",
      "properties": {
        "trip_id": "trip_013_2025-01-19_Leavenworth_to_Leavenworth",
        "location": "Leavenworth, WA - US-2",
        "datetime": "2025-01-19 00:52:19+00:00",
        "kwh": 56.515
      },
      "geometry": {
        "type": "Point",
        "coordinates": [
          -120.6622886,
          47.5957449
        ]
      }
    },
    {
      "type": "Feature",
      "properties": {
        "trip_id": "trip_013_2025-01-19_Leavenworth_to_Leavenworth",
        "location": "Leavenworth, WA",
        "datetime": "2025-01-20 01:34:11+00:00",
        "kwh": 64.763
      },
      "geometry": {
        "type": "Point",
        "coordinates": [
          -120.661081,
          47.5969138
        ]
      }
    },
    {
      "type": "Feature",
      "properties": {
        "trip_id": "trip_014_2025-03-27_Yakima_to_North_Bend",
        "name": "Mar 2025 \u2014 Yakima \u2192 North Bend",
        "color": "#FF8C00"
      },
      "geometry": {
        "type": "LineString",
        "coordinates": [
          [
            -120.510842,
            46.601557
          ],
          [
            -120.474365198382,
            46.582459395081
          ],
          [
            -120.43791409383311,
            46.56335020473789
          ],
          [
            -120.40148866665413,
            46.54422944486359
          ],
          [
            -120.36508889712158,
            46.525097131333155
          ],
          [
            -120.32871476548806,
            46.505953280003645
          ],
          [
            -120.29236625198219,
            46.48679790671424
          ],
          [
            -120.25604333680899,
            46.46763102728616
          ],
          [
            -120.21974600014995,
            46.44845265752273
          ],
          [
            -120.18347422216333,
            46.429262813209306
          ],
          [
            -120.14722798298425,
            46.41006151011332
          ],
          [
            -120.11100726272488,
            46.39084876398428
          ],
          [
            -120.07481204147471,
            46.37162459055375
          ],
          [
            -120.03864229930066,
            46.35238900553534
          ],
          [
            -120.00249801624723,
            46.333142024624735
          ],
          [
            -119.9663791723368,
            46.31388366349969
          ],
          [
            -119.93028574756971,
            46.29461393781999
          ],
          [
            -119.89421772192446,
            46.27533286322749
          ],
          [
            -119.858175075358,
            46.256040455346124
          ],
          [
            -119.82215778780572,
            46.23673672978183
          ],
          [
            -119.78616583918175,
            46.217421702122664
          ],
          [
            -119.75019920937915,
            46.19809538793871
          ],
          [
            -119.71425787827002,
            46.178757802782066
          ],
          [
            -119.67834182570574,
            46.15940896218696
          ],
          [
            -119.64245103151714,
            46.14004888166964
          ],
          [
            -119.60658547551465,
            46.120677576728404
          ],
          [
            -119.57074513748842,
            46.101295062843626
          ],
          [
            -119.53492999720866,
            46.08190135547771
          ],
          [
            -119.49914003442566,
            46.062496470075146
          ],
          [
            -119.46337522887002,
            46.043080422062474
          ],
          [
            -119.42763556025287,
            46.023653226848296
          ],
          [
            -119.39192100826594,
            46.00421489982325
          ],
          [
            -119.35623155258185,
            45.98476545636008
          ],
          [
            -119.32056717285415,
            45.96530491181355
          ],
          [
            -119.28492784871763,
            45.94583328152052
          ],
          [
            -119.24931355978843,
            45.926350580799905
          ],
          [
            -119.21372428566414,
            45.90685682495269
          ],
          [
            -119.1781600059241,
            45.88735202926192
          ],
          [
            -119.14262070012947,
            45.86783620899272
          ],
          [
            -119.10710634782342,
            45.848309379392305
          ],
          [
            -119.07161692853138,
            45.828771555689926
          ],
          [
            -119.03615242176109,
            45.80922275309693
          ],
          [
            -119.00071280700277,
            45.78966298680677
          ],
          [
            -118.96529806372945,
            45.77009227199495
          ],
          [
            -118.92990817139686,
            45.75051062381905
          ],
          [
            -118.89454310944392,
            45.7309180574188
          ],
          [
            -118.85920285729262,
            45.71131458791593
          ],
          [
            -118.82388739434836,
            45.691700230414355
          ],
          [
            -118.7885967,
            45.672075
          ],
          [
            -117.834384,
            44.7748748
          ],
          [
            -117.80059684414185,
            44.75105774445541
          ],
          [
            -117.76683752928767,
            44.72723073540078
          ],
          [
            -117.73310602097659,
            44.70339378930484
          ],
          [
            -117.69940228476617,
            44.67954692260918
          ],
          [
            -117.66572628623231,
            44.655690151728265
          ],
          [
            -117.63207799096958,
            44.63182349304955
          ],
          [
            -117.59845736459113,
            44.60794696293342
          ],
          [
            -117.564864372729,
            44.58406057771329
          ],
          [
            -117.53129898103418,
            44.56016435369562
          ],
          [
            -117.4977611551766,
            44.536258307159954
          ],
          [
            -117.46425086084545,
            44.51234245435895
          ],
          [
            -117.43076806374908,
            44.48841681151841
          ],
          [
            -117.39731272961535,
            44.464481394837385
          ],
          [
            -117.36388482419153,
            44.44053622048807
          ],
          [
            -117.33048431324451,
            44.41658130461599
          ],
          [
            -117.29711116256098,
            44.39261666333993
          ],
          [
            -117.26376533794735,
            44.36864231275206
          ],
          [
            -117.23044680523007,
            44.34465826891786
          ],
          [
            -117.1971555302556,
            44.32066454787629
          ],
          [
            -117.16389147889058,
            44.296661165639705
          ],
          [
            -117.13065461702186,
            44.272648138193965
          ],
          [
            -117.09744491055676,
            44.24862548149846
          ],
          [
            -117.06426232542303,
            44.22459321148612
          ],
          [
            -117.03110682756899,
            44.20055134406347
          ],
          [
            -116.99797838296371,
            44.17649989511069
          ],
          [
            -116.96487695759701,
            44.15243888048158
          ],
          [
            -116.93180251747964,
            44.1283683160037
          ],
          [
            -116.89875502864331,
            44.104288217478306
          ],
          [
            -116.86573445714087,
            44.08019860068047
          ],
          [
            -116.83274076904637,
            44.05609948135902
          ],
          [
            -116.79977393045515,
            44.03199087523672
          ],
          [
            -116.76683390748396,
            44.00787279801016
          ],
          [
            -116.73392066627106,
            43.98374526534987
          ],
          [
            -116.70103417297634,
            43.95960829290033
          ],
          [
            -116.66817439378127,
            43.93546189628006
          ],
          [
            -116.63534129488927,
            43.911306091081556
          ],
          [
            -116.60253484252551,
            43.88714089287145
          ],
          [
            -116.56975500293727,
            43.86296631719044
          ],
          [
            -116.53700174239385,
            43.8387823795534
          ],
          [
            -116.50427502718665,
            43.81458909544935
          ],
          [
            -116.47157482362944,
            43.79038648034156
          ],
          [
            -116.43890109805832,
            43.766174549667554
          ],
          [
            -116.4062538168318,
            43.741953318839144
          ],
          [
            -116.37363294633099,
            43.71772280324249
          ],
          [
            -116.34103845295958,
            43.6934830182381
          ],
          [
            -116.30847030314398,
            43.6692339791609
          ],
          [
            -116.2759284633334,
            43.64497570132025
          ],
          [
            -116.24341290000001,
            43.620708199999996
          ],
          [
            -116.20583462718463,
            43.59880625737501
          ],
          [
            -116.16828370960275,
            43.57689201531716
          ],
          [
            -116.13076012173859,
            43.55496549218838
          ],
          [
            -116.09326383806034,
            43.53302670632699
          ],
          [
            -116.05579483302031,
            43.5110756760477
          ],
          [
            -116.01835308105528,
            43.48911241964159
          ],
          [
            -115.98093855658641,
            43.46713695537614
          ],
          [
            -115.94355123401975,
            43.445149301495206
          ],
          [
            -115.90619108774621,
            43.42314947621912
          ],
          [
            -115.86885809214189,
            43.40113749774457
          ],
          [
            -115.83155222156824,
            43.379113384244725
          ],
          [
            -115.79427345037226,
            43.35707715386917
          ],
          [
            -115.75702175288663,
            43.335028824743944
          ],
          [
            -115.71979710342997,
            43.312968414971536
          ],
          [
            -115.68259947630709,
            43.290895942630925
          ],
          [
            -115.64542884580908,
            43.26881142577757
          ],
          [
            -115.60828518621348,
            43.24671488244339
          ],
          [
            -115.5711684717846,
            43.224606330636824
          ],
          [
            -115.53407867677362,
            43.20248578834282
          ],
          [
            -115.49701577541882,
            43.180353273522854
          ],
          [
            -115.45997974194572,
            43.158208804114906
          ],
          [
            -115.42297055056726,
            43.13605239803352
          ],
          [
            -115.38598817548412,
            43.11388407316978
          ],
          [
            -115.34903259088473,
            43.09170384739136
          ],
          [
            -115.31210377094555,
            43.06951173854245
          ],
          [
            -115.2752016898313,
            43.04730776444388
          ],
          [
            -115.23832632169501,
            43.02509194289306
          ],
          [
            -115.20147764067829,
            43.002864291664
          ],
          [
            -115.16465562091157,
            42.98062482850734
          ],
          [
            -115.12786023651411,
            42.958373571150325
          ],
          [
            -115.09109146159436,
            42.93611053729687
          ],
          [
            -115.05434927025004,
            42.91383574462754
          ],
          [
            -115.01763363656835,
            42.891549210799575
          ],
          [
            -114.98094453462615,
            42.86925095344685
          ],
          [
            -114.94428193849006,
            42.846940990179974
          ],
          [
            -114.90764582221682,
            42.82461933858626
          ],
          [
            -114.87103615985333,
            42.80228601622971
          ],
          [
            -114.83445292543674,
            42.77994104065106
          ],
          [
            -114.7978960929949,
            42.757584429367824
          ],
          [
            -114.76136563654623,
            42.735216199874216
          ],
          [
            -114.7248615301001,
            42.71283636964124
          ],
          [
            -114.68838374765694,
            42.6904449561167
          ],
          [
            -114.65193226320842,
            42.66804197672515
          ],
          [
            -114.61550705073755,
            42.64562744886801
          ],
          [
            -114.57910808421893,
            42.62320138992345
          ],
          [
            -114.54273533761895,
            42.60076381724652
          ],
          [
            -114.50638878489586,
            42.578314748169134
          ],
          [
            -114.4700684,
            42.5558542
          ],
          [
            -114.48057138999744,
            42.52576921027575
          ],
          [
            -114.49106426856378,
            42.49568326240215
          ],
          [
            -114.5015470557508,
            42.46559635830975
          ],
          [
            -114.51201977156265,
            42.43550849992434
          ],
          [
            -114.52248243595582,
            42.40541968916704
          ],
          [
            -114.53293506883946,
            42.37532992795428
          ],
          [
            -114.5433776900754,
            42.34523921819787
          ],
          [
            -114.55381031947837,
            42.31514756180491
          ],
          [
            -114.56423297681611,
            42.28505496067796
          ],
          [
            -114.5746456818095,
            42.25496141671485
          ],
          [
            -114.5850484541327,
            42.22486693180891
          ],
          [
            -114.59544131341337,
            42.194771507848806
          ],
          [
            -114.60582427923268,
            42.16467514671868
          ],
          [
            -114.61619737112551,
            42.134577850298086
          ],
          [
            -114.62656060858065,
            42.10447962046206
          ],
          [
            -114.63691401104086,
            42.074380459081056
          ],
          [
            -114.64725759790299,
            42.04428036802106
          ],
          [
            -114.65759138851823,
            42.01417934914351
          ],
          [
            -114.66791540219207,
            41.984077404305424
          ],
          [
            -114.67822965818468,
            41.95397453535926
          ],
          [
            -114.68853417571079,
            41.92387074415306
          ],
          [
            -114.69882897394,
            41.89376603253041
          ],
          [
            -114.70911407199681,
            41.86366040233045
          ],
          [
            -114.71938948896091,
            41.83355385538792
          ],
          [
            -114.72965524386704,
            41.80344639353313
          ],
          [
            -114.73991135570546,
            41.77333801859201
          ],
          [
            -114.75015784342183,
            41.74322873238608
          ],
          [
            -114.76039472591738,
            41.71311853673255
          ],
          [
            -114.77062202204921,
            41.68300743344422
          ],
          [
            -114.78083975063018,
            41.65289542432958
          ],
          [
            -114.79104793042929,
            41.62278251119277
          ],
          [
            -114.80124658017154,
            41.59266869583364
          ],
          [
            -114.81143571853835,
            41.56255398004771
          ],
          [
            -114.82161536416739,
            41.53243836562626
          ],
          [
            -114.831785535653,
            41.502321854356246
          ],
          [
            -114.84194625154615,
            41.47220444802037
          ],
          [
            -114.85209753035451,
            41.44208614839712
          ],
          [
            -114.86223939054283,
            41.411966957260695
          ],
          [
            -114.87237185053276,
            41.381846876381125
          ],
          [
            -114.88249492870318,
            41.3517259075242
          ],
          [
            -114.89260864339035,
            41.321604052451505
          ],
          [
            -114.90271301288783,
            41.29148131292046
          ],
          [
            -114.9128080554468,
            41.26135769068433
          ],
          [
            -114.9228937892761,
            41.23123318749214
          ],
          [
            -114.93297023254247,
            41.201107805088874
          ],
          [
            -114.94303740337044,
            41.170981545215334
          ],
          [
            -114.95309531984269,
            41.140854409608174
          ],
          [
            -114.96314400000001,
            41.11072639999999
          ],
          [
            -114.96161516932523,
            41.07192128138815
          ],
          [
            -114.96008814234737,
            41.0331161425946
          ],
          [
            -114.95856291447888,
            40.994310983670665
          ],
          [
            -114.95703948114618,
            40.95550580466754
          ],
          [
            -114.95551783778991,
            40.91670060563625
          ],
          [
            -114.95399797986455,
            40.87789538662767
          ],
          [
            -114.95247990283852,
            40.8390901476925
          ],
          [
            -114.95096360219421,
            40.80028488888132
          ],
          [
            -114.94944907342767,
            40.76147961024452
          ],
          [
            -114.94793631204885,
            40.72267431183236
          ],
          [
            -114.94642531358133,
            40.683868993694915
          ],
          [
            -114.94491607356238,
            40.645063655882154
          ],
          [
            -114.9434085875428,
            40.606258298443855
          ],
          [
            -114.94190285108705,
            40.567452921429656
          ],
          [
            -114.94039885977296,
            40.52864752488905
          ],
          [
            -114.93889660919187,
            40.489842108871386
          ],
          [
            -114.93739609494844,
            40.45103667342583
          ],
          [
            -114.93589731266077,
            40.41223121860145
          ],
          [
            -114.9344002579601,
            40.37342574444711
          ],
          [
            -114.93290492649098,
            40.33462025101157
          ],
          [
            -114.93141131391111,
            40.295814738343424
          ],
          [
            -114.92991941589132,
            40.257009206491105
          ],
          [
            -114.92842922811553,
            40.21820365550293
          ],
          [
            -114.92694074628064,
            40.17939808542706
          ],
          [
            -114.92545396609647,
            40.14059249631149
          ],
          [
            -114.9239688832859,
            40.10178688820411
          ],
          [
            -114.9224854935845,
            40.06298126115261
          ],
          [
            -114.92100379274086,
            40.0241756152046
          ],
          [
            -114.91952377651612,
            39.9853699504075
          ],
          [
            -114.91804544068425,
            39.94656426680861
          ],
          [
            -114.91656878103191,
            39.90775856445507
          ],
          [
            -114.91509379335828,
            39.86895284339391
          ],
          [
            -114.91362047347516,
            39.83014710367199
          ],
          [
            -114.91214881720693,
            39.79134134533605
          ],
          [
            -114.9106788203903,
            39.752535568432656
          ],
          [
            -114.9092104788745,
            39.71372977300828
          ],
          [
            -114.90774378852106,
            39.67492395910924
          ],
          [
            -114.90627874520395,
            39.63611812678171
          ],
          [
            -114.90481534480928,
            39.59731227607171
          ],
          [
            -114.90335358323546,
            39.55850640702515
          ],
          [
            -114.90189345639304,
            39.519700519687795
          ],
          [
            -114.90043496020476,
            39.48089461410529
          ],
          [
            -114.89897809060541,
            39.442088690323104
          ],
          [
            -114.89752284354178,
            39.40328274838661
          ],
          [
            -114.89606921497273,
            39.36447678834103
          ],
          [
            -114.89461720086899,
            39.32567081023145
          ],
          [
            -114.89316679721325,
            39.28686481410284
          ],
          [
            -114.891718,
            39.2480588
          ],
          [
            -114.89670356293234,
            39.184573078925794
          ],
          [
            -114.90168012810663,
            39.12108714578072
          ],
          [
            -114.90664773201621,
            39.0576010014256
          ],
          [
            -114.91160641097956,
            38.99411464671715
          ],
          [
            -114.91655620114145,
            38.93062808250796
          ],
          [
            -114.92149713847394,
            38.867141309646534
          ],
          [
            -114.92642925877746,
            38.80365432897733
          ],
          [
            -114.93135259768198,
            38.740167141340805
          ],
          [
            -114.93626719064797,
            38.67667974757338
          ],
          [
            -114.94117307296757,
            38.61319214850751
          ],
          [
            -114.94607027976554,
            38.54970434497171
          ],
          [
            -114.95095884600033,
            38.48621633779054
          ],
          [
            -114.95583880646517,
            38.42272812778467
          ],
          [
            -114.96071019578895,
            38.35923971577092
          ],
          [
            -114.9655730484375,
            38.29575110256222
          ],
          [
            -114.97042739871432,
            38.23226228896766
          ],
          [
            -114.97527328076174,
            38.168773275792574
          ],
          [
            -114.98011072856193,
            38.10528406383846
          ],
          [
            -114.98493977593782,
            38.041794653903096
          ],
          [
            -114.98976045655414,
            37.97830504678049
          ],
          [
            -114.9945728039183,
            37.91481524326097
          ],
          [
            -114.99937685138151,
            37.85132524413113
          ],
          [
            -115.00417263213964,
            37.78783505017394
          ],
          [
            -115.00896017923415,
            37.724344662168704
          ],
          [
            -115.01373952555319,
            37.66085408089111
          ],
          [
            -115.01851070383233,
            37.59736330711324
          ],
          [
            -115.02327374665565,
            37.53387234160359
          ],
          [
            -115.02802868645665,
            37.47038118512712
          ],
          [
            -115.0327755555191,
            37.406889838445245
          ],
          [
            -115.03751438597799,
            37.34339830231585
          ],
          [
            -115.04224520982046,
            37.279906577493364
          ],
          [
            -115.04696805888679,
            37.21641466472872
          ],
          [
            -115.051682964871,
            37.15292256476941
          ],
          [
            -115.05638995932209,
            37.0894302783595
          ],
          [
            -115.0610890736447,
            37.02593780623963
          ],
          [
            -115.06578033910007,
            36.96244514914709
          ],
          [
            -115.0704637868069,
            36.89895230781577
          ],
          [
            -115.07513944774219,
            36.83545928297623
          ],
          [
            -115.07980735274212,
            36.771966075355714
          ],
          [
            -115.08446753250294,
            36.70847268567813
          ],
          [
            -115.08912001758169,
            36.64497911466415
          ],
          [
            -115.0937648383972,
            36.58148536303112
          ],
          [
            -115.09840202523081,
            36.5179914314932
          ],
          [
            -115.10303160822725,
            36.454497320761284
          ],
          [
            -115.10765361739546,
            36.39100303154307
          ],
          [
            -115.11226808260936,
            36.32750856454309
          ],
          [
            -115.11687503360874,
            36.264013920462666
          ],
          [
            -115.1214745,
            36.2005191
          ],
          [
            -115.1533529,
            36.1479102
          ],
          [
            -115.12103887439982,
            36.168159313712025
          ],
          [
            -115.08870815087828,
            36.18839974021567
          ],
          [
            -115.05636071559356,
            36.20863146857482
          ],
          [
            -115.02399655470983,
            36.2288544878424
          ],
          [
            -114.99161565439749,
            36.24906878706038
          ],
          [
            -114.95921800083309,
            36.2692743552598
          ],
          [
            -114.92680358019943,
            36.28947118146071
          ],
          [
            -114.89437237868573,
            36.30965925467227
          ],
          [
            -114.86192438248747,
            36.329838563892565
          ],
          [
            -114.82945957780674,
            36.35000909810881
          ],
          [
            -114.79697795085202,
            36.3701708462972
          ],
          [
            -114.76447948783847,
            36.39032379742297
          ],
          [
            -114.73196417498782,
            36.41046794044036
          ],
          [
            -114.69943199852861,
            36.43060326429262
          ],
          [
            -114.66688294469606,
            36.45072975791208
          ],
          [
            -114.63431699973236,
            36.47084741022
          ],
          [
            -114.60173414988647,
            36.49095621012669
          ],
          [
            -114.56913438141444,
            36.51105614653145
          ],
          [
            -114.5365176805793,
            36.53114720832258
          ],
          [
            -114.50388403365122,
            36.551229384377386
          ],
          [
            -114.47123342690752,
            36.571302663562165
          ],
          [
            -114.4385658466328,
            36.59136703473219
          ],
          [
            -114.40588127911893,
            36.61142248673175
          ],
          [
            -114.37317971066517,
            36.631469008394106
          ],
          [
            -114.34046112757824,
            36.65150658854148
          ],
          [
            -114.30772551617233,
            36.6715352159851
          ],
          [
            -114.27497286276923,
            36.69155487952518
          ],
          [
            -114.2422031536984,
            36.711565567950856
          ],
          [
            -114.20941637529698,
            36.73156727004028
          ],
          [
            -114.17661251390987,
            36.75155997456056
          ],
          [
            -114.14379155588989,
            36.771543670267754
          ],
          [
            -114.11095348759773,
            36.7915183459069
          ],
          [
            -114.07809829540204,
            36.811483990212
          ],
          [
            -114.04522596567959,
            36.83144059190597
          ],
          [
            -114.01233648481524,
            36.851388139700724
          ],
          [
            -113.97942983920204,
            36.87132662229713
          ],
          [
            -113.94650601524133,
            36.89125602838497
          ],
          [
            -113.91356499934277,
            36.911176346642996
          ],
          [
            -113.8806067779244,
            36.9310875657389
          ],
          [
            -113.84763133741276,
            36.95098967432932
          ],
          [
            -113.81463866424298,
            36.97088266105982
          ],
          [
            -113.78162874485871,
            36.99076651456491
          ],
          [
            -113.74860156571235,
            37.010641223468035
          ],
          [
            -113.71555711326506,
            37.03050677638157
          ],
          [
            -113.68249537398681,
            37.05036316190684
          ],
          [
            -113.64941633435647,
            37.07021036863407
          ],
          [
            -113.61631998086192,
            37.090048385142424
          ],
          [
            -113.5832063,
            37.1098772
          ],
          [
            -113.60969939415075,
            37.15456757672222
          ],
          [
            -113.63622382349467,
            37.19925204962837
          ],
          [
            -113.66277967182253,
            37.24393060214831
          ],
          [
            -113.68936702316331,
            37.28860321766036
          ],
          [
            -113.7159859617852,
            37.33326987949121
          ],
          [
            -113.74263657219628,
            37.377930570915595
          ],
          [
            -113.76931893914545,
            37.42258527515614
          ],
          [
            -113.7960331476233,
            37.46723397538317
          ],
          [
            -113.82277928286288,
            37.511876654714484
          ],
          [
            -113.84955743034061,
            37.556513296215144
          ],
          [
            -113.87636767577709,
            37.60114388289724
          ],
          [
            -113.90321010513809,
            37.64576839771978
          ],
          [
            -113.9300848046352,
            37.690386823588305
          ],
          [
            -113.95699186072689,
            37.73499914335488
          ],
          [
            -113.98393136011927,
            37.7796053398177
          ],
          [
            -114.01090338976701,
            37.824205395721
          ],
          [
            -114.03790803687421,
            37.86879929375478
          ],
          [
            -114.06494538889523,
            37.91338701655462
          ],
          [
            -114.09201553353564,
            37.95796854670142
          ],
          [
            -114.1191185587531,
            38.00254386672123
          ],
          [
            -114.14625455275815,
            38.047112959085
          ],
          [
            -114.17342360401524,
            38.091675806208364
          ],
          [
            -114.20062580124355,
            38.13623239045146
          ],
          [
            -114.22786123341785,
            38.18078269411863
          ],
          [
            -114.25512998976951,
            38.22532669945829
          ],
          [
            -114.2824321597873,
            38.26986438866261
          ],
          [
            -114.30976783321834,
            38.31439574386736
          ],
          [
            -114.33713710006901,
            38.358920747151664
          ],
          [
            -114.36454005060587,
            38.40343938053776
          ],
          [
            -114.39197677535655,
            38.44795162599081
          ],
          [
            -114.41944736511071,
            38.49245746541861
          ],
          [
            -114.4469519109209,
            38.53695688067141
          ],
          [
            -114.47449050410357,
            38.58144985354167
          ],
          [
            -114.50206323623992,
            38.62593636576384
          ],
          [
            -114.52967019917688,
            38.67041639901409
          ],
          [
            -114.55731148502802,
            38.71488993491009
          ],
          [
            -114.58498718617453,
            38.759356955010844
          ],
          [
            -114.61269739526608,
            38.803817440816346
          ],
          [
            -114.64044220522189,
            38.848271373767396
          ],
          [
            -114.66822170923156,
            38.89271873524537
          ],
          [
            -114.6960360007561,
            38.93715950657198
          ],
          [
            -114.7238851735288,
            38.981593669009
          ],
          [
            -114.75176932155632,
            39.026021203758084
          ],
          [
            -114.7796885391195,
            39.07044209196045
          ],
          [
            -114.80764292077453,
            39.1148563146967
          ],
          [
            -114.83563256135359,
            39.15926385298655
          ],
          [
            -114.86365755596621,
            39.20366468778858
          ],
          [
            -114.891718,
            39.2480588
          ],
          [
            -114.89316679721325,
            39.286864814102834
          ],
          [
            -114.89461720086899,
            39.32567081023145
          ],
          [
            -114.89606921497273,
            39.36447678834103
          ],
          [
            -114.89752284354178,
            39.40328274838661
          ],
          [
            -114.89897809060541,
            39.44208869032311
          ],
          [
            -114.90043496020476,
            39.48089461410529
          ],
          [
            -114.90189345639304,
            39.519700519687795
          ],
          [
            -114.90335358323546,
            39.55850640702515
          ],
          [
            -114.90481534480928,
            39.59731227607171
          ],
          [
            -114.90627874520395,
            39.63611812678171
          ],
          [
            -114.90774378852106,
            39.67492395910924
          ],
          [
            -114.9092104788745,
            39.71372977300828
          ],
          [
            -114.9106788203903,
            39.752535568432656
          ],
          [
            -114.91214881720693,
            39.79134134533604
          ],
          [
            -114.91362047347516,
            39.83014710367199
          ],
          [
            -114.91509379335828,
            39.868952843393906
          ],
          [
            -114.91656878103191,
            39.90775856445507
          ],
          [
            -114.91804544068425,
            39.94656426680861
          ],
          [
            -114.91952377651612,
            39.985369950407495
          ],
          [
            -114.92100379274086,
            40.0241756152046
          ],
          [
            -114.9224854935845,
            40.06298126115261
          ],
          [
            -114.92396888328588,
            40.1017868882041
          ],
          [
            -114.92545396609647,
            40.14059249631149
          ],
          [
            -114.92694074628064,
            40.17939808542706
          ],
          [
            -114.92842922811553,
            40.21820365550293
          ],
          [
            -114.92991941589132,
            40.257009206491105
          ],
          [
            -114.93141131391111,
            40.295814738343424
          ],
          [
            -114.93290492649098,
            40.33462025101158
          ],
          [
            -114.9344002579601,
            40.37342574444711
          ],
          [
            -114.93589731266077,
            40.41223121860145
          ],
          [
            -114.93739609494844,
            40.45103667342583
          ],
          [
            -114.93889660919187,
            40.489842108871386
          ],
          [
            -114.94039885977296,
            40.52864752488905
          ],
          [
            -114.94190285108705,
            40.567452921429656
          ],
          [
            -114.9434085875428,
            40.606258298443855
          ],
          [
            -114.94491607356238,
            40.645063655882154
          ],
          [
            -114.94642531358133,
            40.683868993694915
          ],
          [
            -114.94793631204885,
            40.72267431183236
          ],
          [
            -114.94944907342767,
            40.76147961024452
          ],
          [
            -114.95096360219421,
            40.80028488888132
          ],
          [
            -114.95247990283852,
            40.83909014769251
          ],
          [
            -114.95399797986455,
            40.87789538662767
          ],
          [
            -114.95551783778991,
            40.91670060563625
          ],
          [
            -114.95703948114618,
            40.95550580466754
          ],
          [
            -114.95856291447888,
            40.994310983670665
          ],
          [
            -114.96008814234737,
            41.0331161425946
          ],
          [
            -114.96161516932523,
            41.07192128138815
          ],
          [
            -114.96314400000001,
            41.11072639999999
          ],
          [
            -114.95309531984269,
            41.140854409608174
          ],
          [
            -114.94303740337044,
            41.170981545215334
          ],
          [
            -114.93297023254247,
            41.201107805088874
          ],
          [
            -114.9228937892761,
            41.23123318749214
          ],
          [
            -114.9128080554468,
            41.26135769068433
          ],
          [
            -114.90271301288783,
            41.29148131292046
          ],
          [
            -114.89260864339035,
            41.321604052451505
          ],
          [
            -114.88249492870321,
            41.35172590752419
          ],
          [
            -114.87237185053276,
            41.381846876381125
          ],
          [
            -114.86223939054283,
            41.411966957260695
          ],
          [
            -114.85209753035451,
            41.44208614839712
          ],
          [
            -114.84194625154615,
            41.47220444802037
          ],
          [
            -114.831785535653,
            41.50232185435624
          ],
          [
            -114.82161536416739,
            41.53243836562626
          ],
          [
            -114.81143571853835,
            41.56255398004771
          ],
          [
            -114.80124658017154,
            41.59266869583363
          ],
          [
            -114.79104793042929,
            41.62278251119276
          ],
          [
            -114.78083975063018,
            41.65289542432958
          ],
          [
            -114.77062202204921,
            41.68300743344422
          ],
          [
            -114.76039472591738,
            41.713118536732544
          ],
          [
            -114.75015784342183,
            41.74322873238608
          ],
          [
            -114.73991135570546,
            41.77333801859201
          ],
          [
            -114.72965524386704,
            41.80344639353313
          ],
          [
            -114.71938948896091,
            41.83355385538792
          ],
          [
            -114.70911407199681,
            41.86366040233045
          ],
          [
            -114.69882897394,
            41.8937660325304
          ],
          [
            -114.68853417571079,
            41.92387074415306
          ],
          [
            -114.67822965818468,
            41.95397453535926
          ],
          [
            -114.66791540219207,
            41.984077404305424
          ],
          [
            -114.65759138851823,
            42.01417934914351
          ],
          [
            -114.64725759790299,
            42.044280368021056
          ],
          [
            -114.63691401104086,
            42.07438045908106
          ],
          [
            -114.62656060858065,
            42.10447962046206
          ],
          [
            -114.61619737112551,
            42.134577850298086
          ],
          [
            -114.60582427923268,
            42.164675146718686
          ],
          [
            -114.59544131341337,
            42.194771507848806
          ],
          [
            -114.5850484541327,
            42.22486693180891
          ],
          [
            -114.5746456818095,
            42.25496141671485
          ],
          [
            -114.56423297681611,
            42.28505496067796
          ],
          [
            -114.55381031947837,
            42.31514756180492
          ],
          [
            -114.5433776900754,
            42.34523921819787
          ],
          [
            -114.53293506883946,
            42.37532992795428
          ],
          [
            -114.52248243595582,
            42.40541968916704
          ],
          [
            -114.51201977156265,
            42.435508499924346
          ],
          [
            -114.5015470557508,
            42.46559635830975
          ],
          [
            -114.49106426856378,
            42.49568326240215
          ],
          [
            -114.48057138999744,
            42.52576921027575
          ],
          [
            -114.4700684,
            42.5558542
          ],
          [
            -114.50638878489586,
            42.578314748169134
          ],
          [
            -114.54273533761895,
            42.60076381724653
          ],
          [
            -114.57910808421893,
            42.62320138992345
          ],
          [
            -114.61550705073755,
            42.64562744886801
          ],
          [
            -114.65193226320842,
            42.668041976725156
          ],
          [
            -114.68838374765694,
            42.6904449561167
          ],
          [
            -114.7248615301001,
            42.71283636964124
          ],
          [
            -114.76136563654623,
            42.735216199874216
          ],
          [
            -114.7978960929949,
            42.757584429367824
          ],
          [
            -114.83445292543674,
            42.77994104065106
          ],
          [
            -114.8710361598533,
            42.80228601622971
          ],
          [
            -114.90764582221682,
            42.82461933858626
          ],
          [
            -114.94428193849006,
            42.84694099017998
          ],
          [
            -114.98094453462615,
            42.86925095344685
          ],
          [
            -115.01763363656835,
            42.891549210799575
          ],
          [
            -115.05434927025004,
            42.91383574462754
          ],
          [
            -115.09109146159436,
            42.93611053729688
          ],
          [
            -115.12786023651411,
            42.958373571150325
          ],
          [
            -115.16465562091157,
            42.98062482850734
          ],
          [
            -115.2014776406783,
            43.002864291664004
          ],
          [
            -115.23832632169501,
            43.02509194289306
          ],
          [
            -115.2752016898313,
            43.04730776444388
          ],
          [
            -115.31210377094555,
            43.06951173854245
          ],
          [
            -115.34903259088473,
            43.09170384739136
          ],
          [
            -115.38598817548412,
            43.11388407316978
          ],
          [
            -115.42297055056726,
            43.13605239803352
          ],
          [
            -115.45997974194572,
            43.158208804114906
          ],
          [
            -115.49701577541882,
            43.18035327352285
          ],
          [
            -115.53407867677362,
            43.20248578834283
          ],
          [
            -115.5711684717846,
            43.224606330636824
          ],
          [
            -115.60828518621348,
            43.246714882443385
          ],
          [
            -115.64542884580908,
            43.26881142577757
          ],
          [
            -115.68259947630709,
            43.290895942630925
          ],
          [
            -115.71979710342997,
            43.312968414971536
          ],
          [
            -115.75702175288663,
            43.335028824743944
          ],
          [
            -115.79427345037226,
            43.35707715386917
          ],
          [
            -115.83155222156824,
            43.379113384244725
          ],
          [
            -115.86885809214189,
            43.40113749774457
          ],
          [
            -115.90619108774621,
            43.42314947621912
          ],
          [
            -115.94355123401975,
            43.445149301495206
          ],
          [
            -115.98093855658641,
            43.46713695537614
          ],
          [
            -116.01835308105528,
            43.48911241964159
          ],
          [
            -116.05579483302034,
            43.51107567604771
          ],
          [
            -116.09326383806034,
            43.533026706327
          ],
          [
            -116.13076012173859,
            43.55496549218838
          ],
          [
            -116.16828370960275,
            43.57689201531716
          ],
          [
            -116.20583462718463,
            43.59880625737502
          ],
          [
            -116.24341290000001,
            43.620708199999996
          ],
          [
            -116.2759284633334,
            43.64497570132025
          ],
          [
            -116.30847030314398,
            43.6692339791609
          ],
          [
            -116.34103845295958,
            43.6934830182381
          ],
          [
            -116.37363294633101,
            43.717722803242495
          ],
          [
            -116.4062538168318,
            43.741953318839144
          ],
          [
            -116.43890109805832,
            43.766174549667554
          ],
          [
            -116.47157482362944,
            43.79038648034156
          ],
          [
            -116.50427502718665,
            43.81458909544935
          ],
          [
            -116.53700174239385,
            43.8387823795534
          ],
          [
            -116.56975500293727,
            43.86296631719044
          ],
          [
            -116.60253484252554,
            43.88714089287146
          ],
          [
            -116.63534129488927,
            43.911306091081556
          ],
          [
            -116.66817439378127,
            43.93546189628004
          ],
          [
            -116.70103417297634,
            43.95960829290033
          ],
          [
            -116.73392066627106,
            43.98374526534987
          ],
          [
            -116.76683390748396,
            44.007872798010155
          ],
          [
            -116.79977393045515,
            44.03199087523672
          ],
          [
            -116.83274076904637,
            44.05609948135902
          ],
          [
            -116.86573445714085,
            44.08019860068046
          ],
          [
            -116.89875502864331,
            44.1042882174783
          ],
          [
            -116.93180251747964,
            44.1283683160037
          ],
          [
            -116.96487695759701,
            44.15243888048158
          ],
          [
            -116.99797838296371,
            44.17649989511068
          ],
          [
            -117.03110682756899,
            44.20055134406347
          ],
          [
            -117.06426232542303,
            44.22459321148612
          ],
          [
            -117.09744491055676,
            44.24862548149846
          ],
          [
            -117.13065461702186,
            44.272648138193965
          ],
          [
            -117.16389147889058,
            44.296661165639705
          ],
          [
            -117.1971555302556,
            44.32066454787629
          ],
          [
            -117.23044680523007,
            44.34465826891786
          ],
          [
            -117.26376533794735,
            44.36864231275205
          ],
          [
            -117.29711116256098,
            44.39261666333993
          ],
          [
            -117.33048431324451,
            44.41658130461599
          ],
          [
            -117.36388482419153,
            44.44053622048807
          ],
          [
            -117.39731272961535,
            44.46448139483738
          ],
          [
            -117.43076806374908,
            44.48841681151841
          ],
          [
            -117.46425086084545,
            44.51234245435895
          ],
          [
            -117.4977611551766,
            44.536258307159954
          ],
          [
            -117.53129898103418,
            44.56016435369562
          ],
          [
            -117.564864372729,
            44.58406057771329
          ],
          [
            -117.59845736459113,
            44.60794696293341
          ],
          [
            -117.63207799096958,
            44.63182349304955
          ],
          [
            -117.66572628623231,
            44.655690151728265
          ],
          [
            -117.69940228476617,
            44.67954692260918
          ],
          [
            -117.73310602097659,
            44.70339378930484
          ],
          [
            -117.76683752928767,
            44.72723073540078
          ],
          [
            -117.80059684414185,
            44.75105774445541
          ],
          [
            -117.834384,
            44.77487479999999
          ],
          [
            -117.86362602248887,
            44.80642216310028
          ],
          [
            -117.8929000434599,
            44.837962056085985
          ],
          [
            -117.92220612562753,
            44.869494462541404
          ],
          [
            -117.95154433183237,
            44.901019366009656
          ],
          [
            -117.98091472504137,
            44.93253674999258
          ],
          [
            -118.01031736834801,
            44.964046597950635
          ],
          [
            -118.03975232497255,
            44.995548893302775
          ],
          [
            -118.06921965826227,
            45.027043619426316
          ],
          [
            -118.09871943169173,
            45.058530759656854
          ],
          [
            -118.12825170886288,
            45.09001029728809
          ],
          [
            -118.15781655350536,
            45.121482215571774
          ],
          [
            -118.1874140294768,
            45.152946497717515
          ],
          [
            -118.21704420076291,
            45.18440312689274
          ],
          [
            -118.24670713147772,
            45.215852086222505
          ],
          [
            -118.27640288586396,
            45.24729335878939
          ],
          [
            -118.30613152829302,
            45.278726927633414
          ],
          [
            -118.33589312326546,
            45.31015277575189
          ],
          [
            -118.36568773541099,
            45.341570886099255
          ],
          [
            -118.39551542948891,
            45.37298124158706
          ],
          [
            -118.42537627038811,
            45.40438382508372
          ],
          [
            -118.4552703231275,
            45.435778619414485
          ],
          [
            -118.48519765285607,
            45.467165607361295
          ],
          [
            -118.51515832485322,
            45.49854477166258
          ],
          [
            -118.54515240452895,
            45.52991609501329
          ],
          [
            -118.57517995742406,
            45.561279560064605
          ],
          [
            -118.60524104921036,
            45.59263514942392
          ],
          [
            -118.63533574569104,
            45.6239828456547
          ],
          [
            -118.66546411280063,
            45.65532263127631
          ],
          [
            -118.69562621660542,
            45.686654488763935
          ],
          [
            -118.72582212330367,
            45.71797840054843
          ],
          [
            -118.75605189922575,
            45.749294349016225
          ],
          [
            -118.78631561083438,
            45.78060231650915
          ],
          [
            -118.81661332472488,
            45.811902285324344
          ],
          [
            -118.8469451076254,
            45.84319423771411
          ],
          [
            -118.87731102639711,
            45.87447815588581
          ],
          [
            -118.90771114803441,
            45.905754022001716
          ],
          [
            -118.93814553966517,
            45.93702181817886
          ],
          [
            -118.96861426855094,
            45.96828152648898
          ],
          [
            -118.99911740208722,
            45.9995331289583
          ],
          [
            -119.02965500780358,
            46.030776607567454
          ],
          [
            -119.06022715336394,
            46.06201194425137
          ],
          [
            -119.09083390656679,
            46.09323912089907
          ],
          [
            -119.12147533534537,
            46.12445811935362
          ],
          [
            -119.15215150776794,
            46.15566892141195
          ],
          [
            -119.18286249203797,
            46.18687150882473
          ],
          [
            -119.21360835649436,
            46.21806586329627
          ],
          [
            -119.24438916961157,
            46.24925196648432
          ],
          [
            -119.275205,
            46.2804298
          ],
          [
            -120.5412264,
            46.9745887
          ],
          [
            -120.940063,
            47.1952417
          ],
          [
            -120.6622886,
            47.5957449
          ],
          [
            -121.7907812,
            47.4891197
          ]
        ]
      }
    },
    {
      "type": "Feature",
      "properties": {
        "trip_id": "trip_014_2025-03-27_Yakima_to_North_Bend",
        "location": "Yakima, WA",
        "datetime": "2025-03-27 23:02:21+00:00",
        "kwh": 31.234
      },
      "geometry": {
        "type": "Point",
        "coordinates": [
          -120.510842,
          46.601557
        ]
      }
    },
    {
      "type": "Feature",
      "properties": {
        "trip_id": "trip_014_2025-03-27_Yakima_to_North_Bend",
        "location": "Pendleton, OR",
        "datetime": "2025-03-28 01:31:12+00:00",
        "kwh": 46.066
      },
      "geometry": {
        "type": "Point",
        "coordinates": [
          -118.7885967,
          45.672075
        ]
      }
    },
    {
      "type": "Feature",
      "properties": {
        "trip_id": "trip_014_2025-03-27_Yakima_to_North_Bend",
        "location": "Baker City, OR",
        "datetime": "2025-03-28 03:18:53+00:00",
        "kwh": 50.385
      },
      "geometry": {
        "type": "Point",
        "coordinates": [
          -117.834384,
          44.7748748
        ]
      }
    },
    {
      "type": "Feature",
      "properties": {
        "trip_id": "trip_014_2025-03-27_Yakima_to_North_Bend",
        "location": "Boise, ID - North Orchard Street",
        "datetime": "2025-03-28 05:38:07+00:00",
        "kwh": 44.012
      },
      "geometry": {
        "type": "Point",
        "coordinates": [
          -116.2434129,
          43.6207082
        ]
      }
    },
    {
      "type": "Feature",
      "properties": {
        "trip_id": "trip_014_2025-03-27_Yakima_to_North_Bend",
        "location": "Twin Falls, ID",
        "datetime": "2025-03-28 19:00:29+00:00",
        "kwh": 41.458
      },
      "geometry": {
        "type": "Point",
        "coordinates": [
          -114.4700684,
          42.5558542
        ]
      }
    },
    {
      "type": "Feature",
      "properties": {
        "trip_id": "trip_014_2025-03-27_Yakima_to_North_Bend",
        "location": "Wells, NV",
        "datetime": "2025-03-28 21:26:41+00:00",
        "kwh": 45.218
      },
      "geometry": {
        "type": "Point",
        "coordinates": [
          -114.963144,
          41.1107264
        ]
      }
    },
    {
      "type": "Feature",
      "properties": {
        "trip_id": "trip_014_2025-03-27_Yakima_to_North_Bend",
        "location": "Ely, NV",
        "datetime": "2025-03-28 23:53:04+00:00",
        "kwh": 61.349
      },
      "geometry": {
        "type": "Point",
        "coordinates": [
          -114.891718,
          39.2480588
        ]
      }
    },
    {
      "type": "Feature",
      "properties": {
        "trip_id": "trip_014_2025-03-27_Yakima_to_North_Bend",
        "location": "North Las Vegas, NV",
        "datetime": "2025-03-29 04:43:23+00:00",
        "kwh": 39.033
      },
      "geometry": {
        "type": "Point",
        "coordinates": [
          -115.1214745,
          36.2005191
        ]
      }
    },
    {
      "type": "Feature",
      "properties": {
        "trip_id": "trip_014_2025-03-27_Yakima_to_North_Bend",
        "location": "Las Vegas, NV - Paradise Road",
        "datetime": "2025-03-30 03:53:11+00:00",
        "kwh": 54.123
      },
      "geometry": {
        "type": "Point",
        "coordinates": [
          -115.1533529,
          36.1479102
        ]
      }
    },
    {
      "type": "Feature",
      "properties": {
        "trip_id": "trip_014_2025-03-27_Yakima_to_North_Bend",
        "location": "St. George, UT",
        "datetime": "2025-03-30 23:01:39+00:00",
        "kwh": 56.71
      },
      "geometry": {
        "type": "Point",
        "coordinates": [
          -113.5832063,
          37.1098772
        ]
      }
    },
    {
      "type": "Feature",
      "properties": {
        "trip_id": "trip_014_2025-03-27_Yakima_to_North_Bend",
        "location": "Ely, NV",
        "datetime": "2025-03-31 04:06:21+00:00",
        "kwh": 57.69
      },
      "geometry": {
        "type": "Point",
        "coordinates": [
          -114.891718,
          39.2480588
        ]
      }
    },
    {
      "type": "Feature",
      "properties": {
        "trip_id": "trip_014_2025-03-27_Yakima_to_North_Bend",
        "location": "Wells, NV",
        "datetime": "2025-03-31 07:01:49+00:00",
        "kwh": 41.53
      },
      "geometry": {
        "type": "Point",
        "coordinates": [
          -114.963144,
          41.1107264
        ]
      }
    },
    {
      "type": "Feature",
      "properties": {
        "trip_id": "trip_014_2025-03-27_Yakima_to_North_Bend",
        "location": "Twin Falls, ID",
        "datetime": "2025-03-31 18:40:54+00:00",
        "kwh": 52.443
      },
      "geometry": {
        "type": "Point",
        "coordinates": [
          -114.4700684,
          42.5558542
        ]
      }
    },
    {
      "type": "Feature",
      "properties": {
        "trip_id": "trip_014_2025-03-27_Yakima_to_North_Bend",
        "location": "Boise, ID - North Orchard Street",
        "datetime": "2025-03-31 21:10:43+00:00",
        "kwh": 49.58
      },
      "geometry": {
        "type": "Point",
        "coordinates": [
          -116.2434129,
          43.6207082
        ]
      }
    },
    {
      "type": "Feature",
      "properties": {
        "trip_id": "trip_014_2025-03-27_Yakima_to_North_Bend",
        "location": "Baker City, OR",
        "datetime": "2025-04-01 00:03:30+00:00",
        "kwh": 48.279
      },
      "geometry": {
        "type": "Point",
        "coordinates": [
          -117.834384,
          44.7748748
        ]
      }
    },
    {
      "type": "Feature",
      "properties": {
        "trip_id": "trip_014_2025-03-27_Yakima_to_North_Bend",
        "location": "Richland, WA",
        "datetime": "2025-04-01 03:16:54+00:00",
        "kwh": 42.988
      },
      "geometry": {
        "type": "Point",
        "coordinates": [
          -119.275205,
          46.2804298
        ]
      }
    },
    {
      "type": "Feature",
      "properties": {
        "trip_id": "trip_014_2025-03-27_Yakima_to_North_Bend",
        "location": "Ellensburg, WA - Canyon Road",
        "datetime": "2025-04-01 05:11:24+00:00",
        "kwh": 54.04
      },
      "geometry": {
        "type": "Point",
        "coordinates": [
          -120.5412264,
          46.9745887
        ]
      }
    },
    {
      "type": "Feature",
      "properties": {
        "trip_id": "trip_014_2025-03-27_Yakima_to_North_Bend",
        "location": "Cle Elum, WA",
        "datetime": "2025-04-13 19:20:02+00:00",
        "kwh": 63.66
      },
      "geometry": {
        "type": "Point",
        "coordinates": [
          -120.940063,
          47.1952417
        ]
      }
    },
    {
      "type": "Feature",
      "properties": {
        "trip_id": "trip_014_2025-03-27_Yakima_to_North_Bend",
        "location": "Leavenworth, WA - US-2",
        "datetime": "2025-04-26 19:39:27+00:00",
        "kwh": 37.739
      },
      "geometry": {
        "type": "Point",
        "coordinates": [
          -120.6622886,
          47.5957449
        ]
      }
    },
    {
      "type": "Feature",
      "properties": {
        "trip_id": "trip_014_2025-03-27_Yakima_to_North_Bend",
        "location": "North Bend, WA - South Fork Avenue Southwest",
        "datetime": "2025-04-27 02:26:00+00:00",
        "kwh": 22.016
      },
      "geometry": {
        "type": "Point",
        "coordinates": [
          -121.7907812,
          47.4891197
        ]
      }
    },
    {
      "type": "Feature",
      "properties": {
        "trip_id": "trip_015_2025-05-23_Renton_to_Chehalis",
        "name": "May 2025 \u2014 Renton \u2192 Chehalis",
        "color": "#9370DB"
      },
      "geometry": {
        "type": "LineString",
        "coordinates": [
          [
            -122.2212097,
            47.4438439
          ],
          [
            -122.330062,
            47.6038321
          ],
          [
            -122.330062,
            47.6038321
          ],
          [
            -123.1096706,
            48.0849312
          ],
          [
            -124.386165,
            47.950222
          ],
          [
            -123.815722,
            46.975371
          ],
          [
            -123.782945510337,
            46.99651230406231
          ],
          [
            -123.75014308076923,
            47.017644248459
          ],
          [
            -123.71731468307367,
            47.03876681885248
          ],
          [
            -123.68446028902073,
            47.05988000088365
          ],
          [
            -123.65157987037456,
            47.080983780172005
          ],
          [
            -123.618673398893,
            47.10207814231552
          ],
          [
            -123.58574084632775,
            47.12316307289068
          ],
          [
            -123.5527821844247,
            47.14423855745242
          ],
          [
            -123.51979738492366,
            47.16530458153416
          ],
          [
            -123.48678641955891,
            47.186361130647725
          ],
          [
            -123.45374926005904,
            47.20740819028336
          ],
          [
            -123.4206858781472,
            47.22844574590969
          ],
          [
            -123.38759624554123,
            47.24947378297369
          ],
          [
            -123.35448033395375,
            47.270492286900705
          ],
          [
            -123.32133811509235,
            47.291501243094395
          ],
          [
            -123.28816956065965,
            47.312500636936704
          ],
          [
            -123.25497464235355,
            47.33349045378788
          ],
          [
            -123.22175333186719,
            47.354470678986424
          ],
          [
            -123.18850560088929,
            47.37544129784905
          ],
          [
            -123.1552314211041,
            47.396402295670725
          ],
          [
            -123.12193076419172,
            47.41735365772458
          ],
          [
            -123.08860360182801,
            47.43829536926196
          ],
          [
            -123.055249905685,
            47.45922741551232
          ],
          [
            -123.0218696474308,
            47.48014978168328
          ],
          [
            -122.98846279872986,
            47.501062452960554
          ],
          [
            -122.95502933124307,
            47.52196541450798
          ],
          [
            -122.92156921662794,
            47.54285865146742
          ],
          [
            -122.88808242653867,
            47.56374214895883
          ],
          [
            -122.8545689326264,
            47.58461589208017
          ],
          [
            -122.82102870653924,
            47.605479865907434
          ],
          [
            -122.7874617199225,
            47.62633405549459
          ],
          [
            -122.75386794441881,
            47.647178445873585
          ],
          [
            -122.72024735166823,
            47.6680130220543
          ],
          [
            -122.68659991330846,
            47.68883776902458
          ],
          [
            -122.65292560097491,
            47.70965267175015
          ],
          [
            -122.61922438630097,
            47.730457715174644
          ],
          [
            -122.58549624091802,
            47.751252884219554
          ],
          [
            -122.55174113645569,
            47.77203816378423
          ],
          [
            -122.5179590445419,
            47.79281353874586
          ],
          [
            -122.48414993680315,
            47.81357899395944
          ],
          [
            -122.45031378486459,
            47.83433451425774
          ],
          [
            -122.41645056035013,
            47.855080084451345
          ],
          [
            -122.38256023488267,
            47.875815689328554
          ],
          [
            -122.34864278008429,
            47.896541313655405
          ],
          [
            -122.31469816757628,
            47.917256942175676
          ],
          [
            -122.28072636897937,
            47.93796255961084
          ],
          [
            -122.24672735591393,
            47.95865815066001
          ],
          [
            -122.21270109999999,
            47.9793437
          ],
          [
            -122.1288887,
            48.1896827
          ],
          [
            -122.2070775,
            47.6765382
          ],
          [
            -122.286878,
            48.0656302
          ],
          [
            -123.1096706,
            48.0849312
          ],
          [
            -124.386165,
            47.950222
          ],
          [
            -124.34551985272164,
            47.934398785852835
          ],
          [
            -124.30489958468601,
            47.91856123938147
          ],
          [
            -124.2643041893332,
            47.90270937731818
          ],
          [
            -124.22373366004156,
            47.88684321638553
          ],
          [
            -124.18318799012773,
            47.87096277329627
          ],
          [
            -124.14266717284707,
            47.85506806475332
          ],
          [
            -124.10217120139366,
            47.83915910744973
          ],
          [
            -124.06170006890078,
            47.82323591806865
          ],
          [
            -124.02125376844083,
            47.807298513283264
          ],
          [
            -123.9808322930258,
            47.791346909756804
          ],
          [
            -123.94043563560737,
            47.77538112414244
          ],
          [
            -123.90006378907714,
            47.75940117308333
          ],
          [
            -123.85971674626683,
            47.743407073212516
          ],
          [
            -123.81939449994854,
            47.72739884115293
          ],
          [
            -123.77909704283498,
            47.711376493517314
          ],
          [
            -123.73882436757957,
            47.69534004690821
          ],
          [
            -123.69857646677686,
            47.67928951791795
          ],
          [
            -123.65835333296255,
            47.663224923128595
          ],
          [
            -123.61815495861373,
            47.64714627911187
          ],
          [
            -123.57798133614932,
            47.631053602429176
          ],
          [
            -123.53783245792992,
            47.61494690963155
          ],
          [
            -123.49770831625837,
            47.5988262172596
          ],
          [
            -123.4576089033797,
            47.582691541843474
          ],
          [
            -123.41753421148157,
            47.56654289990289
          ],
          [
            -123.37748423269427,
            47.55038030794702
          ],
          [
            -123.33745895909108,
            47.534203782474485
          ],
          [
            -123.29745838268845,
            47.51801333997333
          ],
          [
            -123.25748249544621,
            47.501808996921
          ],
          [
            -123.21753128926778,
            47.485590769784274
          ],
          [
            -123.1776047560003,
            47.46935867501927
          ],
          [
            -123.13770288743505,
            47.45311272907137
          ],
          [
            -123.09782567530743,
            47.436852948375204
          ],
          [
            -123.05797311129736,
            47.42057934935468
          ],
          [
            -123.01814518702933,
            47.404291948422845
          ],
          [
            -122.97834189407274,
            47.3879907619819
          ],
          [
            -122.93856322394207,
            47.371675806423184
          ],
          [
            -122.89880916809703,
            47.35534709812715
          ],
          [
            -122.8590797179429,
            47.33900465346327
          ],
          [
            -122.81937486483059,
            47.32264848879009
          ],
          [
            -122.77969460005694,
            47.30627862045512
          ],
          [
            -122.74003891486497,
            47.28989506479487
          ],
          [
            -122.70040780044394,
            47.27349783813477
          ],
          [
            -122.66080124792974,
            47.25708695678916
          ],
          [
            -122.62121924840497,
            47.24066243706126
          ],
          [
            -122.58166179289917,
            47.22422429524311
          ],
          [
            -122.54212887238907,
            47.207772547615626
          ],
          [
            -122.50262047779879,
            47.19130721044845
          ],
          [
            -122.46313660000001,
            47.17482830000001
          ],
          [
            -122.46786478553092,
            47.14230646062883
          ],
          [
            -122.47258718983724,
            47.109784426950156
          ],
          [
            -122.47730382651872,
            47.07726219942221
          ],
          [
            -122.48201470913473,
            47.044739778501864
          ],
          [
            -122.48671985120438,
            47.012217164644646
          ],
          [
            -122.49141926620678,
            46.97969435830473
          ],
          [
            -122.496112967581,
            46.94717135993492
          ],
          [
            -122.5008009687264,
            46.9146481699867
          ],
          [
            -122.50548328300272,
            46.88212478891018
          ],
          [
            -122.51015992373019,
            46.84960121715417
          ],
          [
            -122.51483090418967,
            46.81707745516614
          ],
          [
            -122.51949623762293,
            46.78455350339221
          ],
          [
            -122.52415593723265,
            46.75202936227721
          ],
          [
            -122.5288100161826,
            46.71950503226465
          ],
          [
            -122.5334584875978,
            46.68698051379673
          ],
          [
            -122.53810136456475,
            46.65445580731433
          ],
          [
            -122.54273866013139,
            46.62193091325704
          ],
          [
            -122.54737038730741,
            46.589405832063164
          ],
          [
            -122.55199655906428,
            46.55688056416972
          ],
          [
            -122.55661718833547,
            46.524355110012394
          ],
          [
            -122.56123228801657,
            46.49182947002566
          ],
          [
            -122.56584187096543,
            46.459303644642645
          ],
          [
            -122.57044595000225,
            46.42677763429526
          ],
          [
            -122.57504453790982,
            46.39425143941414
          ],
          [
            -122.57963764743356,
            46.361725060428654
          ],
          [
            -122.58422529128168,
            46.329198497766875
          ],
          [
            -122.58880748212542,
            46.296671751855676
          ],
          [
            -122.59338423259905,
            46.26414482312066
          ],
          [
            -122.59795555530005,
            46.2316177119862
          ],
          [
            -122.60252146278933,
            46.19909041887542
          ],
          [
            -122.60708196759121,
            46.166562944210206
          ],
          [
            -122.61163708219367,
            46.13403528841122
          ],
          [
            -122.6161868190485,
            46.1015074518979
          ],
          [
            -122.6207311905713,
            46.06897943508846
          ],
          [
            -122.6252702091418,
            46.03645123839991
          ],
          [
            -122.62980388710379,
            46.003922862248025
          ],
          [
            -122.63433223676546,
            45.97139430704741
          ],
          [
            -122.63885527039936,
            45.93886557321144
          ],
          [
            -122.64337300024259,
            45.906336661152274
          ],
          [
            -122.64788543849697,
            45.873807571280935
          ],
          [
            -122.65239259732913,
            45.84127830400721
          ],
          [
            -122.65689448887068,
            45.808748859739715
          ],
          [
            -122.66139112521819,
            45.776219238885886
          ],
          [
            -122.66588251843359,
            45.74368944185199
          ],
          [
            -122.67036868054403,
            45.71115946904311
          ],
          [
            -122.67484962354213,
            45.67862932086318
          ],
          [
            -122.67932535938614,
            45.646098997714944
          ],
          [
            -122.68379589999999,
            45.6135685
          ],
          [
            -122.963432,
            46.6599653
          ]
        ]
      }
    },
    {
      "type": "Feature",
      "properties": {
        "trip_id": "trip_015_2025-05-23_Renton_to_Chehalis",
        "location": "Renton, WA - Southwest 41st Street",
        "datetime": "2025-05-23 00:57:12+00:00",
        "kwh": 4.752
      },
      "geometry": {
        "type": "Point",
        "coordinates": [
          -122.2212097,
          47.4438439
        ]
      }
    },
    {
      "type": "Feature",
      "properties": {
        "trip_id": "trip_015_2025-05-23_Renton_to_Chehalis",
        "location": "Seattle, WA",
        "datetime": "2025-06-04 20:47:27+00:00",
        "kwh": 40.0464
      },
      "geometry": {
        "type": "Point",
        "coordinates": [
          -122.330062,
          47.6038321
        ]
      }
    },
    {
      "type": "Feature",
      "properties": {
        "trip_id": "trip_015_2025-05-23_Renton_to_Chehalis",
        "location": "Seattle, WA",
        "datetime": "2025-06-06 18:04:13+00:00",
        "kwh": 38.7659
      },
      "geometry": {
        "type": "Point",
        "coordinates": [
          -122.330062,
          47.6038321
        ]
      }
    },
    {
      "type": "Feature",
      "properties": {
        "trip_id": "trip_015_2025-05-23_Renton_to_Chehalis",
        "location": "Sequim, WA",
        "datetime": "2025-06-07 20:44:38+00:00",
        "kwh": 48.7678
      },
      "geometry": {
        "type": "Point",
        "coordinates": [
          -123.1096706,
          48.0849312
        ]
      }
    },
    {
      "type": "Feature",
      "properties": {
        "trip_id": "trip_015_2025-05-23_Renton_to_Chehalis",
        "location": "Forks, WA",
        "datetime": "2025-06-08 19:04:32+00:00",
        "kwh": 41.0506
      },
      "geometry": {
        "type": "Point",
        "coordinates": [
          -124.386165,
          47.950222
        ]
      }
    },
    {
      "type": "Feature",
      "properties": {
        "trip_id": "trip_015_2025-05-23_Renton_to_Chehalis",
        "location": "Aberdeen, WA",
        "datetime": "2025-06-09 21:49:55+00:00",
        "kwh": 23.0106
      },
      "geometry": {
        "type": "Point",
        "coordinates": [
          -123.815722,
          46.975371
        ]
      }
    },
    {
      "type": "Feature",
      "properties": {
        "trip_id": "trip_015_2025-05-23_Renton_to_Chehalis",
        "location": "Everett, WA",
        "datetime": "2025-06-10 20:09:37+00:00",
        "kwh": 63.8252
      },
      "geometry": {
        "type": "Point",
        "coordinates": [
          -122.2127011,
          47.9793437
        ]
      }
    },
    {
      "type": "Feature",
      "properties": {
        "trip_id": "trip_015_2025-05-23_Renton_to_Chehalis",
        "location": "Arlington, WA",
        "datetime": "2025-06-13 20:29:52+00:00",
        "kwh": 39.475
      },
      "geometry": {
        "type": "Point",
        "coordinates": [
          -122.1288887,
          48.1896827
        ]
      }
    },
    {
      "type": "Feature",
      "properties": {
        "trip_id": "trip_015_2025-05-23_Renton_to_Chehalis",
        "location": "Kirkland, WA",
        "datetime": "2025-06-15 19:39:09+00:00",
        "kwh": 65.769
      },
      "geometry": {
        "type": "Point",
        "coordinates": [
          -122.2070775,
          47.6765382
        ]
      }
    },
    {
      "type": "Feature",
      "properties": {
        "trip_id": "trip_015_2025-05-23_Renton_to_Chehalis",
        "location": "Tulalip Bay, WA",
        "datetime": "2025-06-16 23:17:54+00:00",
        "kwh": 63.6109
      },
      "geometry": {
        "type": "Point",
        "coordinates": [
          -122.286878,
          48.0656302
        ]
      }
    },
    {
      "type": "Feature",
      "properties": {
        "trip_id": "trip_015_2025-05-23_Renton_to_Chehalis",
        "location": "Sequim, WA",
        "datetime": "2025-06-21 20:40:37+00:00",
        "kwh": 22.6748
      },
      "geometry": {
        "type": "Point",
        "coordinates": [
          -123.1096706,
          48.0849312
        ]
      }
    },
    {
      "type": "Feature",
      "properties": {
        "trip_id": "trip_015_2025-05-23_Renton_to_Chehalis",
        "location": "Forks, WA",
        "datetime": "2025-06-23 01:13:34+00:00",
        "kwh": 46.8888
      },
      "geometry": {
        "type": "Point",
        "coordinates": [
          -124.386165,
          47.950222
        ]
      }
    },
    {
      "type": "Feature",
      "properties": {
        "trip_id": "trip_015_2025-05-23_Renton_to_Chehalis",
        "location": "Tacoma, WA - South Hosmer Street",
        "datetime": "2025-06-23 07:29:59+00:00",
        "kwh": 11.3322
      },
      "geometry": {
        "type": "Point",
        "coordinates": [
          -122.4631366,
          47.1748283
        ]
      }
    },
    {
      "type": "Feature",
      "properties": {
        "trip_id": "trip_015_2025-05-23_Renton_to_Chehalis",
        "location": "Portland, OR - North Pavilion Avenue",
        "datetime": "2025-06-28 21:09:40+00:00",
        "kwh": 31.8258
      },
      "geometry": {
        "type": "Point",
        "coordinates": [
          -122.6837959,
          45.6135685
        ]
      }
    },
    {
      "type": "Feature",
      "properties": {
        "trip_id": "trip_015_2025-05-23_Renton_to_Chehalis",
        "location": "Chehalis, WA",
        "datetime": "2025-06-29 03:32:20+00:00",
        "kwh": 38.2076
      },
      "geometry": {
        "type": "Point",
        "coordinates": [
          -122.963432,
          46.6599653
        ]
      }
    },
    {
      "type": "Feature",
      "properties": {
        "trip_id": "trip_016_2025-08-10_Renton_to_Bellevue",
        "name": "Aug 2025 \u2014 Renton \u2192 Bellevue",
        "color": "#20B2AA"
      },
      "geometry": {
        "type": "LineString",
        "coordinates": [
          [
            -122.2212097,
            47.4438439
          ],
          [
            -122.043297,
            47.5348778
          ],
          [
            -122.2301808,
            47.3075369
          ],
          [
            -122.2070775,
            47.6765382
          ],
          [
            -122.1115836,
            47.6167921
          ]
        ]
      }
    },
    {
      "type": "Feature",
      "properties": {
        "trip_id": "trip_016_2025-08-10_Renton_to_Bellevue",
        "location": "Renton, WA - Southwest 41st Street",
        "datetime": "2025-08-10 18:16:08+00:00",
        "kwh": 56.3398
      },
      "geometry": {
        "type": "Point",
        "coordinates": [
          -122.2212097,
          47.4438439
        ]
      }
    },
    {
      "type": "Feature",
      "properties": {
        "trip_id": "trip_016_2025-08-10_Renton_to_Bellevue",
        "location": "Issaquah, WA",
        "datetime": "2025-08-22 19:51:37+00:00",
        "kwh": 24.0634
      },
      "geometry": {
        "type": "Point",
        "coordinates": [
          -122.043297,
          47.5348778
        ]
      }
    },
    {
      "type": "Feature",
      "properties": {
        "trip_id": "trip_016_2025-08-10_Renton_to_Bellevue",
        "location": "Auburn, WA",
        "datetime": "2025-08-30 20:01:59+00:00",
        "kwh": 31.6879
      },
      "geometry": {
        "type": "Point",
        "coordinates": [
          -122.2301808,
          47.3075369
        ]
      }
    },
    {
      "type": "Feature",
      "properties": {
        "trip_id": "trip_016_2025-08-10_Renton_to_Bellevue",
        "location": "Kirkland, WA",
        "datetime": "2025-09-07 19:10:56+00:00",
        "kwh": 32.4481
      },
      "geometry": {
        "type": "Point",
        "coordinates": [
          -122.2070775,
          47.6765382
        ]
      }
    },
    {
      "type": "Feature",
      "properties": {
        "trip_id": "trip_016_2025-08-10_Renton_to_Bellevue",
        "location": "Bellevue, WA - Northeast 8th Street",
        "datetime": "2025-09-11 01:53:07+00:00",
        "kwh": 48.2732
      },
      "geometry": {
        "type": "Point",
        "coordinates": [
          -122.1115836,
          47.6167921
        ]
      }
    },
    {
      "type": "Feature",
      "properties": {
        "trip_id": "trip_017_2025-10-26_Leavenworth_to_Leavenworth",
        "location": "Leavenworth, WA - US-2",
        "datetime": "2025-10-26 17:20:17+00:00",
        "kwh": 64.02
      },
      "geometry": {
        "type": "Point",
        "coordinates": [
          -120.6622886,
          47.5957449
        ]
      }
    },
    {
      "type": "Feature",
      "properties": {
        "trip_id": "trip_018_2025-11-22_Bellevue_to_Bellevue",
        "location": "Bellevue, WA - Northeast 8th Street",
        "datetime": "2025-11-22 00:31:21+00:00",
        "kwh": 16.613
      },
      "geometry": {
        "type": "Point",
        "coordinates": [
          -122.1115836,
          47.6167921
        ]
      }
    },
    {
      "type": "Feature",
      "properties": {
        "trip_id": "trip_019_2025-12-11_Bellevue_to_Rochester",
        "name": "Dec 2025 \u2014 Bellevue \u2192 Rochester",
        "color": "#00FA9A"
      },
      "geometry": {
        "type": "LineString",
        "coordinates": [
          [
            -122.1115836,
            47.6167921
          ],
          [
            -122.07743499771598,
            47.595904149275675
          ],
          [
            -122.04331365476342,
            47.57500607201271
          ],
          [
            -122.00921954262388,
            47.55409788370232
          ],
          [
            -121.9751526327792,
            47.53317959981314
          ],
          [
            -121.94111289671189,
            47.5122512357912
          ],
          [
            -121.90710030590515,
            47.49131280705993
          ],
          [
            -121.87311483184298,
            47.47036432902025
          ],
          [
            -121.83915644601053,
            47.449405817050526
          ],
          [
            -121.80522511989402,
            47.42843728650658
          ],
          [
            -121.77132082498113,
            47.40745875272179
          ],
          [
            -121.73744353276092,
            47.386470231007024
          ],
          [
            -121.70359321472418,
            47.36547173665071
          ],
          [
            -121.66976984236344,
            47.34446328491882
          ],
          [
            -121.6359733871732,
            47.32344489105492
          ],
          [
            -121.60220382065008,
            47.30241657028018
          ],
          [
            -121.56846111429292,
            47.2813783377934
          ],
          [
            -121.53474523960297,
            47.260330208771016
          ],
          [
            -121.50105616808402,
            47.239272198367146
          ],
          [
            -121.46739387124258,
            47.21820432171356
          ],
          [
            -121.43375832058793,
            47.197126593919755
          ],
          [
            -121.40014948763242,
            47.176039030072964
          ],
          [
            -121.36656734389149,
            47.154941645238125
          ],
          [
            -121.33301186088384,
            47.133834454458
          ],
          [
            -121.29948301013162,
            47.11271747275308
          ],
          [
            -121.26598076316053,
            47.09159071512172
          ],
          [
            -121.23250509149997,
            47.07045419654008
          ],
          [
            -121.19905596668315,
            47.049307931962154
          ],
          [
            -121.16563336024734,
            47.02815193631982
          ],
          [
            -121.13223724373388,
            47.00698622452287
          ],
          [
            -121.09886758868838,
            46.985810811458975
          ],
          [
            -121.06552436666084,
            46.964625711993754
          ],
          [
            -121.03220754920584,
            46.9434309409708
          ],
          [
            -120.99891710788263,
            46.922226513211655
          ],
          [
            -120.96565301425524,
            46.90101244351588
          ],
          [
            -120.93241523989263,
            46.87978874666103
          ],
          [
            -120.89920375636896,
            46.85855543740274
          ],
          [
            -120.86601853526345,
            46.8373125304747
          ],
          [
            -120.83285954816078,
            46.81606004058864
          ],
          [
            -120.79972676665105,
            46.794797982434446
          ],
          [
            -120.76662016233006,
            46.77352637068011
          ],
          [
            -120.73353970679922,
            46.75224521997179
          ],
          [
            -120.70048537166593,
            46.730954544933795
          ],
          [
            -120.66745712854356,
            46.70965436016866
          ],
          [
            -120.63445494905162,
            46.6883446802571
          ],
          [
            -120.60147880481587,
            46.66702551975808
          ],
          [
            -120.56852866746844,
            46.64569689320883
          ],
          [
            -120.53560450864805,
            46.62435881512487
          ],
          [
            -120.50270629999999,
            46.6030113
          ],
          [
            -120.46640082721831,
            46.583880888426165
          ],
          [
            -120.43012097591593,
            46.564739000050174
          ],
          [
            -120.39386672621886,
            46.54558565064328
          ],
          [
            -120.35763805822991,
            46.52642085595884
          ],
          [
            -120.32143495202897,
            46.50724463173223
          ],
          [
            -120.2852573876731,
            46.4880569936809
          ],
          [
            -120.24910534519677,
            46.468857957504355
          ],
          [
            -120.21297880461206,
            46.44964753888417
          ],
          [
            -120.17687774590883,
            46.43042575348397
          ],
          [
            -120.14080214905484,
            46.41119261694941
          ],
          [
            -120.10475199399605,
            46.39194814490821
          ],
          [
            -120.06872726065667,
            46.37269235297017
          ],
          [
            -120.0327279289395,
            46.35342525672709
          ],
          [
            -119.99675397872593,
            46.3341468717529
          ],
          [
            -119.96080538987628,
            46.314857213603496
          ],
          [
            -119.9248821422298,
            46.29555629781688
          ],
          [
            -119.88898421560512,
            46.276244139913075
          ],
          [
            -119.85311158980011,
            46.25692075539418
          ],
          [
            -119.81726424459231,
            46.237586159744346
          ],
          [
            -119.78144215973896,
            46.21824036842976
          ],
          [
            -119.74564531497727,
            46.19888339689867
          ],
          [
            -119.70987369002451,
            46.17951526058139
          ],
          [
            -119.67412726457823,
            46.16013597489025
          ],
          [
            -119.63840601831647,
            46.1407455552197
          ],
          [
            -119.60270993089786,
            46.121344016946175
          ],
          [
            -119.56703898196182,
            46.10193137542824
          ],
          [
            -119.53139315112877,
            46.08250764600645
          ],
          [
            -119.49577241800027,
            46.063072844003464
          ],
          [
            -119.46017676215918,
            46.043626984724
          ],
          [
            -119.42460616316983,
            46.02417008345483
          ],
          [
            -119.38906060057826,
            46.004702155464784
          ],
          [
            -119.35354005391227,
            45.98522321600478
          ],
          [
            -119.31804450268172,
            45.96573328030779
          ],
          [
            -119.28257392637853,
            45.94623236358888
          ],
          [
            -119.24712830447713,
            45.926720481045145
          ],
          [
            -119.21170761643421,
            45.9071976478558
          ],
          [
            -119.17631184168935,
            45.88766387918212
          ],
          [
            -119.14094095966482,
            45.86811919016746
          ],
          [
            -119.10559494976592,
            45.84856359593728
          ],
          [
            -119.07027379138114,
            45.82899711159909
          ],
          [
            -119.03497746388226,
            45.80941975224251
          ],
          [
            -118.99970594662457,
            45.78983153293926
          ],
          [
            -118.96445921894701,
            45.770232468743146
          ],
          [
            -118.92923726017234,
            45.75062257469008
          ],
          [
            -118.89404004960727,
            45.731001865798056
          ],
          [
            -118.85886756654264,
            45.71137035706721
          ],
          [
            -118.82371979025368,
            45.69172806347974
          ],
          [
            -118.7885967,
            45.672075
          ],
          [
            -117.834384,
            44.7748748
          ],
          [
            -116.9629378,
            44.0265525
          ],
          [
            -116.9504158,
            44.0214741
          ],
          [
            -116.92385870566228,
            44.00308287727375
          ],
          [
            -116.89731807475788,
            43.98468550736405
          ],
          [
            -116.87079389200451,
            43.9662819980275
          ],
          [
            -116.84428614212477,
            43.94787235701109
          ],
          [
            -116.81779480984608,
            43.929456592052354
          ],
          [
            -116.79131987990071,
            43.9110347108792
          ],
          [
            -116.76486133702598,
            43.89260672121004
          ],
          [
            -116.73841916596402,
            43.874172630753776
          ],
          [
            -116.71199335146204,
            43.85573244720977
          ],
          [
            -116.6855838782723,
            43.8372861782679
          ],
          [
            -116.65919073115204,
            43.81883383160856
          ],
          [
            -116.63281389486372,
            43.80037541490263
          ],
          [
            -116.60645335417483,
            43.78191093581153
          ],
          [
            -116.58010909385807,
            43.763440401987225
          ],
          [
            -116.55378109869137,
            43.74496382107219
          ],
          [
            -116.52746935345792,
            43.726481200699475
          ],
          [
            -116.50117384294606,
            43.7079925484927
          ],
          [
            -116.47489455194959,
            43.689497872066035
          ],
          [
            -116.44863146526755,
            43.67099717902422
          ],
          [
            -116.42238456770443,
            43.65249047696261
          ],
          [
            -116.39615384407004,
            43.63397777346716
          ],
          [
            -116.3699392791797,
            43.61545907611438
          ],
          [
            -116.34374085785421,
            43.596934392471454
          ],
          [
            -116.31755856491982,
            43.57840373009618
          ],
          [
            -116.2913923852084,
            43.55986709653696
          ],
          [
            -116.26524230355732,
            43.54132449933286
          ],
          [
            -116.23910830480958,
            43.52277594601361
          ],
          [
            -116.21299037381384,
            43.504221444099564
          ],
          [
            -116.1868884954244,
            43.48566100110179
          ],
          [
            -116.1608026545013,
            43.46709462452202
          ],
          [
            -116.13473283591028,
            43.448522321852664
          ],
          [
            -116.10867902452286,
            43.42994410057685
          ],
          [
            -116.08264120521635,
            43.41135996816837
          ],
          [
            -116.0566193628739,
            43.39276993209181
          ],
          [
            -116.03061348238448,
            43.37417399980241
          ],
          [
            -116.00462354864302,
            43.355572178746186
          ],
          [
            -115.97864954655034,
            43.33696447635988
          ],
          [
            -115.95269146101317,
            43.318350900071
          ],
          [
            -115.92674927694429,
            43.29973145729784
          ],
          [
            -115.90082297926241,
            43.28110615544939
          ],
          [
            -115.87491255289241,
            43.26247500192552
          ],
          [
            -115.8490179827651,
            43.24383800411683
          ],
          [
            -115.82313925381749,
            43.22519516940472
          ],
          [
            -115.79727635099268,
            43.20654650516145
          ],
          [
            -115.77142925923997,
            43.18789201875004
          ],
          [
            -115.74559796351475,
            43.16923171752437
          ],
          [
            -115.71978244877882,
            43.150565608829176
          ],
          [
            -115.6939827,
            43.1318937
          ],
          [
            -114.4700684,
            42.5558542
          ],
          [
            -114.48057138999744,
            42.52576921027575
          ],
          [
            -114.49106426856378,
            42.49568326240215
          ],
          [
            -114.5015470557508,
            42.46559635830975
          ],
          [
            -114.51201977156265,
            42.43550849992434
          ],
          [
            -114.52248243595582,
            42.40541968916704
          ],
          [
            -114.53293506883946,
            42.37532992795428
          ],
          [
            -114.5433776900754,
            42.34523921819787
          ],
          [
            -114.55381031947837,
            42.31514756180491
          ],
          [
            -114.56423297681611,
            42.28505496067796
          ],
          [
            -114.5746456818095,
            42.25496141671485
          ],
          [
            -114.5850484541327,
            42.22486693180891
          ],
          [
            -114.59544131341337,
            42.194771507848806
          ],
          [
            -114.60582427923268,
            42.16467514671868
          ],
          [
            -114.61619737112551,
            42.134577850298086
          ],
          [
            -114.62656060858065,
            42.10447962046206
          ],
          [
            -114.63691401104086,
            42.074380459081056
          ],
          [
            -114.64725759790299,
            42.04428036802106
          ],
          [
            -114.65759138851823,
            42.01417934914351
          ],
          [
            -114.66791540219207,
            41.984077404305424
          ],
          [
            -114.67822965818468,
            41.95397453535926
          ],
          [
            -114.68853417571079,
            41.92387074415306
          ],
          [
            -114.69882897394,
            41.89376603253041
          ],
          [
            -114.70911407199681,
            41.86366040233045
          ],
          [
            -114.71938948896091,
            41.83355385538792
          ],
          [
            -114.72965524386704,
            41.80344639353313
          ],
          [
            -114.73991135570546,
            41.77333801859201
          ],
          [
            -114.75015784342183,
            41.74322873238608
          ],
          [
            -114.76039472591738,
            41.71311853673255
          ],
          [
            -114.77062202204921,
            41.68300743344422
          ],
          [
            -114.78083975063018,
            41.65289542432958
          ],
          [
            -114.79104793042929,
            41.62278251119277
          ],
          [
            -114.80124658017154,
            41.59266869583364
          ],
          [
            -114.81143571853835,
            41.56255398004771
          ],
          [
            -114.82161536416739,
            41.53243836562626
          ],
          [
            -114.831785535653,
            41.502321854356246
          ],
          [
            -114.84194625154615,
            41.47220444802037
          ],
          [
            -114.85209753035451,
            41.44208614839712
          ],
          [
            -114.86223939054283,
            41.411966957260695
          ],
          [
            -114.87237185053276,
            41.381846876381125
          ],
          [
            -114.88249492870318,
            41.3517259075242
          ],
          [
            -114.89260864339035,
            41.321604052451505
          ],
          [
            -114.90271301288783,
            41.29148131292046
          ],
          [
            -114.9128080554468,
            41.26135769068433
          ],
          [
            -114.9228937892761,
            41.23123318749214
          ],
          [
            -114.93297023254247,
            41.201107805088874
          ],
          [
            -114.94303740337044,
            41.170981545215334
          ],
          [
            -114.95309531984269,
            41.140854409608174
          ],
          [
            -114.96314400000001,
            41.11072639999999
          ],
          [
            -114.96161516932523,
            41.07192128138815
          ],
          [
            -114.96008814234737,
            41.0331161425946
          ],
          [
            -114.95856291447888,
            40.994310983670665
          ],
          [
            -114.95703948114618,
            40.95550580466754
          ],
          [
            -114.95551783778991,
            40.91670060563625
          ],
          [
            -114.95399797986455,
            40.87789538662767
          ],
          [
            -114.95247990283852,
            40.8390901476925
          ],
          [
            -114.95096360219421,
            40.80028488888132
          ],
          [
            -114.94944907342767,
            40.76147961024452
          ],
          [
            -114.94793631204885,
            40.72267431183236
          ],
          [
            -114.94642531358133,
            40.683868993694915
          ],
          [
            -114.94491607356238,
            40.645063655882154
          ],
          [
            -114.9434085875428,
            40.606258298443855
          ],
          [
            -114.94190285108705,
            40.567452921429656
          ],
          [
            -114.94039885977296,
            40.52864752488905
          ],
          [
            -114.93889660919187,
            40.489842108871386
          ],
          [
            -114.93739609494844,
            40.45103667342583
          ],
          [
            -114.93589731266077,
            40.41223121860145
          ],
          [
            -114.9344002579601,
            40.37342574444711
          ],
          [
            -114.93290492649098,
            40.33462025101157
          ],
          [
            -114.93141131391111,
            40.295814738343424
          ],
          [
            -114.92991941589132,
            40.257009206491105
          ],
          [
            -114.92842922811553,
            40.21820365550293
          ],
          [
            -114.92694074628064,
            40.17939808542706
          ],
          [
            -114.92545396609647,
            40.14059249631149
          ],
          [
            -114.9239688832859,
            40.10178688820411
          ],
          [
            -114.9224854935845,
            40.06298126115261
          ],
          [
            -114.92100379274086,
            40.0241756152046
          ],
          [
            -114.91952377651612,
            39.9853699504075
          ],
          [
            -114.91804544068425,
            39.94656426680861
          ],
          [
            -114.91656878103191,
            39.90775856445507
          ],
          [
            -114.91509379335828,
            39.86895284339391
          ],
          [
            -114.91362047347516,
            39.83014710367199
          ],
          [
            -114.91214881720693,
            39.79134134533605
          ],
          [
            -114.9106788203903,
            39.752535568432656
          ],
          [
            -114.9092104788745,
            39.71372977300828
          ],
          [
            -114.90774378852106,
            39.67492395910924
          ],
          [
            -114.90627874520395,
            39.63611812678171
          ],
          [
            -114.90481534480928,
            39.59731227607171
          ],
          [
            -114.90335358323546,
            39.55850640702515
          ],
          [
            -114.90189345639304,
            39.519700519687795
          ],
          [
            -114.90043496020476,
            39.48089461410529
          ],
          [
            -114.89897809060541,
            39.442088690323104
          ],
          [
            -114.89752284354178,
            39.40328274838661
          ],
          [
            -114.89606921497273,
            39.36447678834103
          ],
          [
            -114.89461720086899,
            39.32567081023145
          ],
          [
            -114.89316679721325,
            39.28686481410284
          ],
          [
            -114.891718,
            39.2480588
          ],
          [
            -114.89705614421837,
            39.1844749547133
          ],
          [
            -114.9023846395074,
            39.120890866300435
          ],
          [
            -114.90770352505722,
            39.057306535749824
          ],
          [
            -114.91301283986994,
            38.993721964045115
          ],
          [
            -114.91831262276084,
            38.93013715216526
          ],
          [
            -114.92360291235951,
            38.86655210108448
          ],
          [
            -114.92888374711103,
            38.8029668117724
          ],
          [
            -114.93415516527719,
            38.73938128519395
          ],
          [
            -114.93941720493754,
            38.6757955223095
          ],
          [
            -114.9446699039906,
            38.612209524074835
          ],
          [
            -114.94991330015496,
            38.54862329144119
          ],
          [
            -114.95514743097037,
            38.4850368253553
          ],
          [
            -114.96037233379893,
            38.42145012675939
          ],
          [
            -114.96558804582615,
            38.35786319659124
          ],
          [
            -114.97079460406206,
            38.2942760357842
          ],
          [
            -114.9759920453423,
            38.23068864526721
          ],
          [
            -114.98118040632914,
            38.16710102596485
          ],
          [
            -114.9863597235127,
            38.10351317879731
          ],
          [
            -114.9915300332119,
            38.039925104680485
          ],
          [
            -114.9966913715755,
            37.97633680452599
          ],
          [
            -115.00184377458324,
            37.91274827924115
          ],
          [
            -115.00698727804685,
            37.84915952972904
          ],
          [
            -115.01212191761103,
            37.78557055688852
          ],
          [
            -115.01724772875461,
            37.72198136161429
          ],
          [
            -115.02236474679141,
            37.658391944796854
          ],
          [
            -115.02747300687135,
            37.59480230732259
          ],
          [
            -115.03257254398147,
            37.53121245007373
          ],
          [
            -115.03766339294685,
            37.46762237392847
          ],
          [
            -115.04274558843169,
            37.40403207976092
          ],
          [
            -115.0478191649402,
            37.340441568441136
          ],
          [
            -115.05288415681768,
            37.27685084083517
          ],
          [
            -115.05794059825146,
            37.213259897805116
          ],
          [
            -115.06298852327176,
            37.14966874020904
          ],
          [
            -115.06802796575283,
            37.086077368901115
          ],
          [
            -115.07305895941373,
            37.0224857847316
          ],
          [
            -115.07808153781939,
            36.95889398854682
          ],
          [
            -115.08309573438149,
            36.89530198118928
          ],
          [
            -115.0881015823594,
            36.83170976349759
          ],
          [
            -115.0930991148611,
            36.76811733630659
          ],
          [
            -115.09808836484412,
            36.70452470044729
          ],
          [
            -115.10306936511641,
            36.64093185674691
          ],
          [
            -115.10804214833733,
            36.57733880602896
          ],
          [
            -115.11300674701839,
            36.513745549113175
          ],
          [
            -115.11796319352436,
            36.45015208681562
          ],
          [
            -115.12291152007388,
            36.38655841994864
          ],
          [
            -115.12785175874065,
            36.32296454932094
          ],
          [
            -115.13278394145398,
            36.25937047573758
          ],
          [
            -115.13770810000001,
            36.1957762
          ],
          [
            -115.1360767,
            36.1607456
          ],
          [
            -115.102986264978,
            36.18343528735335
          ],
          [
            -115.06987665833253,
            36.206115862912014
          ],
          [
            -115.03674786073026,
            36.228787313819694
          ],
          [
            -115.00359985283798,
            36.25144962720464
          ],
          [
            -114.97043261532278,
            36.2741027901797
          ],
          [
            -114.93724612885202,
            36.29674678984217
          ],
          [
            -114.9040403740935,
            36.319381613273904
          ],
          [
            -114.8708153317154,
            36.342007247541275
          ],
          [
            -114.83757098238657,
            36.36462367969508
          ],
          [
            -114.8043073067763,
            36.38723089677069
          ],
          [
            -114.77102428555474,
            36.40982888578787
          ],
          [
            -114.73772189939265,
            36.432417633750845
          ],
          [
            -114.70440012896175,
            36.45499712764833
          ],
          [
            -114.6710589549346,
            36.477567354453434
          ],
          [
            -114.63769835798476,
            36.50012830112371
          ],
          [
            -114.60431831878691,
            36.52267995460108
          ],
          [
            -114.57091881801679,
            36.54522230181191
          ],
          [
            -114.53749983635142,
            36.567755329666916
          ],
          [
            -114.50406135446909,
            36.590279025061214
          ],
          [
            -114.47060335304946,
            36.61279337487428
          ],
          [
            -114.43712581277369,
            36.63529836596991
          ],
          [
            -114.40362871432443,
            36.65779398519627
          ],
          [
            -114.37011203838595,
            36.68028021938585
          ],
          [
            -114.33657576564423,
            36.702757055355455
          ],
          [
            -114.30301987678696,
            36.72522447990618
          ],
          [
            -114.26944435250378,
            36.74768247982345
          ],
          [
            -114.23584917348617,
            36.77013104187693
          ],
          [
            -114.20223432042768,
            36.79257015282061
          ],
          [
            -114.16859977402392,
            36.81499979939268
          ],
          [
            -114.13494551497266,
            36.83741996831562
          ],
          [
            -114.10127152397398,
            36.85983064629615
          ],
          [
            -114.06757778173025,
            36.88223182002521
          ],
          [
            -114.03386426894629,
            36.90462347617795
          ],
          [
            -114.0001309663294,
            36.92700560141374
          ],
          [
            -113.96637785458945,
            36.94937818237612
          ],
          [
            -113.93260491443903,
            36.97174120569286
          ],
          [
            -113.89881212659346,
            36.994094657975886
          ],
          [
            -113.86499947177084,
            37.01643852582127
          ],
          [
            -113.83116693069229,
            37.038772795809244
          ],
          [
            -113.79731448408187,
            37.061097454504186
          ],
          [
            -113.76344211266674,
            37.08341248845464
          ],
          [
            -113.72954979717724,
            37.10571788419322
          ],
          [
            -113.69563751834701,
            37.12801362823668
          ],
          [
            -113.66170525691298,
            37.15029970708587
          ],
          [
            -113.62775299361554,
            37.17257610722575
          ],
          [
            -113.5937807091986,
            37.19484281512531
          ],
          [
            -113.55978838440967,
            37.21709981723768
          ],
          [
            -113.525776,
            37.239347099999996
          ],
          [
            -113.48250464371249,
            37.232953904130696
          ],
          [
            -113.43924063437828,
            37.22654496794575
          ],
          [
            -113.3959839870984,
            37.220120297774564
          ],
          [
            -113.35273471694626,
            37.21367989995911
          ],
          [
            -113.30949283896744,
            37.20722378085393
          ],
          [
            -113.26625836817983,
            37.20075194682614
          ],
          [
            -113.22303131957347,
            37.194264404255286
          ],
          [
            -113.17981170811058,
            37.18776115953348
          ],
          [
            -113.13659954872547,
            37.18124221906524
          ],
          [
            -113.0933948563246,
            37.17470758926756
          ],
          [
            -113.05019764578638,
            37.16815727656979
          ],
          [
            -113.00700793196133,
            37.16159128741369
          ],
          [
            -112.9638257296719,
            37.15500962825338
          ],
          [
            -112.92065105371249,
            37.1484123055553
          ],
          [
            -112.87748391884945,
            37.141799325798154
          ],
          [
            -112.83432433982094,
            37.13517069547298
          ],
          [
            -112.79117233133701,
            37.12852642108302
          ],
          [
            -112.74802790807952,
            37.121866509143764
          ],
          [
            -112.70489108470208,
            37.11519096618288
          ],
          [
            -112.66176187583007,
            37.1084997987402
          ],
          [
            -112.61864029606056,
            37.101793013367725
          ],
          [
            -112.5755263599623,
            37.09507061662953
          ],
          [
            -112.53242008207567,
            37.08833261510182
          ],
          [
            -112.4893214769127,
            37.08157901537284
          ],
          [
            -112.44623055895697,
            37.074809824042866
          ],
          [
            -112.4031473426636,
            37.068025047724205
          ],
          [
            -112.36007184245925,
            37.0612246930411
          ],
          [
            -112.31700407274202,
            37.05440876662982
          ],
          [
            -112.27394404788154,
            37.047577275138494
          ],
          [
            -112.23089178221879,
            37.04073022522719
          ],
          [
            -112.18784729006614,
            37.03386762356784
          ],
          [
            -112.14481058570738,
            37.02698947684423
          ],
          [
            -112.10178168339756,
            37.02009579175197
          ],
          [
            -112.05876059736309,
            37.01318657499843
          ],
          [
            -112.01574734180159,
            37.006261833302815
          ],
          [
            -111.97274193088195,
            36.99932157339601
          ],
          [
            -111.92974437874427,
            36.99236580202063
          ],
          [
            -111.88675469949986,
            36.98539452593099
          ],
          [
            -111.84377290723108,
            36.978407751893066
          ],
          [
            -111.80079901599153,
            36.97140548668444
          ],
          [
            -111.75783303980582,
            36.96438773709432
          ],
          [
            -111.71487499266968,
            36.957354509923505
          ],
          [
            -111.67192488854982,
            36.95030581198433
          ],
          [
            -111.62898274138404,
            36.94324165010065
          ],
          [
            -111.58604856508101,
            36.93616203110782
          ],
          [
            -111.54312237352045,
            36.92906696185269
          ],
          [
            -111.50020418055294,
            36.92195644919352
          ],
          [
            -111.457294,
            36.91483050000001
          ],
          [
            -111.46094777102283,
            36.879002784285895
          ],
          [
            -111.46459811539458,
            36.84317495682526
          ],
          [
            -111.46824504077348,
            36.807347017868196
          ],
          [
            -111.47188855479818,
            36.77151896766415
          ],
          [
            -111.47552866508778,
            36.735690806461946
          ],
          [
            -111.4791653792419,
            36.699862534509734
          ],
          [
            -111.48279870484077,
            36.664034152055045
          ],
          [
            -111.48642864944529,
            36.628205659344815
          ],
          [
            -111.49005522059704,
            36.5923770566253
          ],
          [
            -111.49367842581844,
            36.55654834414214
          ],
          [
            -111.49729827261275,
            36.52071952214037
          ],
          [
            -111.50091476846411,
            36.48489059086435
          ],
          [
            -111.50452792083772,
            36.44906155055788
          ],
          [
            -111.50813773717977,
            36.41323240146409
          ],
          [
            -111.51174422491758,
            36.377403143825546
          ],
          [
            -111.51534739145966,
            36.34157377788413
          ],
          [
            -111.51894724419577,
            36.305744303881156
          ],
          [
            -111.52254379049695,
            36.26991472205732
          ],
          [
            -111.52613703771563,
            36.23408503265271
          ],
          [
            -111.52972699318565,
            36.19825523590678
          ],
          [
            -111.53331366422236,
            36.16242533205841
          ],
          [
            -111.53689705812268,
            36.12659532134587
          ],
          [
            -111.5404771821651,
            36.090765204006814
          ],
          [
            -111.54405404360988,
            36.0549349802783
          ],
          [
            -111.54762764969891,
            36.01910465039681
          ],
          [
            -111.55119800765597,
            35.983274214598204
          ],
          [
            -111.5547651246867,
            35.94744367311777
          ],
          [
            -111.5583290079786,
            35.91161302619018
          ],
          [
            -111.56188966470121,
            35.875782274049534
          ],
          [
            -111.56544710200616,
            35.839951416929345
          ],
          [
            -111.56900132702707,
            35.80412045506254
          ],
          [
            -111.57255234687985,
            35.76828938868146
          ],
          [
            -111.57610016866256,
            35.73245821801785
          ],
          [
            -111.57964479945558,
            35.696626943302896
          ],
          [
            -111.58318624632165,
            35.660795564767206
          ],
          [
            -111.58672451630586,
            35.624964082640794
          ],
          [
            -111.59025961643583,
            35.58913249715312
          ],
          [
            -111.59379155372167,
            35.553300808533066
          ],
          [
            -111.5973203351561,
            35.517469017008935
          ],
          [
            -111.60084596771442,
            35.48163712280848
          ],
          [
            -111.60436845835471,
            35.44580512615887
          ],
          [
            -111.60788781401773,
            35.4099730272867
          ],
          [
            -111.61140404162713,
            35.374140826418056
          ],
          [
            -111.61491714808935,
            35.3383085237784
          ],
          [
            -111.61842714029382,
            35.30247611959266
          ],
          [
            -111.62193402511296,
            35.26664361408523
          ],
          [
            -111.62543780940217,
            35.23081100747993
          ],
          [
            -111.6289385,
            35.1949783
          ],
          [
            -112.187294,
            35.2508504
          ],
          [
            -112.23319512142923,
            35.26099994424189
          ],
          [
            -112.27910773208771,
            35.27113215011459
          ],
          [
            -112.32503181949899,
            35.281247006774194
          ],
          [
            -112.37096737114246,
            35.29134450338778
          ],
          [
            -112.41691437445336,
            35.301424629133464
          ],
          [
            -112.46287281682287,
            35.31148737320045
          ],
          [
            -112.50884268559795,
            35.32153272478905
          ],
          [
            -112.55482396808151,
            35.331560673110744
          ],
          [
            -112.60081665153224,
            35.34157120738822
          ],
          [
            -112.64682072316472,
            35.35156431685542
          ],
          [
            -112.69283617014945,
            35.36153999075757
          ],
          [
            -112.7388629796127,
            35.37149821835124
          ],
          [
            -112.78490113863664,
            35.3814389889044
          ],
          [
            -112.83095063425937,
            35.39136229169641
          ],
          [
            -112.87701145347475,
            35.401268116018116
          ],
          [
            -112.92308358323255,
            35.411156451171884
          ],
          [
            -112.96916701043845,
            35.421027286471634
          ],
          [
            -113.01526172195398,
            35.430880611242856
          ],
          [
            -113.06136770459648,
            35.44071641482273
          ],
          [
            -113.10748494513926,
            35.450534686560104
          ],
          [
            -113.15361343031148,
            35.46033541581552
          ],
          [
            -113.19975314679816,
            35.47011859196137
          ],
          [
            -113.24590408124024,
            35.4798842043818
          ],
          [
            -113.29206622023452,
            35.48963224247284
          ],
          [
            -113.33823955033375,
            35.499362695642425
          ],
          [
            -113.38442405804653,
            35.50907555331044
          ],
          [
            -113.4306197298374,
            35.51877080490878
          ],
          [
            -113.4768265521268,
            35.52844843988133
          ],
          [
            -113.52304451129108,
            35.53810844768412
          ],
          [
            -113.56927359366254,
            35.54775081778524
          ],
          [
            -113.61551378552943,
            35.557375539665
          ],
          [
            -113.66176507313585,
            35.56698260281588
          ],
          [
            -113.70802744268198,
            35.576571996742665
          ],
          [
            -113.75430088032381,
            35.58614371096239
          ],
          [
            -113.8005853721734,
            35.59569773500447
          ],
          [
            -113.84688090429873,
            35.60523405841068
          ],
          [
            -113.8931874627238,
            35.61475267073525
          ],
          [
            -113.93950503342855,
            35.624253561544876
          ],
          [
            -113.9858336023489,
            35.63373672041876
          ],
          [
            -114.03217315537688,
            35.6432021369487
          ],
          [
            -114.07852367836043,
            35.65264980073908
          ],
          [
            -114.12488515710356,
            35.66207970140691
          ],
          [
            -114.17125757736632,
            35.67149182858196
          ],
          [
            -114.2176409248648,
            35.68088617190668
          ],
          [
            -114.26403518527114,
            35.69026272103631
          ],
          [
            -114.31044034421356,
            35.69962146563897
          ],
          [
            -114.3568563872764,
            35.708962395395574
          ],
          [
            -114.4032833,
            35.7182855
          ],
          [
            -114.4368862926382,
            35.72863001128013
          ],
          [
            -114.47049801065243,
            35.73896517788732
          ],
          [
            -114.50411845173602,
            35.74929099383855
          ],
          [
            -114.53774761356615,
            35.75960745315189
          ],
          [
            -114.57138549380379,
            35.769914549846504
          ],
          [
            -114.60503209009369,
            35.7802122779427
          ],
          [
            -114.63868740006438,
            35.790500631461896
          ],
          [
            -114.67235142132817,
            35.80077960442666
          ],
          [
            -114.70602415148116,
            35.811049190860686
          ],
          [
            -114.73970558810305,
            35.821309384788854
          ],
          [
            -114.77339572875734,
            35.8315601802372
          ],
          [
            -114.80709457099121,
            35.84180157123294
          ],
          [
            -114.84080211233554,
            35.852033551804524
          ],
          [
            -114.87451835030483,
            35.86225611598154
          ],
          [
            -114.90824328239722,
            35.87246925779485
          ],
          [
            -114.94197690609458,
            35.88267297127651
          ],
          [
            -114.97571921886225,
            35.89286725045984
          ],
          [
            -115.00947021814932,
            35.90305208937937
          ],
          [
            -115.04322990138834,
            35.913227482070944
          ],
          [
            -115.07699826599548,
            35.923393422571635
          ],
          [
            -115.1107753093705,
            35.93354990491982
          ],
          [
            -115.14456102889665,
            35.94369692315518
          ],
          [
            -115.17835542194067,
            35.95383447131867
          ],
          [
            -115.21215848585292,
            35.9639625434526
          ],
          [
            -115.24597021796713,
            35.97408113360058
          ],
          [
            -115.27979061560059,
            35.98419023580757
          ],
          [
            -115.31361967605397,
            35.99428984411988
          ],
          [
            -115.34745739661152,
            36.004379952585204
          ],
          [
            -115.38130377454074,
            36.014460555252576
          ],
          [
            -115.41515880709271,
            36.02453164617244
          ],
          [
            -115.4490224915018,
            36.03459321939664
          ],
          [
            -115.48289482498579,
            36.044645268978385
          ],
          [
            -115.51677580474586,
            36.05468778897237
          ],
          [
            -115.55066542796652,
            36.064720773434686
          ],
          [
            -115.58456369181562,
            36.07474421642285
          ],
          [
            -115.61847059344437,
            36.08475811199587
          ],
          [
            -115.65238612998718,
            36.094762454214205
          ],
          [
            -115.68631029856192,
            36.104757237139786
          ],
          [
            -115.72024309626958,
            36.11474245483603
          ],
          [
            -115.75418452019453,
            36.12471810136789
          ],
          [
            -115.78813456740428,
            36.134684170801776
          ],
          [
            -115.82209323494972,
            36.14464065720568
          ],
          [
            -115.85606051986483,
            36.15458755464907
          ],
          [
            -115.89003641916683,
            36.16452485720302
          ],
          [
            -115.92402092985618,
            36.174452558940104
          ],
          [
            -115.95801404891644,
            36.18437065393453
          ],
          [
            -115.99201577331444,
            36.19427913626205
          ],
          [
            -116.0260261,
            36.204178
          ],
          [
            -116.0694137,
            35.275455
          ],
          [
            -117.0025044,
            34.8937247
          ],
          [
            -117.0306723960216,
            34.877150394633894
          ],
          [
            -117.0588290330596,
            34.860569595637536
          ],
          [
            -117.08697431825438,
            34.84398230963268
          ],
          [
            -117.11510825875145,
            34.827388543236175
          ],
          [
            -117.1432308617012,
            34.81078830305992
          ],
          [
            -117.17134213425895,
            34.794181595710945
          ],
          [
            -117.19944208358494,
            34.77756842779129
          ],
          [
            -117.22753071684424,
            34.76094880589813
          ],
          [
            -117.25560804120677,
            34.74432273662367
          ],
          [
            -117.28367406384733,
            34.72769022655523
          ],
          [
            -117.31172879194538,
            34.71105128227519
          ],
          [
            -117.3397722326853,
            34.69440591036102
          ],
          [
            -117.3678043932561,
            34.67775411738525
          ],
          [
            -117.39582528085148,
            34.66109590991549
          ],
          [
            -117.42383490266994,
            34.64443129451447
          ],
          [
            -117.45183326591452,
            34.627760277739924
          ],
          [
            -117.47982037779292,
            34.61108286614475
          ],
          [
            -117.5077962455175,
            34.59439906627687
          ],
          [
            -117.53576087630515,
            34.577708884679296
          ],
          [
            -117.56371427737729,
            34.561012327890126
          ],
          [
            -117.5916564559599,
            34.54430940244255
          ],
          [
            -117.61958741928349,
            34.52760011486484
          ],
          [
            -117.64750717458298,
            34.51088447168031
          ],
          [
            -117.67541572909775,
            34.49416247940741
          ],
          [
            -117.70331309007163,
            34.47743414455964
          ],
          [
            -117.73119926475285,
            34.46069947364559
          ],
          [
            -117.75907426039393,
            34.44395847316895
          ],
          [
            -117.78693808425186,
            34.427211149628455
          ],
          [
            -117.81479074358786,
            34.41045750951799
          ],
          [
            -117.84263224566746,
            34.39369755932645
          ],
          [
            -117.87046259776046,
            34.37693130553785
          ],
          [
            -117.89828180714093,
            34.36015875463133
          ],
          [
            -117.92608988108712,
            34.343379913081044
          ],
          [
            -117.95388682688152,
            34.32659478735629
          ],
          [
            -117.9816726518107,
            34.309803383921434
          ],
          [
            -118.00944736316546,
            34.29300570923592
          ],
          [
            -118.03721096824069,
            34.2762017697543
          ],
          [
            -118.06496347433531,
            34.259391571926216
          ],
          [
            -118.09270488875244,
            34.24257512219638
          ],
          [
            -118.12043521879907,
            34.225752427004615
          ],
          [
            -118.14815447178638,
            34.20892349278584
          ],
          [
            -118.17586265502943,
            34.19208832597004
          ],
          [
            -118.20355977584725,
            34.175246932982326
          ],
          [
            -118.2312458415629,
            34.158399320242886
          ],
          [
            -118.25892085950325,
            34.141545494167
          ],
          [
            -118.28658483699913,
            34.124685461165065
          ],
          [
            -118.31423778138519,
            34.10781922764253
          ],
          [
            -118.3418797,
            34.0909468
          ],
          [
            -118.3845942,
            33.8398289
          ],
          [
            -118.6937959,
            34.0352008
          ],
          [
            -119.702667,
            34.4221319
          ],
          [
            -119.72258011032507,
            34.44444452535524
          ],
          [
            -119.74250385996278,
            34.46675392084035
          ],
          [
            -119.76243826194458,
            34.48906008203069
          ],
          [
            -119.78238332931569,
            34.51136300449559
          ],
          [
            -119.80233907513481,
            34.53366268379828
          ],
          [
            -119.8223055124743,
            34.555959115495945
          ],
          [
            -119.84228265442019,
            34.57825229513967
          ],
          [
            -119.86227051407205,
            34.60054221827445
          ],
          [
            -119.88226910454324,
            34.622828880439194
          ],
          [
            -119.90227843896066,
            34.645112277166675
          ],
          [
            -119.92229853046497,
            34.667392403983555
          ],
          [
            -119.94232939221047,
            34.68966925641037
          ],
          [
            -119.96237103736522,
            34.7119428299615
          ],
          [
            -119.98242347911095,
            34.73421312014517
          ],
          [
            -120.00248673064313,
            34.75648012246345
          ],
          [
            -120.02256080517101,
            34.77874383241224
          ],
          [
            -120.04264571591756,
            34.80100424548126
          ],
          [
            -120.0627414761195,
            34.823261357154
          ],
          [
            -120.08284809902739,
            34.84551516290781
          ],
          [
            -120.10296559790551,
            34.867765658213756
          ],
          [
            -120.123093986032,
            34.89001283853672
          ],
          [
            -120.14323327669878,
            34.91225669933535
          ],
          [
            -120.16338348321165,
            34.934497236062036
          ],
          [
            -120.18354461889018,
            34.95673444416291
          ],
          [
            -120.20371669706786,
            34.97896831907786
          ],
          [
            -120.22389973109205,
            35.001198856240464
          ],
          [
            -120.2440937343239,
            35.02342605107805
          ],
          [
            -120.26429872013854,
            35.045649899011615
          ],
          [
            -120.28451470192496,
            35.06787039545586
          ],
          [
            -120.30474169308611,
            35.0900875358192
          ],
          [
            -120.32497970703882,
            35.11230131550368
          ],
          [
            -120.34522875721389,
            35.13451172990503
          ],
          [
            -120.36548885705604,
            35.156718774412596
          ],
          [
            -120.38576002002401,
            35.17892244440943
          ],
          [
            -120.40604225959045,
            35.20112273527215
          ],
          [
            -120.42633558924203,
            35.223319642371045
          ],
          [
            -120.44664002247946,
            35.24551316106999
          ],
          [
            -120.4669555728174,
            35.26770328672642
          ],
          [
            -120.48728225378457,
            35.28989001469142
          ],
          [
            -120.50762007892372,
            35.312073340309645
          ],
          [
            -120.52796906179165,
            35.334253258919276
          ],
          [
            -120.54832921595921,
            35.35642976585209
          ],
          [
            -120.56870055501135,
            35.3786028564334
          ],
          [
            -120.58908309254709,
            35.400772525982035
          ],
          [
            -120.60947684217952,
            35.422938769810386
          ],
          [
            -120.62988181753592,
            35.445101583224314
          ],
          [
            -120.65029803225758,
            35.46726096152322
          ],
          [
            -120.6707255,
            35.4894169
          ],
          [
            -120.6949170421422,
            35.513028151983974
          ],
          [
            -120.71912281576535,
            35.53663457151181
          ],
          [
            -120.7433428387367,
            35.56023615152515
          ],
          [
            -120.76757712894069,
            35.58383288495552
          ],
          [
            -120.79182570427871,
            35.60742476472423
          ],
          [
            -120.8160885826694,
            35.63101178374245
          ],
          [
            -120.84036578204841,
            35.65459393491113
          ],
          [
            -120.86465732036855,
            35.67817121112099
          ],
          [
            -120.88896321559976,
            35.70174360525255
          ],
          [
            -120.91328348572905,
            35.72531111017606
          ],
          [
            -120.93761814876065,
            35.74887371875149
          ],
          [
            -120.96196722271584,
            35.77243142382857
          ],
          [
            -120.98633072563307,
            35.79598421824667
          ],
          [
            -121.01070867556795,
            35.819532094834905
          ],
          [
            -121.03510109059323,
            35.84307504641201
          ],
          [
            -121.05950798879881,
            35.8666130657864
          ],
          [
            -121.08392938829172,
            35.89014614575612
          ],
          [
            -121.10836530719618,
            35.913674279108804
          ],
          [
            -121.1328157636536,
            35.93719745862173
          ],
          [
            -121.15728077582247,
            35.96071567706172
          ],
          [
            -121.18176036187857,
            35.984228927185185
          ],
          [
            -121.20625454001477,
            36.0077372017381
          ],
          [
            -121.23076332844113,
            36.03124049345593
          ],
          [
            -121.25528674538495,
            36.05473879506369
          ],
          [
            -121.27982480909063,
            36.07823209927589
          ],
          [
            -121.3043775378198,
            36.101720398796516
          ],
          [
            -121.32894494985133,
            36.12520368631902
          ],
          [
            -121.35352706348124,
            36.14868195452631
          ],
          [
            -121.37812389702269,
            36.17215519609073
          ],
          [
            -121.40273546880618,
            36.195623403674006
          ],
          [
            -121.42736179717932,
            36.21908656992732
          ],
          [
            -121.45200290050691,
            36.242544687491176
          ],
          [
            -121.47665879717104,
            36.265997748995474
          ],
          [
            -121.50132950557096,
            36.28944574705948
          ],
          [
            -121.52601504412314,
            36.31288867429175
          ],
          [
            -121.55071543126125,
            36.33632652329016
          ],
          [
            -121.57543068543626,
            36.359759286641925
          ],
          [
            -121.6001608251163,
            36.38318695692347
          ],
          [
            -121.62490586878667,
            36.40660952670055
          ],
          [
            -121.64966583495001,
            36.43002698852811
          ],
          [
            -121.67444074212614,
            36.45343933495037
          ],
          [
            -121.6992306088521,
            36.476846558500725
          ],
          [
            -121.72403545368213,
            36.500248651701774
          ],
          [
            -121.7488552951878,
            36.5236456070653
          ],
          [
            -121.77369015195781,
            36.547037417092255
          ],
          [
            -121.79854004259816,
            36.5704240742727
          ],
          [
            -121.82340498573208,
            36.59380557108583
          ],
          [
            -121.84828500000002,
            36.6171819
          ],
          [
            -121.9439508,
            37.3986946
          ],
          [
            -122.3473099,
            37.5780965
          ],
          [
            -121.9439508,
            37.3986946
          ],
          [
            -121.9439508,
            37.3986946
          ],
          [
            -121.96971275847062,
            37.43560384713388
          ],
          [
            -121.99550013674867,
            37.47250749779404
          ],
          [
            -122.02131299003432,
            37.50940553897589
          ],
          [
            -122.04715137365078,
            37.54629795764181
          ],
          [
            -122.07301534304466,
            37.58318474072104
          ],
          [
            -122.09890495378639,
            37.620065875109546
          ],
          [
            -122.1248202615704,
            37.656941347669985
          ],
          [
            -122.15076132221544,
            37.69381114523149
          ],
          [
            -122.17672819166508,
            37.73067525458968
          ],
          [
            -122.2027209259878,
            37.767533662506466
          ],
          [
            -122.22873958137754,
            37.80438635570998
          ],
          [
            -122.25478421415379,
            37.841233320894474
          ],
          [
            -122.28085488076215,
            37.87807454472023
          ],
          [
            -122.3069516377745,
            37.91491001381335
          ],
          [
            -122.33307454188942,
            37.95173971476581
          ],
          [
            -122.35922364993237,
            37.98856363413519
          ],
          [
            -122.38539901885628,
            38.025381758444695
          ],
          [
            -122.41160070574163,
            38.062194074182976
          ],
          [
            -122.43782876779687,
            38.09900056780401
          ],
          [
            -122.46408326235884,
            38.13580122572705
          ],
          [
            -122.49036424689292,
            38.17259603433646
          ],
          [
            -122.51667177899357,
            38.20938497998162
          ],
          [
            -122.54300591638444,
            38.24616804897683
          ],
          [
            -122.56936671691895,
            38.28294522760118
          ],
          [
            -122.59575423858038,
            38.319716502098444
          ],
          [
            -122.62216853948243,
            38.35648185867698
          ],
          [
            -122.64860967786936,
            38.393241283509575
          ],
          [
            -122.6750777121165,
            38.42999476273341
          ],
          [
            -122.70157270073042,
            38.46674228244986
          ],
          [
            -122.72809470234944,
            38.503483828724406
          ],
          [
            -122.75464377574382,
            38.54021938758661
          ],
          [
            -122.78121997981619,
            38.57694894502985
          ],
          [
            -122.80782337360185,
            38.61367248701129
          ],
          [
            -122.83445401626915,
            38.65038999945178
          ],
          [
            -122.86111196711981,
            38.68710146823571
          ],
          [
            -122.88779728558923,
            38.723806879210876
          ],
          [
            -122.91451003124689,
            38.76050621818842
          ],
          [
            -122.94125026379668,
            38.797199470942644
          ],
          [
            -122.96801804307717,
            38.83388662321094
          ],
          [
            -122.99481342906208,
            38.870567660693666
          ],
          [
            -123.02163648186055,
            38.90724256905402
          ],
          [
            -123.04848726171757,
            38.94391133391791
          ],
          [
            -123.07536582901409,
            38.980573940873846
          ],
          [
            -123.1022722442677,
            39.01723037547288
          ],
          [
            -123.12920656813274,
            39.05388062322833
          ],
          [
            -123.1561688614008,
            39.090524669615846
          ],
          [
            -123.1831591850009,
            39.127162500073155
          ],
          [
            -123.2101776,
            39.1637941
          ],
          [
            -123.22972729794903,
            39.19800029010628
          ],
          [
            -123.24929604079225,
            39.232203209955166
          ],
          [
            -123.26888386851252,
            39.266402852367385
          ],
          [
            -123.28849082118555,
            39.300599210145656
          ],
          [
            -123.30811693898004,
            39.33479227607464
          ],
          [
            -123.32776226215795,
            39.368982042920884
          ],
          [
            -123.34742683107486,
            39.403168503432795
          ],
          [
            -123.36711068618015,
            39.43735165034052
          ],
          [
            -123.38681386801728,
            39.47153147635594
          ],
          [
            -123.40653641722412,
            39.50570797417259
          ],
          [
            -123.42627837453311,
            39.5398811364656
          ],
          [
            -123.44603978077164,
            39.57405095589165
          ],
          [
            -123.46582067686228,
            39.60821742508892
          ],
          [
            -123.48562110382304,
            39.64238053667696
          ],
          [
            -123.50544110276763,
            39.676540283256756
          ],
          [
            -123.52528071490578,
            39.710696657410544
          ],
          [
            -123.54513998154351,
            39.744849651701834
          ],
          [
            -123.56501894408332,
            39.77899925867533
          ],
          [
            -123.58491764402461,
            39.813145470856824
          ],
          [
            -123.60483612296382,
            39.847288280753226
          ],
          [
            -123.62477442259477,
            39.881427680852426
          ],
          [
            -123.64473258470898,
            39.91556366362324
          ],
          [
            -123.66471065119586,
            39.94969622151542
          ],
          [
            -123.68470866404309,
            39.983825346959506
          ],
          [
            -123.70472666533678,
            40.01795103236681
          ],
          [
            -123.72476469726185,
            40.05207327012935
          ],
          [
            -123.74482280210232,
            40.086192052619786
          ],
          [
            -123.76490102224146,
            40.12030737219134
          ],
          [
            -123.78499940016228,
            40.154419221177776
          ],
          [
            -123.80511797844764,
            40.18852759189329
          ],
          [
            -123.8252567997806,
            40.222632476632505
          ],
          [
            -123.84541590694478,
            40.256733867670306
          ],
          [
            -123.86559534282445,
            40.29083175726192
          ],
          [
            -123.88579515040506,
            40.32492613764274
          ],
          [
            -123.9060153727734,
            40.3590170010283
          ],
          [
            -123.92625605311787,
            40.39310433961422
          ],
          [
            -123.94651723472879,
            40.42718814557611
          ],
          [
            -123.96679896099877,
            40.46126841106957
          ],
          [
            -123.98710127542294,
            40.49534512823003
          ],
          [
            -124.00742422159918,
            40.529418289172796
          ],
          [
            -124.02776784322857,
            40.56348788599288
          ],
          [
            -124.04813218411553,
            40.59755391076502
          ],
          [
            -124.06851728816824,
            40.63161635554357
          ],
          [
            -124.0889231993988,
            40.66567521236243
          ],
          [
            -124.10934996192374,
            40.699730473235
          ],
          [
            -124.12979761996407,
            40.733782130154104
          ],
          [
            -124.15026621784578,
            40.767830175091945
          ],
          [
            -124.1707558,
            40.801874600000005
          ],
          [
            -124.08284,
            40.866517
          ],
          [
            -124.1978539,
            41.7522404
          ],
          [
            -124.19825227553508,
            41.78589987727038
          ],
          [
            -124.19865106958231,
            41.819559353163086
          ],
          [
            -124.19905028307714,
            41.853218827675036
          ],
          [
            -124.19944991695772,
            41.88687830080311
          ],
          [
            -124.19984997216466,
            41.92053777254425
          ],
          [
            -124.20025044964115,
            41.95419724289535
          ],
          [
            -124.20065135033298,
            41.98785671185326
          ],
          [
            -124.20105267518845,
            42.02151617941489
          ],
          [
            -124.20145442515859,
            42.0551756455771
          ],
          [
            -124.20185660119694,
            42.08883511033676
          ],
          [
            -124.20225920425963,
            42.12249457369071
          ],
          [
            -124.2026622353055,
            42.156154035635794
          ],
          [
            -124.20306569529596,
            42.189813496168846
          ],
          [
            -124.20346958519505,
            42.22347295528671
          ],
          [
            -124.20387390596947,
            42.25713241298618
          ],
          [
            -124.20427865858863,
            42.29079186926408
          ],
          [
            -124.20468384402456,
            42.32445132411721
          ],
          [
            -124.20508946325194,
            42.35811077754236
          ],
          [
            -124.20549551724822,
            42.391770229536306
          ],
          [
            -124.2059020069935,
            42.42542968009582
          ],
          [
            -124.20630893347055,
            42.45908912921767
          ],
          [
            -124.20671629766491,
            42.49274857689863
          ],
          [
            -124.20712410056485,
            42.52640802313542
          ],
          [
            -124.20753234316133,
            42.56006746792478
          ],
          [
            -124.2079410264481,
            42.59372691126347
          ],
          [
            -124.20835015142166,
            42.62738635314816
          ],
          [
            -124.20875971908121,
            42.6610457935756
          ],
          [
            -124.20916973042884,
            42.69470523254248
          ],
          [
            -124.20958018646932,
            42.72836467004549
          ],
          [
            -124.20999108821029,
            42.76202410608132
          ],
          [
            -124.21040243666216,
            42.79568354064663
          ],
          [
            -124.21081423283812,
            42.829342973738086
          ],
          [
            -124.21122647775427,
            42.86300240535236
          ],
          [
            -124.2116391724295,
            42.896661835486086
          ],
          [
            -124.21205231788551,
            42.9303212641359
          ],
          [
            -124.21246591514691,
            42.96398069129843
          ],
          [
            -124.21287996524116,
            42.997640116970295
          ],
          [
            -124.21329446919862,
            43.0312995411481
          ],
          [
            -124.21370942805247,
            43.06495896382846
          ],
          [
            -124.21412484283886,
            43.098618385007924
          ],
          [
            -124.2145407145968,
            43.13227780468312
          ],
          [
            -124.21495704436825,
            43.16593722285059
          ],
          [
            -124.21537383319806,
            43.19959663950691
          ],
          [
            -124.21579108213409,
            43.233256054648606
          ],
          [
            -124.21620879222709,
            43.26691546827224
          ],
          [
            -124.21662696453076,
            43.300574880374334
          ],
          [
            -124.21704560010184,
            43.33423429095142
          ],
          [
            -124.2174647,
            43.3678937
          ],
          [
            -124.21337568798307,
            43.40110346868516
          ],
          [
            -124.20928219081208,
            43.43431309152803
          ],
          [
            -124.20518419836814,
            43.46752256819892
          ],
          [
            -124.20108170050443,
            43.500731898367256
          ],
          [
            -124.19697468704567,
            43.533941081701514
          ],
          [
            -124.19286314778834,
            43.56715011786927
          ],
          [
            -124.18874707250048,
            43.60035900653713
          ],
          [
            -124.18462645092157,
            43.6335677473708
          ],
          [
            -124.18050127276234,
            43.66677634003505
          ],
          [
            -124.1763715277049,
            43.699984784193674
          ],
          [
            -124.17223720540241,
            43.73319307950958
          ],
          [
            -124.1680982954791,
            43.766401225644685
          ],
          [
            -124.16395478753009,
            43.799609222259974
          ],
          [
            -124.15980667112139,
            43.832817069015476
          ],
          [
            -124.15565393578966,
            43.86602476557026
          ],
          [
            -124.15149657104226,
            43.89923231158243
          ],
          [
            -124.14733456635697,
            43.93243970670915
          ],
          [
            -124.14316791118203,
            43.965646950606576
          ],
          [
            -124.13899659493599,
            43.99885404292995
          ],
          [
            -124.1348206070075,
            44.03206098333347
          ],
          [
            -124.1306399367554,
            44.06526777147043
          ],
          [
            -124.12645457350844,
            44.0984744069931
          ],
          [
            -124.12226450656524,
            44.13168088955275
          ],
          [
            -124.11806972519422,
            44.164887218799684
          ],
          [
            -124.11387021863337,
            44.19809339438325
          ],
          [
            -124.10966597609028,
            44.231299415951725
          ],
          [
            -124.10545698674194,
            44.26450528315246
          ],
          [
            -124.10124323973466,
            44.297710995631725
          ],
          [
            -124.09702472418395,
            44.330916553034875
          ],
          [
            -124.09280142917443,
            44.36412195500618
          ],
          [
            -124.08857334375963,
            44.39732720118892
          ],
          [
            -124.08434045696207,
            44.430532291225376
          ],
          [
            -124.08010275777286,
            44.46373722475679
          ],
          [
            -124.07586023515192,
            44.49694200142337
          ],
          [
            -124.07161287802754,
            44.53014662086432
          ],
          [
            -124.06736067529653,
            44.5633510827178
          ],
          [
            -124.06310361582395,
            44.59655538662093
          ],
          [
            -124.05884168844304,
            44.629759532209775
          ],
          [
            -124.05457488195505,
            44.662963519119394
          ],
          [
            -124.0503031851293,
            44.69616734698376
          ],
          [
            -124.04602658670281,
            44.72937101543584
          ],
          [
            -124.04174507538036,
            44.762574524107485
          ],
          [
            -124.03745863983437,
            44.79577787262953
          ],
          [
            -124.03316726870463,
            44.82898106063173
          ],
          [
            -124.02887095059836,
            44.86218408774281
          ],
          [
            -124.02456967408999,
            44.89538695359036
          ],
          [
            -124.02026342772103,
            44.92858965780093
          ],
          [
            -124.01595220000002,
            44.961792200000005
          ],
          [
            -123.98236000040919,
            44.974057885276025
          ],
          [
            -123.94875343392916,
            44.98631371888323
          ],
          [
            -123.91513249982505,
            44.99855969239164
          ],
          [
            -123.88149719738855,
            45.01079579736906
          ],
          [
            -123.84784752593775,
            45.02302202538112
          ],
          [
            -123.81418348481732,
            45.035238367991205
          ],
          [
            -123.78050507339847,
            45.04744481676055
          ],
          [
            -123.74681229107912,
            45.05964136324824
          ],
          [
            -123.71310513728386,
            45.07182799901116
          ],
          [
            -123.67938361146405,
            45.084004715604145
          ],
          [
            -123.64564771309792,
            45.09617150457983
          ],
          [
            -123.61189744169054,
            45.10832835748878
          ],
          [
            -123.57813279677397,
            45.1204752658795
          ],
          [
            -123.54435377790722,
            45.132612221298395
          ],
          [
            -123.51056038467638,
            45.14473921528981
          ],
          [
            -123.4767526166947,
            45.15685623939607
          ],
          [
            -123.44293047360252,
            45.16896328515748
          ],
          [
            -123.40909395506748,
            45.181060344112325
          ],
          [
            -123.37524306078447,
            45.1931474077969
          ],
          [
            -123.34137779047579,
            45.20522446774553
          ],
          [
            -123.30749814389105,
            45.217291515490594
          ],
          [
            -123.27360412080748,
            45.22934854256249
          ],
          [
            -123.23969572102963,
            45.241395540489734
          ],
          [
            -123.2057729443898,
            45.253432500798894
          ],
          [
            -123.17183579074785,
            45.265459415014675
          ],
          [
            -123.13788425999137,
            45.277476274659875
          ],
          [
            -123.10391835203568,
            45.28948307125546
          ],
          [
            -123.0699380668239,
            45.30147979632053
          ],
          [
            -123.03594340432709,
            45.31346644137234
          ],
          [
            -123.00193436454416,
            45.3254429979264
          ],
          [
            -122.96791094750203,
            45.337409457496335
          ],
          [
            -122.93387315325569,
            45.349365811594055
          ],
          [
            -122.89982098188824,
            45.36131205172968
          ],
          [
            -122.8657544335109,
            45.373248169411596
          ],
          [
            -122.83167350826314,
            45.38517415614644
          ],
          [
            -122.79757820631264,
            45.397090003439175
          ],
          [
            -122.76346852785554,
            45.408995702793014
          ],
          [
            -122.72934447311623,
            45.42089124570955
          ],
          [
            -122.69520604234766,
            45.43277662368866
          ],
          [
            -122.66105323583123,
            45.444651828228615
          ],
          [
            -122.62688605387692,
            45.45651685082604
          ],
          [
            -122.59270449682336,
            45.46837168297595
          ],
          [
            -122.55850856503778,
            45.48021631617178
          ],
          [
            -122.52429825891626,
            45.49205074190536
          ],
          [
            -122.4900735788836,
            45.50387495166699
          ],
          [
            -122.45583452539344,
            45.5156889369454
          ],
          [
            -122.42158109892839,
            45.52749268922784
          ],
          [
            -122.3873133,
            45.5392862
          ],
          [
            -122.40174213670588,
            45.56604958151702
          ],
          [
            -122.41618472819073,
            45.59281114484497
          ],
          [
            -122.43064109950537,
            45.61957088654866
          ],
          [
            -122.44511127575505,
            45.64632880318488
          ],
          [
            -122.45959528209987,
            45.67308489130258
          ],
          [
            -122.47409314375467,
            45.699839147442695
          ],
          [
            -122.48860488598935,
            45.72659156813821
          ],
          [
            -122.50313053412891,
            45.75334214991407
          ],
          [
            -122.51767011355369,
            45.78009088928722
          ],
          [
            -122.5322236496994,
            45.806837782766564
          ],
          [
            -122.5467911680574,
            45.833582826852876
          ],
          [
            -122.56137269417472,
            45.860326018038876
          ],
          [
            -122.57596825365432,
            45.88706735280916
          ],
          [
            -122.59057787215511,
            45.913806827640165
          ],
          [
            -122.60520157539227,
            45.94054443900017
          ],
          [
            -122.61983938913725,
            45.96728018334926
          ],
          [
            -122.63449133921799,
            45.99401405713932
          ],
          [
            -122.64915745151903,
            46.02074605681396
          ],
          [
            -122.6638377519817,
            46.04747617880856
          ],
          [
            -122.6785322666043,
            46.074204419550206
          ],
          [
            -122.69324102144212,
            46.10093077545767
          ],
          [
            -122.70796404260774,
            46.127655242941394
          ],
          [
            -122.72270135627112,
            46.154377818403475
          ],
          [
            -122.73745298865974,
            46.181098498237596
          ],
          [
            -122.75221896605879,
            46.20781727882906
          ],
          [
            -122.76699931481124,
            46.23453415655474
          ],
          [
            -122.78179406131814,
            46.26124912778305
          ],
          [
            -122.7966032320386,
            46.28796218887391
          ],
          [
            -122.81142685349018,
            46.31467333617878
          ],
          [
            -122.82626495224874,
            46.34138256604053
          ],
          [
            -122.84111755494884,
            46.36808987479353
          ],
          [
            -122.8559846882838,
            46.394795258763565
          ],
          [
            -122.87086637900589,
            46.42149871426779
          ],
          [
            -122.88576265392645,
            46.448200237614756
          ],
          [
            -122.90067353991608,
            46.474899825104366
          ],
          [
            -122.91559906390476,
            46.50159747302782
          ],
          [
            -122.93053925288207,
            46.52829317766766
          ],
          [
            -122.94549413389726,
            46.55498693529766
          ],
          [
            -122.96046373405953,
            46.58167874218286
          ],
          [
            -122.97544808053806,
            46.60836859457953
          ],
          [
            -122.99044720056231,
            46.63505648873511
          ],
          [
            -123.00546112142202,
            46.66174242088825
          ],
          [
            -123.02048987046751,
            46.68842638726871
          ],
          [
            -123.0355334751098,
            46.7151083840974
          ],
          [
            -123.05059196282072,
            46.741788407586284
          ],
          [
            -123.06566536113314,
            46.768466453938444
          ],
          [
            -123.08075369764111,
            46.79514251934798
          ],
          [
            -123.09585700000001,
            46.8218166
          ]
        ]
      }
    },
    {
      "type": "Feature",
      "properties": {
        "trip_id": "trip_019_2025-12-11_Bellevue_to_Rochester",
        "location": "Bellevue, WA - Northeast 8th Street",
        "datetime": "2025-12-11 23:04:12+00:00",
        "kwh": 13.7916
      },
      "geometry": {
        "type": "Point",
        "coordinates": [
          -122.1115836,
          47.6167921
        ]
      }
    },
    {
      "type": "Feature",
      "properties": {
        "trip_id": "trip_019_2025-12-11_Bellevue_to_Rochester",
        "location": "Yakima, WA - East Yakima Avenue",
        "datetime": "2025-12-13 21:30:40+00:00",
        "kwh": 49.6953
      },
      "geometry": {
        "type": "Point",
        "coordinates": [
          -120.5027063,
          46.6030113
        ]
      }
    },
    {
      "type": "Feature",
      "properties": {
        "trip_id": "trip_019_2025-12-11_Bellevue_to_Rochester",
        "location": "Pendleton, OR",
        "datetime": "2025-12-14 01:42:24+00:00",
        "kwh": 45.9144
      },
      "geometry": {
        "type": "Point",
        "coordinates": [
          -118.7885967,
          45.672075
        ]
      }
    },
    {
      "type": "Feature",
      "properties": {
        "trip_id": "trip_019_2025-12-11_Bellevue_to_Rochester",
        "location": "Baker City, OR",
        "datetime": "2025-12-14 04:00:36+00:00",
        "kwh": 24.0635
      },
      "geometry": {
        "type": "Point",
        "coordinates": [
          -117.834384,
          44.7748748
        ]
      }
    },
    {
      "type": "Feature",
      "properties": {
        "trip_id": "trip_019_2025-12-11_Bellevue_to_Rochester",
        "location": "Ontario, OR",
        "datetime": "2025-12-14 05:23:32+00:00",
        "kwh": 23.6881
      },
      "geometry": {
        "type": "Point",
        "coordinates": [
          -116.9629378,
          44.0265525
        ]
      }
    },
    {
      "type": "Feature",
      "properties": {
        "trip_id": "trip_019_2025-12-11_Bellevue_to_Rochester",
        "location": "Ontario, OR - Southeast 10th Street",
        "datetime": "2025-12-14 13:41:12+00:00",
        "kwh": 19.2916
      },
      "geometry": {
        "type": "Point",
        "coordinates": [
          -116.9504158,
          44.0214741
        ]
      }
    },
    {
      "type": "Feature",
      "properties": {
        "trip_id": "trip_019_2025-12-11_Bellevue_to_Rochester",
        "location": "Mountain Home, ID",
        "datetime": "2025-12-14 15:16:33+00:00",
        "kwh": 43.7702
      },
      "geometry": {
        "type": "Point",
        "coordinates": [
          -115.6939827,
          43.1318937
        ]
      }
    },
    {
      "type": "Feature",
      "properties": {
        "trip_id": "trip_019_2025-12-11_Bellevue_to_Rochester",
        "location": "Twin Falls, ID",
        "datetime": "2025-12-14 16:47:07+00:00",
        "kwh": 43.982
      },
      "geometry": {
        "type": "Point",
        "coordinates": [
          -114.4700684,
          42.5558542
        ]
      }
    },
    {
      "type": "Feature",
      "properties": {
        "trip_id": "trip_019_2025-12-11_Bellevue_to_Rochester",
        "location": "Wells, NV",
        "datetime": "2025-12-14 19:07:33+00:00",
        "kwh": 50.3365
      },
      "geometry": {
        "type": "Point",
        "coordinates": [
          -114.963144,
          41.1107264
        ]
      }
    },
    {
      "type": "Feature",
      "properties": {
        "trip_id": "trip_019_2025-12-11_Bellevue_to_Rochester",
        "location": "Ely, NV",
        "datetime": "2025-12-14 21:38:54+00:00",
        "kwh": 59.3107
      },
      "geometry": {
        "type": "Point",
        "coordinates": [
          -114.891718,
          39.2480588
        ]
      }
    },
    {
      "type": "Feature",
      "properties": {
        "trip_id": "trip_019_2025-12-11_Bellevue_to_Rochester",
        "location": "North Las Vegas, NV - East Lake Mead South Boulevard",
        "datetime": "2025-12-15 02:07:04+00:00",
        "kwh": 43.0471
      },
      "geometry": {
        "type": "Point",
        "coordinates": [
          -115.1377081,
          36.1957762
        ]
      }
    },
    {
      "type": "Feature",
      "properties": {
        "trip_id": "trip_019_2025-12-11_Bellevue_to_Rochester",
        "location": "Las Vegas, NV - South Maryland Parkway",
        "datetime": "2025-12-17 00:33:21+00:00",
        "kwh": 61.08
      },
      "geometry": {
        "type": "Point",
        "coordinates": [
          -115.1360767,
          36.1607456
        ]
      }
    },
    {
      "type": "Feature",
      "properties": {
        "trip_id": "trip_019_2025-12-11_Bellevue_to_Rochester",
        "location": "Washington, UT",
        "datetime": "2025-12-17 04:17:12+00:00",
        "kwh": 53.1628
      },
      "geometry": {
        "type": "Point",
        "coordinates": [
          -113.525776,
          37.2393471
        ]
      }
    },
    {
      "type": "Feature",
      "properties": {
        "trip_id": "trip_019_2025-12-11_Bellevue_to_Rochester",
        "location": "Page, AZ",
        "datetime": "2025-12-17 07:36:35+00:00",
        "kwh": 41.2756
      },
      "geometry": {
        "type": "Point",
        "coordinates": [
          -111.457294,
          36.9148305
        ]
      }
    },
    {
      "type": "Feature",
      "properties": {
        "trip_id": "trip_019_2025-12-11_Bellevue_to_Rochester",
        "location": "Flagstaff, AZ - US-89",
        "datetime": "2025-12-17 23:22:35+00:00",
        "kwh": 37.723
      },
      "geometry": {
        "type": "Point",
        "coordinates": [
          -111.6289385,
          35.1949783
        ]
      }
    },
    {
      "type": "Feature",
      "properties": {
        "trip_id": "trip_019_2025-12-11_Bellevue_to_Rochester",
        "location": "Williams, AZ",
        "datetime": "2025-12-18 03:30:33+00:00",
        "kwh": 49.52
      },
      "geometry": {
        "type": "Point",
        "coordinates": [
          -112.187294,
          35.2508504
        ]
      }
    },
    {
      "type": "Feature",
      "properties": {
        "trip_id": "trip_019_2025-12-11_Bellevue_to_Rochester",
        "location": "White Hills, AZ",
        "datetime": "2025-12-18 06:36:06+00:00",
        "kwh": 38.2214
      },
      "geometry": {
        "type": "Point",
        "coordinates": [
          -114.4032833,
          35.7182855
        ]
      }
    },
    {
      "type": "Feature",
      "properties": {
        "trip_id": "trip_019_2025-12-11_Bellevue_to_Rochester",
        "location": "Pahrump, NV",
        "datetime": "2025-12-18 21:59:08+00:00",
        "kwh": 114.46
      },
      "geometry": {
        "type": "Point",
        "coordinates": [
          -116.0260261,
          36.204178
        ]
      }
    },
    {
      "type": "Feature",
      "properties": {
        "trip_id": "trip_019_2025-12-11_Bellevue_to_Rochester",
        "location": "Baker, CA",
        "datetime": "2025-12-20 02:46:59+00:00",
        "kwh": 60.9341
      },
      "geometry": {
        "type": "Point",
        "coordinates": [
          -116.0694137,
          35.275455
        ]
      }
    },
    {
      "type": "Feature",
      "properties": {
        "trip_id": "trip_019_2025-12-11_Bellevue_to_Rochester",
        "location": "Barstow, CA - 1503 East Main Street",
        "datetime": "2025-12-20 20:47:15+00:00",
        "kwh": 68.4539
      },
      "geometry": {
        "type": "Point",
        "coordinates": [
          -117.0025044,
          34.8937247
        ]
      }
    },
    {
      "type": "Feature",
      "properties": {
        "trip_id": "trip_019_2025-12-11_Bellevue_to_Rochester",
        "location": "Tesla Diner",
        "datetime": "2025-12-21 06:07:06+00:00",
        "kwh": 25.197
      },
      "geometry": {
        "type": "Point",
        "coordinates": [
          -118.3418797,
          34.0909468
        ]
      }
    },
    {
      "type": "Feature",
      "properties": {
        "trip_id": "trip_019_2025-12-11_Bellevue_to_Rochester",
        "location": "Redondo Beach, CA",
        "datetime": "2025-12-22 03:15:37+00:00",
        "kwh": 26.976
      },
      "geometry": {
        "type": "Point",
        "coordinates": [
          -118.3845942,
          33.8398289
        ]
      }
    },
    {
      "type": "Feature",
      "properties": {
        "trip_id": "trip_019_2025-12-11_Bellevue_to_Rochester",
        "location": "Malibu, CA - Civic Center Way",
        "datetime": "2025-12-22 23:49:42+00:00",
        "kwh": 32.0227
      },
      "geometry": {
        "type": "Point",
        "coordinates": [
          -118.6937959,
          34.0352008
        ]
      }
    },
    {
      "type": "Feature",
      "properties": {
        "trip_id": "trip_019_2025-12-11_Bellevue_to_Rochester",
        "location": "Santa Barbara, CA",
        "datetime": "2025-12-23 02:11:01+00:00",
        "kwh": 26.8112
      },
      "geometry": {
        "type": "Point",
        "coordinates": [
          -119.702667,
          34.4221319
        ]
      }
    },
    {
      "type": "Feature",
      "properties": {
        "trip_id": "trip_019_2025-12-11_Bellevue_to_Rochester",
        "location": "Atascadero, CA",
        "datetime": "2025-12-23 20:01:36+00:00",
        "kwh": 31.308
      },
      "geometry": {
        "type": "Point",
        "coordinates": [
          -120.6707255,
          35.4894169
        ]
      }
    },
    {
      "type": "Feature",
      "properties": {
        "trip_id": "trip_019_2025-12-11_Bellevue_to_Rochester",
        "location": "Sand City, CA",
        "datetime": "2025-12-23 22:13:30+00:00",
        "kwh": 58.5808
      },
      "geometry": {
        "type": "Point",
        "coordinates": [
          -121.848285,
          36.6171819
        ]
      }
    },
    {
      "type": "Feature",
      "properties": {
        "trip_id": "trip_019_2025-12-11_Bellevue_to_Rochester",
        "location": "Mansion Grove",
        "datetime": "2025-12-24 20:11:43+00:00",
        "kwh": 7.735
      },
      "geometry": {
        "type": "Point",
        "coordinates": [
          -121.9439508,
          37.3986946
        ]
      }
    },
    {
      "type": "Feature",
      "properties": {
        "trip_id": "trip_019_2025-12-11_Bellevue_to_Rochester",
        "location": "Burlingame, CA",
        "datetime": "2025-12-24 21:28:44+00:00",
        "kwh": 43.9326
      },
      "geometry": {
        "type": "Point",
        "coordinates": [
          -122.3473099,
          37.5780965
        ]
      }
    },
    {
      "type": "Feature",
      "properties": {
        "trip_id": "trip_019_2025-12-11_Bellevue_to_Rochester",
        "location": "Mansion Grove",
        "datetime": "2025-12-25 03:49:48+00:00",
        "kwh": 46.667
      },
      "geometry": {
        "type": "Point",
        "coordinates": [
          -121.9439508,
          37.3986946
        ]
      }
    },
    {
      "type": "Feature",
      "properties": {
        "trip_id": "trip_019_2025-12-11_Bellevue_to_Rochester",
        "location": "Mansion Grove",
        "datetime": "2025-12-26 10:40:34+00:00",
        "kwh": 46.328
      },
      "geometry": {
        "type": "Point",
        "coordinates": [
          -121.9439508,
          37.3986946
        ]
      }
    },
    {
      "type": "Feature",
      "properties": {
        "trip_id": "trip_019_2025-12-11_Bellevue_to_Rochester",
        "location": "Ukiah, CA - N State St",
        "datetime": "2025-12-26 21:52:44+00:00",
        "kwh": 49.8093
      },
      "geometry": {
        "type": "Point",
        "coordinates": [
          -123.2101776,
          39.1637941
        ]
      }
    },
    {
      "type": "Feature",
      "properties": {
        "trip_id": "trip_019_2025-12-11_Bellevue_to_Rochester",
        "location": "Eureka, CA",
        "datetime": "2025-12-27 03:01:05+00:00",
        "kwh": 48.8899
      },
      "geometry": {
        "type": "Point",
        "coordinates": [
          -124.1707558,
          40.8018746
        ]
      }
    },
    {
      "type": "Feature",
      "properties": {
        "trip_id": "trip_019_2025-12-11_Bellevue_to_Rochester",
        "location": "Arcata, CA",
        "datetime": "2025-12-27 03:58:00+00:00",
        "kwh": 12.9231
      },
      "geometry": {
        "type": "Point",
        "coordinates": [
          -124.08284,
          40.866517
        ]
      }
    },
    {
      "type": "Feature",
      "properties": {
        "trip_id": "trip_019_2025-12-11_Bellevue_to_Rochester",
        "location": "Crescent City, CA",
        "datetime": "2025-12-27 17:52:09+00:00",
        "kwh": 37.5524
      },
      "geometry": {
        "type": "Point",
        "coordinates": [
          -124.1978539,
          41.7522404
        ]
      }
    },
    {
      "type": "Feature",
      "properties": {
        "trip_id": "trip_019_2025-12-11_Bellevue_to_Rochester",
        "location": "Coos Bay, OR",
        "datetime": "2025-12-28 00:36:42+00:00",
        "kwh": 47.9372
      },
      "geometry": {
        "type": "Point",
        "coordinates": [
          -124.2174647,
          43.3678937
        ]
      }
    },
    {
      "type": "Feature",
      "properties": {
        "trip_id": "trip_019_2025-12-11_Bellevue_to_Rochester",
        "location": "Lincoln City, OR",
        "datetime": "2025-12-28 19:54:46+00:00",
        "kwh": 35.7671
      },
      "geometry": {
        "type": "Point",
        "coordinates": [
          -124.0159522,
          44.9617922
        ]
      }
    },
    {
      "type": "Feature",
      "properties": {
        "trip_id": "trip_019_2025-12-11_Bellevue_to_Rochester",
        "location": "Troutdale, OR",
        "datetime": "2025-12-29 02:14:21+00:00",
        "kwh": 50.1801
      },
      "geometry": {
        "type": "Point",
        "coordinates": [
          -122.3873133,
          45.5392862
        ]
      }
    },
    {
      "type": "Feature",
      "properties": {
        "trip_id": "trip_019_2025-12-11_Bellevue_to_Rochester",
        "location": "Rochester, WA",
        "datetime": "2025-12-29 04:15:01+00:00",
        "kwh": 33.9
      },
      "geometry": {
        "type": "Point",
        "coordinates": [
          -123.095857,
          46.8218166
        ]
      }
    },
    {
      "type": "Feature",
      "properties": {
        "trip_id": "trip_020_2026-01-15_Tulalip_Bay_to_Tulalip_Bay",
        "location": "Tulalip Bay, WA",
        "datetime": "2026-01-15 05:52:16+00:00",
        "kwh": 18.5867
      },
      "geometry": {
        "type": "Point",
        "coordinates": [
          -122.286878,
          48.0656302
        ]
      }
    },
    {
      "type": "Feature",
      "properties": {
        "trip_id": "trip_021_2026-02-10_Auburn_to_Bellevue",
        "name": "Feb 2026 \u2014 Auburn \u2192 Suquamish",
        "color": "#1E90FF"
      },
      "geometry": {
        "type": "LineString",
        "coordinates": [
          [
            -122.2215547,
            47.3301528
          ],
          [
            -121.784889,
            47.4957757
          ],
          [
            -120.6622886,
            47.5957449
          ],
          [
            -122.1115836,
            47.6167921
          ],
          [
            -122.2070775,
            47.6765382
          ],
          [
            -122.2215547,
            47.3301528
          ],
          [
            -122.33931,
            47.313494
          ],
          [
            -122.1115836,
            47.6167921
          ],
          [
            -122.4499901,
            47.2209169
          ],
          [
            -123.815722,
            46.975371
          ],
          [
            -124.386165,
            47.950222
          ],
          [
            -124.34846829462994,
            47.94567125627888
          ],
          [
            -124.3107782355214,
            47.94110817930175
          ],
          [
            -124.2730948384161,
            47.936532773220236
          ],
          [
            -124.23541811903249,
            47.93194504219532
          ],
          [
            -124.19774809306575,
            47.92734499039749
          ],
          [
            -124.16008477618769,
            47.922732622006556
          ],
          [
            -124.12242818404665,
            47.91810794121175
          ],
          [
            -124.08477833226766,
            47.91347095221163
          ],
          [
            -124.04713523645216,
            47.908821659214155
          ],
          [
            -124.00949891217822,
            47.90416006643655
          ],
          [
            -123.97186937500018,
            47.899486178105406
          ],
          [
            -123.93424664044895,
            47.89479999845657
          ],
          [
            -123.89663072403175,
            47.89010153173517
          ],
          [
            -123.85902164123212,
            47.8853907821956
          ],
          [
            -123.82141940750994,
            47.88066775410151
          ],
          [
            -123.78382403830135,
            47.875932451725724
          ],
          [
            -123.74623554901865,
            47.87118487935033
          ],
          [
            -123.70865395505045,
            47.86642504126656
          ],
          [
            -123.67107927176141,
            47.86165294177486
          ],
          [
            -123.63351151449231,
            47.856868585184756
          ],
          [
            -123.59595069856005,
            47.852071975815
          ],
          [
            -123.55839683925755,
            47.8472631179934
          ],
          [
            -123.52084995185376,
            47.84244201605688
          ],
          [
            -123.48331005159356,
            47.83760867435144
          ],
          [
            -123.4457771536978,
            47.83276309723215
          ],
          [
            -123.40825127336319,
            47.82790528906315
          ],
          [
            -123.37073242576236,
            47.82303525421756
          ],
          [
            -123.33322062604371,
            47.81815299707755
          ],
          [
            -123.29571588933148,
            47.81325852203426
          ],
          [
            -123.25821823072559,
            47.808351833487826
          ],
          [
            -123.22072766530182,
            47.80343293584732
          ],
          [
            -123.1832442081115,
            47.79850183353078
          ],
          [
            -123.14576787418169,
            47.79355853096512
          ],
          [
            -123.10829867851507,
            47.78860303258621
          ],
          [
            -123.07083663608987,
            47.78363534283878
          ],
          [
            -123.0333817618599,
            47.778655466176424
          ],
          [
            -122.9959340707545,
            47.77366340706158
          ],
          [
            -122.95849357767848,
            47.76865916996557
          ],
          [
            -122.92106029751208,
            47.76364275936845
          ],
          [
            -122.88363424511103,
            47.75861417975912
          ],
          [
            -122.84621543530638,
            47.753573435635246
          ],
          [
            -122.80880388290454,
            47.74852053150325
          ],
          [
            -122.77139960268731,
            47.74345547187834
          ],
          [
            -122.73400260941173,
            47.73837826128435
          ],
          [
            -122.69661291781006,
            47.73328890425392
          ],
          [
            -122.65923054258987,
            47.72818740532829
          ],
          [
            -122.62185549843389,
            47.72307376905745
          ],
          [
            -122.58448779999999,
            47.717948
          ],
          [
            -122.1115836,
            47.6167921
          ]
        ]
      }
    },
    {
      "type": "Feature",
      "properties": {
        "trip_id": "trip_021_2026-02-10_Auburn_to_Bellevue",
        "location": "Auburn, WA - Auburn Way North",
        "datetime": "2026-02-10 16:41:26+00:00",
        "kwh": 47.8649
      },
      "geometry": {
        "type": "Point",
        "coordinates": [
          -122.2215547,
          47.3301528
        ]
      }
    },
    {
      "type": "Feature",
      "properties": {
        "trip_id": "trip_021_2026-02-10_Auburn_to_Bellevue",
        "location": "North Bend, WA",
        "datetime": "2026-02-11 17:59:58+00:00",
        "kwh": 45.8233
      },
      "geometry": {
        "type": "Point",
        "coordinates": [
          -121.784889,
          47.4957757
        ]
      }
    },
    {
      "type": "Feature",
      "properties": {
        "trip_id": "trip_021_2026-02-10_Auburn_to_Bellevue",
        "location": "Leavenworth, WA - US-2",
        "datetime": "2026-02-12 03:45:51+00:00",
        "kwh": 30.4867
      },
      "geometry": {
        "type": "Point",
        "coordinates": [
          -120.6622886,
          47.5957449
        ]
      }
    },
    {
      "type": "Feature",
      "properties": {
        "trip_id": "trip_021_2026-02-10_Auburn_to_Bellevue",
        "location": "Bellevue, WA - Northeast 8th Street",
        "datetime": "2026-02-12 23:09:06+00:00",
        "kwh": 11.9898
      },
      "geometry": {
        "type": "Point",
        "coordinates": [
          -122.1115836,
          47.6167921
        ]
      }
    },
    {
      "type": "Feature",
      "properties": {
        "trip_id": "trip_021_2026-02-10_Auburn_to_Bellevue",
        "location": "Kirkland, WA",
        "datetime": "2026-02-13 23:56:46+00:00",
        "kwh": 26.3429
      },
      "geometry": {
        "type": "Point",
        "coordinates": [
          -122.2070775,
          47.6765382
        ]
      }
    },
    {
      "type": "Feature",
      "properties": {
        "trip_id": "trip_021_2026-02-10_Auburn_to_Bellevue",
        "location": "Auburn, WA - Auburn Way North",
        "datetime": "2026-02-15 16:30:04+00:00",
        "kwh": 47.6871
      },
      "geometry": {
        "type": "Point",
        "coordinates": [
          -122.2215547,
          47.3301528
        ]
      }
    },
    {
      "type": "Feature",
      "properties": {
        "trip_id": "trip_021_2026-02-10_Auburn_to_Bellevue",
        "location": "Federal Way, WA",
        "datetime": "2026-02-16 02:23:42+00:00",
        "kwh": 31.4301
      },
      "geometry": {
        "type": "Point",
        "coordinates": [
          -122.33931,
          47.313494
        ]
      }
    },
    {
      "type": "Feature",
      "properties": {
        "trip_id": "trip_021_2026-02-10_Auburn_to_Bellevue",
        "location": "Bellevue, WA - Northeast 8th Street",
        "datetime": "2026-02-20 02:08:12+00:00",
        "kwh": 18.795
      },
      "geometry": {
        "type": "Point",
        "coordinates": [
          -122.1115836,
          47.6167921
        ]
      }
    },
    {
      "type": "Feature",
      "properties": {
        "trip_id": "trip_021_2026-02-10_Auburn_to_Bellevue",
        "location": "Tacoma, WA - S 40th Street",
        "datetime": "2026-02-21 18:12:10+00:00",
        "kwh": 33.1852
      },
      "geometry": {
        "type": "Point",
        "coordinates": [
          -122.4499901,
          47.2209169
        ]
      }
    },
    {
      "type": "Feature",
      "properties": {
        "trip_id": "trip_021_2026-02-10_Auburn_to_Bellevue",
        "location": "Aberdeen, WA",
        "datetime": "2026-02-21 19:50:13+00:00",
        "kwh": 61.4938
      },
      "geometry": {
        "type": "Point",
        "coordinates": [
          -123.815722,
          46.975371
        ]
      }
    },
    {
      "type": "Feature",
      "properties": {
        "trip_id": "trip_021_2026-02-10_Auburn_to_Bellevue",
        "location": "Forks, WA",
        "datetime": "2026-02-22 03:03:45+00:00",
        "kwh": 40.7843
      },
      "geometry": {
        "type": "Point",
        "coordinates": [
          -124.386165,
          47.950222
        ]
      }
    },
    {
      "type": "Feature",
      "properties": {
        "trip_id": "trip_021_2026-02-10_Auburn_to_Bellevue",
        "location": "Suquamish, WA",
        "datetime": "2026-02-22 06:40:15+00:00",
        "kwh": 21.6139
      },
      "geometry": {
        "type": "Point",
        "coordinates": [
          -122.5844878,
          47.717948
        ]
      }
    },
    {
      "type": "Feature",
      "properties": {
        "trip_id": "trip_021_2026-02-10_Auburn_to_Bellevue",
        "location": "Bellevue, WA - Northeast 8th Street",
        "datetime": "2026-02-25 04:38:53+00:00",
        "kwh": 25.0085
      },
      "geometry": {
        "type": "Point",
        "coordinates": [
          -122.1115836,
          47.6167921
        ]
      }
    },
    {
      "type": "Feature",
      "properties": {
        "trip_id": "trip_022_2026-04-19_Kirkland_to_Bellevue",
        "name": "Apr 2026 \u2014 Kirkland \u2192 Bellevue",
        "color": "#ADFF2F"
      },
      "geometry": {
        "type": "LineString",
        "coordinates": [
          [
            -122.2070775,
            47.6765382
          ],
          [
            -120.9540582,
            47.1948356
          ],
          [
            -120.6622886,
            47.5957449
          ],
          [
            -120.9540582,
            47.1948356
          ],
          [
            -122.1115836,
            47.6167921
          ]
        ]
      }
    },
    {
      "type": "Feature",
      "properties": {
        "trip_id": "trip_022_2026-04-19_Kirkland_to_Bellevue",
        "location": "Kirkland, WA",
        "datetime": "2026-04-19 14:42:56+00:00",
        "kwh": 54.2339
      },
      "geometry": {
        "type": "Point",
        "coordinates": [
          -122.2070775,
          47.6765382
        ]
      }
    },
    {
      "type": "Feature",
      "properties": {
        "trip_id": "trip_022_2026-04-19_Kirkland_to_Bellevue",
        "location": "Cle Elum, WA - West Davis Street",
        "datetime": "2026-04-25 16:26:28+00:00",
        "kwh": 24.1363
      },
      "geometry": {
        "type": "Point",
        "coordinates": [
          -120.9540582,
          47.1948356
        ]
      }
    },
    {
      "type": "Feature",
      "properties": {
        "trip_id": "trip_022_2026-04-19_Kirkland_to_Bellevue",
        "location": "Leavenworth, WA - US-2",
        "datetime": "2026-04-25 22:32:34+00:00",
        "kwh": 34.1701
      },
      "geometry": {
        "type": "Point",
        "coordinates": [
          -120.6622886,
          47.5957449
        ]
      }
    },
    {
      "type": "Feature",
      "properties": {
        "trip_id": "trip_022_2026-04-19_Kirkland_to_Bellevue",
        "location": "Cle Elum, WA - West Davis Street",
        "datetime": "2026-04-27 00:35:15+00:00",
        "kwh": 43.1168
      },
      "geometry": {
        "type": "Point",
        "coordinates": [
          -120.9540582,
          47.1948356
        ]
      }
    },
    {
      "type": "Feature",
      "properties": {
        "trip_id": "trip_022_2026-04-19_Kirkland_to_Bellevue",
        "location": "Bellevue, WA - Northeast 8th Street",
        "datetime": "2026-04-29 15:55:13+00:00",
        "kwh": 18.4693
      },
      "geometry": {
        "type": "Point",
        "coordinates": [
          -122.1115836,
          47.6167921
        ]
      }
    },
    {
      "type": "Feature",
      "properties": {
        "trip_id": "trip_023_2026-05-25_Kelso_to_Tumwater",
        "name": "May 2026 \u2014 Kelso \u2192 Tumwater",
        "color": "#FF1493"
      },
      "geometry": {
        "type": "LineString",
        "coordinates": [
          [
            -122.905299,
            46.1421249
          ],
          [
            -123.7266793,
            45.460293
          ],
          [
            -124.053442,
            44.636755
          ],
          [
            -124.06104597469572,
            44.60515829966658
          ],
          [
            -124.06864168194821,
            44.57356109535117
          ],
          [
            -124.07622913971458,
            44.541963388156454
          ],
          [
            -124.08380836590376,
            44.51036517918212
          ],
          [
            -124.09137937837671,
            44.478766469524885
          ],
          [
            -124.0989421949465,
            44.44716726027849
          ],
          [
            -124.10649683337866,
            44.41556755253371
          ],
          [
            -124.11404331139116,
            44.383967347378366
          ],
          [
            -124.12158164665463,
            44.35236664589739
          ],
          [
            -124.12911185679256,
            44.32076544917274
          ],
          [
            -124.13663395938143,
            44.289163758283486
          ],
          [
            -124.14414797195082,
            44.257561574305775
          ],
          [
            -124.1516539119837,
            44.225958898312854
          ],
          [
            -124.15915179691646,
            44.19435573137511
          ],
          [
            -124.16664164413908,
            44.16275207456004
          ],
          [
            -124.17412347099537,
            44.13114792893225
          ],
          [
            -124.1815972947831,
            44.099543295553524
          ],
          [
            -124.18906313275406,
            44.06793817548279
          ],
          [
            -124.19652100211432,
            44.03633256977613
          ],
          [
            -124.2039709200244,
            44.0047264794868
          ],
          [
            -124.21141290359932,
            43.97311990566524
          ],
          [
            -124.2188469699088,
            43.94151284935909
          ],
          [
            -124.22627313597746,
            43.90990531161319
          ],
          [
            -124.23369141878496,
            43.878297293469586
          ],
          [
            -124.24110183526604,
            43.84668879596753
          ],
          [
            -124.24850440231083,
            43.815079820143524
          ],
          [
            -124.2558991367649,
            43.7834703670313
          ],
          [
            -124.2632860554294,
            43.751860437661854
          ],
          [
            -124.27066517506138,
            43.72025003306342
          ],
          [
            -124.27803651237365,
            43.68863915426151
          ],
          [
            -124.28540008403512,
            43.657027802278904
          ],
          [
            -124.292755906671,
            43.625415978135685
          ],
          [
            -124.30010399686276,
            43.593803682849206
          ],
          [
            -124.30744437114839,
            43.56219091743415
          ],
          [
            -124.31477704602256,
            43.53057768290249
          ],
          [
            -124.32210203793667,
            43.49896398026355
          ],
          [
            -124.32941936329921,
            43.46734981052396
          ],
          [
            -124.33672903847551,
            43.43573517468771
          ],
          [
            -124.34403107978837,
            43.40412007375609
          ],
          [
            -124.35132550351778,
            43.372504508727836
          ],
          [
            -124.35861232590135,
            43.34088848059898
          ],
          [
            -124.36589156313427,
            43.309271990362944
          ],
          [
            -124.37316323136953,
            43.277655039010575
          ],
          [
            -124.38042734671812,
            43.24603762753004
          ],
          [
            -124.38768392524905,
            43.214419756906985
          ],
          [
            -124.39493298298954,
            43.18280142812443
          ],
          [
            -124.40217453592516,
            43.1511826421628
          ],
          [
            -124.4094086,
            43.1195634
          ],
          [
            -124.40490565517497,
            43.09108153017652
          ],
          [
            -124.40040689647127,
            43.06259948396391
          ],
          [
            -124.3959123158597,
            43.03411726170157
          ],
          [
            -124.39142190533002,
            43.005634863728105
          ],
          [
            -124.38693565689081,
            42.97715229038134
          ],
          [
            -124.38245356256937,
            42.948669541998285
          ],
          [
            -124.37797561441175,
            42.920186618915146
          ],
          [
            -124.37350180448263,
            42.891703521467356
          ],
          [
            -124.36903212486533,
            42.86322024998954
          ],
          [
            -124.36456656766167,
            42.83473680481556
          ],
          [
            -124.36010512499199,
            42.806253186278475
          ],
          [
            -124.35564778899501,
            42.77776939471055
          ],
          [
            -124.35119455182793,
            42.74928543044331
          ],
          [
            -124.34674540566614,
            42.72080129380747
          ],
          [
            -124.3423003427034,
            42.69231698513297
          ],
          [
            -124.33785935515161,
            42.66383250474898
          ],
          [
            -124.33342243524086,
            42.635347852983905
          ],
          [
            -124.32898957521934,
            42.606863030165385
          ],
          [
            -124.32456076735333,
            42.578378036620286
          ],
          [
            -124.32013600392699,
            42.549892872674704
          ],
          [
            -124.31571527724257,
            42.521407538653996
          ],
          [
            -124.31129857962009,
            42.492922034882724
          ],
          [
            -124.3068859033974,
            42.46443636168472
          ],
          [
            -124.30247724093022,
            42.43595051938306
          ],
          [
            -124.29807258459196,
            42.40746450830006
          ],
          [
            -124.29367192677367,
            42.378978328757285
          ],
          [
            -124.28927525988402,
            42.35049198107556
          ],
          [
            -124.2848825763493,
            42.32200546557495
          ],
          [
            -124.28049386861329,
            42.29351878257478
          ],
          [
            -124.27610912913723,
            42.26503193239365
          ],
          [
            -124.27172835039974,
            42.23654491534941
          ],
          [
            -124.26735152489688,
            42.208057731759176
          ],
          [
            -124.26297864514196,
            42.1795703819393
          ],
          [
            -124.25860970366551,
            42.15108286620545
          ],
          [
            -124.25424469301541,
            42.122595184872544
          ],
          [
            -124.24988360575648,
            42.094107338254744
          ],
          [
            -124.24552643447089,
            42.065619326665534
          ],
          [
            -124.24117317175765,
            42.03713115041765
          ],
          [
            -124.23682381023288,
            42.00864280982309
          ],
          [
            -124.23247834252966,
            41.98015430519315
          ],
          [
            -124.22813676129792,
            41.951665636838435
          ],
          [
            -124.22379905920447,
            41.923176805068785
          ],
          [
            -124.21946522893292,
            41.89468781019334
          ],
          [
            -124.21513526318365,
            41.86619865252056
          ],
          [
            -124.21080915467371,
            41.83770933235817
          ],
          [
            -124.20648689613678,
            41.80921985001317
          ],
          [
            -124.20216848032328,
            41.78073020579191
          ],
          [
            -124.1978539,
            41.7522404
          ],
          [
            -124.1551778,
            40.8047398
          ],
          [
            -124.14775354369567,
            40.776394789168805
          ],
          [
            -124.14033562015662,
            40.74804930295252
          ],
          [
            -124.13292401776314,
            40.719703342231384
          ],
          [
            -124.12551872492085,
            40.69135690788362
          ],
          [
            -124.11811973006078,
            40.663010000785576
          ],
          [
            -124.11072702163908,
            40.63466262181163
          ],
          [
            -124.10334058813712,
            40.60631477183423
          ],
          [
            -124.09596041806137,
            40.577966451723924
          ],
          [
            -124.08858649994325,
            40.54961766234928
          ],
          [
            -124.08121882233921,
            40.521268404577015
          ],
          [
            -124.07385737383053,
            40.49291867927189
          ],
          [
            -124.06650214302336,
            40.46456848729677
          ],
          [
            -124.05915311854854,
            40.43621782951266
          ],
          [
            -124.05181028906154,
            40.407866706778606
          ],
          [
            -124.04447364324253,
            40.379515119951805
          ],
          [
            -124.03714316979612,
            40.35116306988758
          ],
          [
            -124.02981885745147,
            40.32281055743934
          ],
          [
            -124.02250069496209,
            40.294457583458666
          ],
          [
            -124.01518867110579,
            40.26610414879522
          ],
          [
            -124.00788277468472,
            40.237750254296856
          ],
          [
            -124.00058299452513,
            40.209395900809525
          ],
          [
            -123.99328931947746,
            40.18104108917735
          ],
          [
            -123.98600173841616,
            40.1526858202426
          ],
          [
            -123.97872024023974,
            40.12433009484572
          ],
          [
            -123.97144481387056,
            40.09597391382529
          ],
          [
            -123.96417544825485,
            40.0676172780181
          ],
          [
            -123.95691213236267,
            40.039260188259064
          ],
          [
            -123.94965485518777,
            40.010902645381314
          ],
          [
            -123.94240360574759,
            39.98254465021617
          ],
          [
            -123.93515837308307,
            39.954186203593096
          ],
          [
            -123.92791914625882,
            39.9258273063398
          ],
          [
            -123.92068591436279,
            39.897467959282174
          ],
          [
            -123.91345866650636,
            39.869108163244306
          ],
          [
            -123.90623739182429,
            39.84074791904851
          ],
          [
            -123.89902207947453,
            39.81238722751531
          ],
          [
            -123.8918127186383,
            39.78402608946344
          ],
          [
            -123.8846092985199,
            39.75566450570987
          ],
          [
            -123.87741180834672,
            39.727302477069806
          ],
          [
            -123.87022023736921,
            39.69894000435668
          ],
          [
            -123.86303457486065,
            39.670577088382146
          ],
          [
            -123.85585481011735,
            39.642213729956154
          ],
          [
            -123.84868093245831,
            39.61384992988685
          ],
          [
            -123.84151293122535,
            39.58548568898068
          ],
          [
            -123.83435079578298,
            39.55712100804231
          ],
          [
            -123.8271945155183,
            39.528755887874695
          ],
          [
            -123.82004407984105,
            39.500390329279064
          ],
          [
            -123.81289947818338,
            39.472024333054904
          ],
          [
            -123.8057607,
            39.4436579
          ],
          [
            -123.78414493789563,
            39.4145220832451
          ],
          [
            -123.76254723661121,
            39.38538226963746
          ],
          [
            -123.74096756483114,
            39.356238466653885
          ],
          [
            -123.71940589129643,
            39.327090681755664
          ],
          [
            -123.69786218480448,
            39.2979389223885
          ],
          [
            -123.67633641420912,
            39.268783195982586
          ],
          [
            -123.65482854842021,
            39.239623509952686
          ],
          [
            -123.63333855640393,
            39.21045987169814
          ],
          [
            -123.61186640718226,
            39.181292288602855
          ],
          [
            -123.59041206983312,
            39.15212076803544
          ],
          [
            -123.56897551349022,
            39.122945317349206
          ],
          [
            -123.54755670734279,
            39.09376594388215
          ],
          [
            -123.52615562063575,
            39.064582654957086
          ],
          [
            -123.5047722226693,
            39.035395457881606
          ],
          [
            -123.483406482799,
            39.006204359948164
          ],
          [
            -123.46205837043564,
            38.97700936843411
          ],
          [
            -123.44072785504498,
            38.94781049060172
          ],
          [
            -123.41941490614785,
            38.9186077336982
          ],
          [
            -123.39811949331988,
            38.889401104955795
          ],
          [
            -123.37684158619143,
            38.86019061159178
          ],
          [
            -123.35558115444752,
            38.83097626080853
          ],
          [
            -123.33433816782768,
            38.80175805979347
          ],
          [
            -123.31311259612585,
            38.772536015719254
          ],
          [
            -123.2919044091902,
            38.743310135743684
          ],
          [
            -123.27071357692319,
            38.7140804270098
          ],
          [
            -123.2495400692813,
            38.68484689664593
          ],
          [
            -123.22838385627492,
            38.65560955176565
          ],
          [
            -123.2072449079684,
            38.626368399467935
          ],
          [
            -123.18612319447976,
            38.59712344683713
          ],
          [
            -123.16501868598066,
            38.567874700942966
          ],
          [
            -123.14393135269626,
            38.53862216884063
          ],
          [
            -123.12286116490516,
            38.509365857570835
          ],
          [
            -123.1018080929393,
            38.48010577415977
          ],
          [
            -123.08077210718372,
            38.45084192561924
          ],
          [
            -123.05975317807663,
            38.42157431894658
          ],
          [
            -123.03875127610912,
            38.392302961124834
          ],
          [
            -123.01776637182526,
            38.36302785912268
          ],
          [
            -122.99679843582179,
            38.33374901989448
          ],
          [
            -122.9758474387481,
            38.3044664503804
          ],
          [
            -122.95491335130615,
            38.27518015750634
          ],
          [
            -122.93399614425036,
            38.245890148184024
          ],
          [
            -122.91309578838738,
            38.21659642931103
          ],
          [
            -122.89221225457615,
            38.18729900777084
          ],
          [
            -122.8713455137277,
            38.15799789043286
          ],
          [
            -122.85049553680507,
            38.12869308415242
          ],
          [
            -122.82966229482315,
            38.09938459577086
          ],
          [
            -122.80884575884868,
            38.07007243211557
          ],
          [
            -122.7880459,
            38.040756599999995
          ],
          [
            -122.4175684,
            37.6301729
          ],
          [
            -121.816926,
            36.62593
          ],
          [
            -121.7919782622252,
            36.595148858040176
          ],
          [
            -121.76705042216342,
            36.564362520932725
          ],
          [
            -121.74214244498985,
            36.53357099864436
          ],
          [
            -121.7172542959378,
            36.50277430112163
          ],
          [
            -121.69238594029842,
            36.47197243829093
          ],
          [
            -121.66753734342082,
            36.441165420058596
          ],
          [
            -121.64270847071182,
            36.41035325631089
          ],
          [
            -121.61789928763588,
            36.37953595691411
          ],
          [
            -121.59310975971499,
            36.34871353171462
          ],
          [
            -121.56833985252867,
            36.31788599053887
          ],
          [
            -121.54358953171365,
            36.28705334319351
          ],
          [
            -121.51885876296402,
            36.25621559946535
          ],
          [
            -121.49414751203092,
            36.22537276912151
          ],
          [
            -121.46945574472261,
            36.194524861909386
          ],
          [
            -121.44478342690424,
            36.16367188755672
          ],
          [
            -121.42013052449778,
            36.132813855771694
          ],
          [
            -121.39549700348198,
            36.101950776242916
          ],
          [
            -121.37088282989217,
            36.07108265863949
          ],
          [
            -121.34628796982024,
            36.04020951261111
          ],
          [
            -121.32171238941456,
            36.00933134778802
          ],
          [
            -121.2971560548797,
            35.978448173781125
          ],
          [
            -121.2726189324766,
            35.94756000018204
          ],
          [
            -121.24810098852222,
            35.91666683656311
          ],
          [
            -121.22360218938962,
            35.88576869247744
          ],
          [
            -121.19912250150773,
            35.85486557745902
          ],
          [
            -121.17466189136137,
            35.82395750102269
          ],
          [
            -121.15022032549099,
            35.793044472664235
          ],
          [
            -121.12579777049275,
            35.7621265018604
          ],
          [
            -121.10139419301828,
            35.73120359806899
          ],
          [
            -121.07700955977468,
            35.70027577072884
          ],
          [
            -121.05264383752434,
            35.66934302925991
          ],
          [
            -121.02829699308488,
            35.638405383063365
          ],
          [
            -121.003968993329,
            35.60746284152154
          ],
          [
            -120.97965980518453,
            35.57651541399803
          ],
          [
            -120.95536939563407,
            35.54556310983775
          ],
          [
            -120.9310977317152,
            35.51460593836698
          ],
          [
            -120.90684478052015,
            35.48364390889335
          ],
          [
            -120.88261050919571,
            35.45267703070596
          ],
          [
            -120.85839488494331,
            35.42170531307541
          ],
          [
            -120.8341978750187,
            35.39072876525381
          ],
          [
            -120.81001944673207,
            35.359747396474866
          ],
          [
            -120.7858595674477,
            35.328761215953904
          ],
          [
            -120.76171820458408,
            35.2977702328879
          ],
          [
            -120.73759532561371,
            35.2667744564556
          ],
          [
            -120.713490898063,
            35.235773895817445
          ],
          [
            -120.68940488951225,
            35.20476856011572
          ],
          [
            -120.66533726759536,
            35.17375845847457
          ],
          [
            -120.641288,
            35.1427436
          ],
          [
            -120.60484706530632,
            35.12301436701093
          ],
          [
            -120.56842378414451,
            35.10327423277932
          ],
          [
            -120.53201814478152,
            35.08352321056119
          ],
          [
            -120.49563013546617,
            35.06376131360189
          ],
          [
            -120.45925974442909,
            35.043988555136046
          ],
          [
            -120.42290695988301,
            35.02420494838757
          ],
          [
            -120.38657177002274,
            35.004410506569656
          ],
          [
            -120.35025416302524,
            34.984605242884776
          ],
          [
            -120.31395412704981,
            34.96478917052465
          ],
          [
            -120.27767165023809,
            34.94496230267029
          ],
          [
            -120.24140672071414,
            34.92512465249193
          ],
          [
            -120.20515932658459,
            34.905276233149095
          ],
          [
            -120.16892945593877,
            34.88541705779055
          ],
          [
            -120.13271709684864,
            34.86554713955426
          ],
          [
            -120.09652223736896,
            34.845666491567485
          ],
          [
            -120.06034486553752,
            34.8257751269467
          ],
          [
            -120.02418496937494,
            34.805873058797594
          ],
          [
            -119.98804253688502,
            34.785960300215116
          ],
          [
            -119.95191755605464,
            34.76603686428338
          ],
          [
            -119.91581001485402,
            34.746102764075786
          ],
          [
            -119.87971990123664,
            34.72615801265487
          ],
          [
            -119.84364720313945,
            34.70620262307244
          ],
          [
            -119.80759190848285,
            34.686236608369484
          ],
          [
            -119.77155400517091,
            34.66625998157617
          ],
          [
            -119.73553348109128,
            34.64627275571189
          ],
          [
            -119.69953032411553,
            34.62627494378522
          ],
          [
            -119.66354452209889,
            34.60626655879391
          ],
          [
            -119.62757606288068,
            34.58624761372491
          ],
          [
            -119.59162493428417,
            34.56621812155434
          ],
          [
            -119.55569112411678,
            34.54617809524752
          ],
          [
            -119.51977462017004,
            34.526127547758904
          ],
          [
            -119.48387541021985,
            34.50606649203215
          ],
          [
            -119.44799348202642,
            34.48599494100004
          ],
          [
            -119.41212882333443,
            34.465912907584574
          ],
          [
            -119.37628142187303,
            34.445820404696875
          ],
          [
            -119.34045126535608,
            34.42571744523723
          ],
          [
            -119.30463834148203,
            34.405604042095085
          ],
          [
            -119.26884263793421,
            34.385480208149026
          ],
          [
            -119.23306414238073,
            34.3653459562668
          ],
          [
            -119.19730284247464,
            34.34520129930527
          ],
          [
            -119.16155872585412,
            34.32504625011049
          ],
          [
            -119.12583178014232,
            34.3048808215176
          ],
          [
            -119.09012199294772,
            34.28470502635091
          ],
          [
            -119.05442935186393,
            34.26451887742384
          ],
          [
            -119.01875384447001,
            34.244322387538965
          ],
          [
            -118.98309545833047,
            34.22411556948796
          ],
          [
            -118.94745418099528,
            34.20389843605167
          ],
          [
            -118.91183,
            34.183671
          ],
          [
            -117.9752615,
            34.0004225
          ],
          [
            -117.3525102,
            33.1762538
          ],
          [
            -117.6658467,
            33.5635267
          ],
          [
            -117.70786148275535,
            33.581753803144096
          ],
          [
            -117.74989401059497,
            33.599966703124345
          ],
          [
            -117.79194428940592,
            33.618165384138436
          ],
          [
            -117.83401232503734,
            33.63634983037728
          ],
          [
            -117.8760981233005,
            33.65452002602508
          ],
          [
            -117.91820168996864,
            33.672675955259365
          ],
          [
            -117.96032303077682,
            33.690817602251
          ],
          [
            -118.00246215142191,
            33.708944951164156
          ],
          [
            -118.04461905756234,
            33.727057986156474
          ],
          [
            -118.08679375481809,
            33.74515669137896
          ],
          [
            -118.12898624877053,
            33.76324105097609
          ],
          [
            -118.1711965449624,
            33.7813110490858
          ],
          [
            -118.2134246488975,
            33.79936666983953
          ],
          [
            -118.25567056604079,
            33.81740789736225
          ],
          [
            -118.29793430181819,
            33.835434715772486
          ],
          [
            -118.34021586161641,
            33.85344710918235
          ],
          [
            -118.38251525078297,
            33.87144506169755
          ],
          [
            -118.42483247462599,
            33.889428557417475
          ],
          [
            -118.46716753841405,
            33.907397580435145
          ],
          [
            -118.50952044737618,
            33.9253521148373
          ],
          [
            -118.55189120670165,
            33.94329214470441
          ],
          [
            -118.59427982154003,
            33.96121765411066
          ],
          [
            -118.63668629700078,
            33.97912862712411
          ],
          [
            -118.6791106381534,
            33.99702504780653
          ],
          [
            -118.72155285002721,
            34.01490690021362
          ],
          [
            -118.76401293761126,
            34.03277416839489
          ],
          [
            -118.80649090585423,
            34.05062683639379
          ],
          [
            -118.84898675966421,
            34.0684648882477
          ],
          [
            -118.89150050390877,
            34.08628830798796
          ],
          [
            -118.93403214341471,
            34.104097079639885
          ],
          [
            -118.97658168296796,
            34.12189118722285
          ],
          [
            -119.0191491273135,
            34.13967061475025
          ],
          [
            -119.06173448115531,
            34.157435346229576
          ],
          [
            -119.10433774915612,
            34.175185365662436
          ],
          [
            -119.14695893593732,
            34.192920657044574
          ],
          [
            -119.18959804607898,
            34.21064120436593
          ],
          [
            -119.23225508411961,
            34.22834699161062
          ],
          [
            -119.27493005455607,
            34.24603800275704
          ],
          [
            -119.31762296184347,
            34.2637142217778
          ],
          [
            -119.36033381039502,
            34.28137563263988
          ],
          [
            -119.40306260458199,
            34.299022219304504
          ],
          [
            -119.44580934873359,
            34.31665396572734
          ],
          [
            -119.48857404713674,
            34.33427085585841
          ],
          [
            -119.53135670403607,
            34.35187287364217
          ],
          [
            -119.57415732363374,
            34.36946000301754
          ],
          [
            -119.61697591008948,
            34.38703222791792
          ],
          [
            -119.65981246752014,
            34.404589532271245
          ],
          [
            -119.70266699999999,
            34.4221319
          ],
          [
            -120.5833942,
            35.1223351
          ],
          [
            -120.61152551004055,
            35.161106492154055
          ],
          [
            -120.6396836489626,
            35.19987137539803
          ],
          [
            -120.66786867645891,
            35.23862973415327
          ],
          [
            -120.69608065235079,
            35.277381552802005
          ],
          [
            -120.72431963658858,
            35.31612681568724
          ],
          [
            -120.75258568925189,
            35.35486550711264
          ],
          [
            -120.78087887054998,
            35.393597611342415
          ],
          [
            -120.80919924082211,
            35.43232311260119
          ],
          [
            -120.83754686053773,
            35.471041995073826
          ],
          [
            -120.86592179029691,
            35.509754242905395
          ],
          [
            -120.89432409083072,
            35.54845984020097
          ],
          [
            -120.92275382300146,
            35.587158771025535
          ],
          [
            -120.95121104780296,
            35.625851019403854
          ],
          [
            -120.97969582636102,
            35.664536569320326
          ],
          [
            -121.00820821993369,
            35.70321540471889
          ],
          [
            -121.03674828991157,
            35.74188750950285
          ],
          [
            -121.06531609781821,
            35.780552867534816
          ],
          [
            -121.09391170531036,
            35.819211462636495
          ],
          [
            -121.12253517417834,
            35.85786327858862
          ],
          [
            -121.15118656634637,
            35.89650829913078
          ],
          [
            -121.17986594387293,
            35.93514650796134
          ],
          [
            -121.20857336895105,
            35.97377788873724
          ],
          [
            -121.23730890390866,
            36.01240242507392
          ],
          [
            -121.26607261120895,
            36.0510201005452
          ],
          [
            -121.29486455345067,
            36.089630898683076
          ],
          [
            -121.32368479336844,
            36.128234802977644
          ],
          [
            -121.35253339383317,
            36.16683179687696
          ],
          [
            -121.38141041785235,
            36.20542186378689
          ],
          [
            -121.41031592857034,
            36.24400498707098
          ],
          [
            -121.4392499892688,
            36.28258115005037
          ],
          [
            -121.468212663367,
            36.321150336003555
          ],
          [
            -121.49720401442207,
            36.359712528166355
          ],
          [
            -121.52622410612946,
            36.39826770973172
          ],
          [
            -121.55527300232323,
            36.43681586384961
          ],
          [
            -121.58435076697637,
            36.475356973626866
          ],
          [
            -121.61345746420123,
            36.513891022127055
          ],
          [
            -121.64259315824974,
            36.55241799237036
          ],
          [
            -121.67175791351374,
            36.59093786733339
          ],
          [
            -121.70095179452554,
            36.62945062994912
          ],
          [
            -121.73017486595798,
            36.66795626310668
          ],
          [
            -121.75942719262501,
            36.706454749651265
          ],
          [
            -121.78870883948183,
            36.744946072383954
          ],
          [
            -121.8180198716254,
            36.7834302140616
          ],
          [
            -121.84736035429472,
            36.82190715739669
          ],
          [
            -121.87673035287116,
            36.860376885057185
          ],
          [
            -121.90612993287883,
            36.89883937966639
          ],
          [
            -121.93555915998489,
            36.937294623802806
          ],
          [
            -121.96501809999998,
            36.9757426
          ],
          [
            -122.4995234,
            37.5980374
          ],
          [
            -122.636465,
            38.2325829
          ],
          [
            -121.9701077,
            38.8816319
          ],
          [
            -121.97777812038937,
            38.917195229188685
          ],
          [
            -121.98545623259848,
            38.95275805596922
          ],
          [
            -121.99314205401888,
            38.98832037919853
          ],
          [
            -122.00083560208822,
            39.02388219773046
          ],
          [
            -122.00853689429046,
            39.05944351041577
          ],
          [
            -122.0162459481558,
            39.095004316102184
          ],
          [
            -122.02396278126103,
            39.13056461363431
          ],
          [
            -122.03168741122971,
            39.166124401853665
          ],
          [
            -122.03941985573216,
            39.201683679598666
          ],
          [
            -122.04716013248579,
            39.23724244570457
          ],
          [
            -122.05490825925519,
            39.27280069900354
          ],
          [
            -122.06266425385228,
            39.30835843832457
          ],
          [
            -122.0704281341365,
            39.34391566249351
          ],
          [
            -122.07819991801502,
            39.37947237033304
          ],
          [
            -122.08597962344282,
            39.41502856066269
          ],
          [
            -122.09376726842288,
            39.45058423229874
          ],
          [
            -122.10156287100644,
            39.48613938405433
          ],
          [
            -122.10936644929296,
            39.521694014739374
          ],
          [
            -122.11717802143058,
            39.557248123160534
          ],
          [
            -122.124997605616,
            39.592801708121264
          ],
          [
            -122.13282522009484,
            39.62835476842178
          ],
          [
            -122.14066088316179,
            39.66390730285902
          ],
          [
            -122.14850461316064,
            39.69945931022667
          ],
          [
            -122.15635642848463,
            39.73501078931513
          ],
          [
            -122.16421634757654,
            39.77056173891152
          ],
          [
            -122.17208438892887,
            39.80611215779962
          ],
          [
            -122.17996057108398,
            39.84166204475993
          ],
          [
            -122.18784491263439,
            39.87721139856962
          ],
          [
            -122.19573743222274,
            39.91276021800252
          ],
          [
            -122.20363814854223,
            39.94830850182909
          ],
          [
            -122.21154708033653,
            39.98385624881646
          ],
          [
            -122.2194642464002,
            40.019403457728345
          ],
          [
            -122.22738966557871,
            40.054950127325135
          ],
          [
            -122.23532335676865,
            40.09049625636376
          ],
          [
            -122.24326533891798,
            40.12604184359776
          ],
          [
            -122.25121563102614,
            40.16158688777728
          ],
          [
            -122.25917425214419,
            40.19713138764899
          ],
          [
            -122.26714122137516,
            40.23267534195613
          ],
          [
            -122.27511655787403,
            40.268218749438496
          ],
          [
            -122.28310028084809,
            40.30376160883238
          ],
          [
            -122.29109240955697,
            40.33930391887062
          ],
          [
            -122.29909296331294,
            40.37484567828254
          ],
          [
            -122.30710196148108,
            40.41038688579396
          ],
          [
            -122.31511942347942,
            40.44592754012717
          ],
          [
            -122.32314536877915,
            40.48146764000095
          ],
          [
            -122.33117981690481,
            40.5170071841305
          ],
          [
            -122.3392227874345,
            40.5525461712275
          ],
          [
            -122.3472743,
            40.5880846
          ],
          [
            -122.3847609,
            41.4238018
          ],
          [
            -122.8585926,
            42.360413
          ],
          [
            -122.86226579452483,
            42.39629528473661
          ],
          [
            -122.8659431919896,
            42.43217745208197
          ],
          [
            -122.86962480248782,
            42.46805950175379
          ],
          [
            -122.8733106361426,
            42.50394143346894
          ],
          [
            -122.87700070310692,
            42.53982324694342
          ],
          [
            -122.88069501356352,
            42.57570494189246
          ],
          [
            -122.88439357772519,
            42.6115865180304
          ],
          [
            -122.88809640583484,
            42.64746797507075
          ],
          [
            -122.89180350816564,
            42.683349312726165
          ],
          [
            -122.89551489502097,
            42.71923053070845
          ],
          [
            -122.89923057673478,
            42.75511162872858
          ],
          [
            -122.90295056367158,
            42.790992606496644
          ],
          [
            -122.90667486622652,
            42.82687346372189
          ],
          [
            -122.91040349482562,
            42.8627542001127
          ],
          [
            -122.91413645992571,
            42.898634815376575
          ],
          [
            -122.91787377201479,
            42.934515309220146
          ],
          [
            -122.92161544161193,
            42.97039568134921
          ],
          [
            -122.92536147926755,
            43.00627593146863
          ],
          [
            -122.92911189556337,
            43.042156059282426
          ],
          [
            -122.93286670111272,
            43.07803606449374
          ],
          [
            -122.93662590656055,
            43.11391594680479
          ],
          [
            -122.9403895225835,
            43.14979570591694
          ],
          [
            -122.94415755989023,
            43.18567534153064
          ],
          [
            -122.94793002922125,
            43.22155485334545
          ],
          [
            -122.95170694134931,
            43.25743424106005
          ],
          [
            -122.95548830707938,
            43.293313504372165
          ],
          [
            -122.95927413724881,
            43.329192642978654
          ],
          [
            -122.9630644427274,
            43.36507165657546
          ],
          [
            -122.96685923441765,
            43.400950544857594
          ],
          [
            -122.97065852325483,
            43.43682930751917
          ],
          [
            -122.97446232020697,
            43.472707944253365
          ],
          [
            -122.9782706362752,
            43.50858645475243
          ],
          [
            -122.98208348249378,
            43.54446483870771
          ],
          [
            -122.9859008699302,
            43.58034309580958
          ],
          [
            -122.9897228096854,
            43.61622122574752
          ],
          [
            -122.99354931289375,
            43.652099228210034
          ],
          [
            -122.99738039072336,
            43.6879771028847
          ],
          [
            -123.00121605437606,
            43.723854849458164
          ],
          [
            -123.00505631508763,
            43.75973246761609
          ],
          [
            -123.0089011841279,
            43.795609957043204
          ],
          [
            -123.01275067280079,
            43.83148731742328
          ],
          [
            -123.01660479244468,
            43.867364548439106
          ],
          [
            -123.02046355443225,
            43.903241649772546
          ],
          [
            -123.02432697017086,
            43.93911862110445
          ],
          [
            -123.02819505110257,
            43.97499546211471
          ],
          [
            -123.0320678087042,
            44.01087217248228
          ],
          [
            -123.03594525448769,
            44.04674875188506
          ],
          [
            -123.0398274,
            44.0826252
          ],
          [
            -123.110065,
            44.3796117
          ],
          [
            -123.10261100268504,
            44.40956409980671
          ],
          [
            -123.09514936708767,
            44.43951601434905
          ],
          [
            -123.08768007750089,
            44.469467442621266
          ],
          [
            -123.08020311817792,
            44.49941838361504
          ],
          [
            -123.07271847333196,
            44.52936883631943
          ],
          [
            -123.06522612713614,
            44.5593187997209
          ],
          [
            -123.05772606372335,
            44.58926827280332
          ],
          [
            -123.05021826718608,
            44.61921725454796
          ],
          [
            -123.0427027215764,
            44.64916574393345
          ],
          [
            -123.03517941090576,
            44.67911373993579
          ],
          [
            -123.02764831914482,
            44.70906124152832
          ],
          [
            -123.02010943022336,
            44.739008247681774
          ],
          [
            -123.01256272803015,
            44.76895475736421
          ],
          [
            -123.00500819641283,
            44.79890076954102
          ],
          [
            -122.99744581917777,
            44.828846283174904
          ],
          [
            -122.98987558008984,
            44.85879129722589
          ],
          [
            -122.9822974628725,
            44.888735810651326
          ],
          [
            -122.97471145120734,
            44.91867982240585
          ],
          [
            -122.96711752873432,
            44.94862333144139
          ],
          [
            -122.95951567905135,
            44.97856633670714
          ],
          [
            -122.95190588571421,
            45.008508837149606
          ],
          [
            -122.94428813223652,
            45.038450831712495
          ],
          [
            -122.93666240208945,
            45.06839231933683
          ],
          [
            -122.92902867870175,
            45.098333298960846
          ],
          [
            -122.92138694545952,
            45.12827376952002
          ],
          [
            -122.91373718570595,
            45.15821372994705
          ],
          [
            -122.90607938274147,
            45.18815317917185
          ],
          [
            -122.89841351982334,
            45.218092116121554
          ],
          [
            -122.89073958016563,
            45.24803053972049
          ],
          [
            -122.88305754693909,
            45.27796844889018
          ],
          [
            -122.87536740327094,
            45.3079058425493
          ],
          [
            -122.86766913224483,
            45.33784271961374
          ],
          [
            -122.85996271690053,
            45.36777907899651
          ],
          [
            -122.85224814023401,
            45.3977149196078
          ],
          [
            -122.84452538519707,
            45.427650240354936
          ],
          [
            -122.83679443469735,
            45.45758504014235
          ],
          [
            -122.8290552715982,
            45.487519317871644
          ],
          [
            -122.8213078787183,
            45.51745307244149
          ],
          [
            -122.81355223883186,
            45.547386302747704
          ],
          [
            -122.8057883346682,
            45.57731900768317
          ],
          [
            -122.7980161489117,
            45.60725118613785
          ],
          [
            -122.79023566420167,
            45.63718283699882
          ],
          [
            -122.78244686313221,
            45.66711395915016
          ],
          [
            -122.77464972825199,
            45.69704455147306
          ],
          [
            -122.76684424206414,
            45.72697461284572
          ],
          [
            -122.7590303870261,
            45.75690414214342
          ],
          [
            -122.75120814554953,
            45.786833138238414
          ],
          [
            -122.74337750000001,
            45.8167616
          ],
          [
            -122.74698185247065,
            45.8412741007808
          ],
          [
            -122.75058938231258,
            45.865786488139605
          ],
          [
            -122.75420009503672,
            45.89029876187918
          ],
          [
            -122.75781399616594,
            45.91481092180182
          ],
          [
            -122.76143109123508,
            45.93932296770944
          ],
          [
            -122.76505138579117,
            45.96383489940348
          ],
          [
            -122.76867488539321,
            45.988346716684994
          ],
          [
            -122.77230159561236,
            46.01285841935454
          ],
          [
            -122.77593152203188,
            46.03737000721226
          ],
          [
            -122.7795646702473,
            46.061881480057906
          ],
          [
            -122.7832010458663,
            46.08639283769072
          ],
          [
            -122.78684065450884,
            46.11090407990955
          ],
          [
            -122.79048350180717,
            46.135415206512796
          ],
          [
            -122.79412959340587,
            46.159926217298384
          ],
          [
            -122.79777893496187,
            46.18443711206383
          ],
          [
            -122.80143153214443,
            46.20894789060621
          ],
          [
            -122.80508739063535,
            46.23345855272213
          ],
          [
            -122.8087465161288,
            46.257969098207745
          ],
          [
            -122.81240891433148,
            46.28247952685878
          ],
          [
            -122.8160745909626,
            46.30698983847051
          ],
          [
            -122.81974355175392,
            46.33150003283774
          ],
          [
            -122.82341580244986,
            46.356010109754834
          ],
          [
            -122.82709134880746,
            46.38052006901571
          ],
          [
            -122.83077019659633,
            46.40502991041381
          ],
          [
            -122.83445235159896,
            46.429539633742145
          ],
          [
            -122.8381378196104,
            46.45404923879325
          ],
          [
            -122.84182660643859,
            46.47855872535919
          ],
          [
            -122.84551871790427,
            46.503068093231605
          ],
          [
            -122.849214159841,
            46.52757734220165
          ],
          [
            -122.85291293809524,
            46.55208647206002
          ],
          [
            -122.85661505852637,
            46.57659548259693
          ],
          [
            -122.86032052700668,
            46.60110437360217
          ],
          [
            -122.86402934942156,
            46.625613144865014
          ],
          [
            -122.86774153166932,
            46.65012179617431
          ],
          [
            -122.87145707966143,
            46.67463032731841
          ],
          [
            -122.87517599932237,
            46.69913873808521
          ],
          [
            -122.87889829658981,
            46.72364702826211
          ],
          [
            -122.88262397741464,
            46.74815519763607
          ],
          [
            -122.88635304776086,
            46.77266324599356
          ],
          [
            -122.89008551360584,
            46.79717117312057
          ],
          [
            -122.89382138094012,
            46.8216789788026
          ],
          [
            -122.89756065576769,
            46.8461866628247
          ],
          [
            -122.90130334410576,
            46.87069422497142
          ],
          [
            -122.90504945198512,
            46.895201665026846
          ],
          [
            -122.90879898544985,
            46.919708982774544
          ],
          [
            -122.91255195055754,
            46.94421617799763
          ],
          [
            -122.91630835337936,
            46.968723250478746
          ],
          [
            -122.92006819999999,
            46.9932302
          ]
        ]
      }
    },
    {
      "type": "Feature",
      "properties": {
        "trip_id": "trip_023_2026-05-25_Kelso_to_Tumwater",
        "location": "Kelso, WA",
        "datetime": "2026-05-25 19:35:20+00:00",
        "kwh": 27.1053
      },
      "geometry": {
        "type": "Point",
        "coordinates": [
          -122.905299,
          46.1421249
        ]
      }
    },
    {
      "type": "Feature",
      "properties": {
        "trip_id": "trip_023_2026-05-25_Kelso_to_Tumwater",
        "location": "Tillamook, OR",
        "datetime": "2026-05-25 23:16:06+00:00",
        "kwh": 27.0562
      },
      "geometry": {
        "type": "Point",
        "coordinates": [
          -123.7266793,
          45.460293
        ]
      }
    },
    {
      "type": "Feature",
      "properties": {
        "trip_id": "trip_023_2026-05-25_Kelso_to_Tumwater",
        "location": "Newport, OR",
        "datetime": "2026-05-26 01:18:37+00:00",
        "kwh": 44.849
      },
      "geometry": {
        "type": "Point",
        "coordinates": [
          -124.053442,
          44.636755
        ]
      }
    },
    {
      "type": "Feature",
      "properties": {
        "trip_id": "trip_023_2026-05-25_Kelso_to_Tumwater",
        "location": "Bandon, OR",
        "datetime": "2026-05-26 05:06:48+00:00",
        "kwh": 38.4985
      },
      "geometry": {
        "type": "Point",
        "coordinates": [
          -124.4094086,
          43.1195634
        ]
      }
    },
    {
      "type": "Feature",
      "properties": {
        "trip_id": "trip_023_2026-05-25_Kelso_to_Tumwater",
        "location": "Crescent City, CA",
        "datetime": "2026-05-26 19:03:08+00:00",
        "kwh": 61.13
      },
      "geometry": {
        "type": "Point",
        "coordinates": [
          -124.1978539,
          41.7522404
        ]
      }
    },
    {
      "type": "Feature",
      "properties": {
        "trip_id": "trip_023_2026-05-25_Kelso_to_Tumwater",
        "location": "Eureka, CA - 4th St",
        "datetime": "2026-05-27 19:20:58+00:00",
        "kwh": 19.23
      },
      "geometry": {
        "type": "Point",
        "coordinates": [
          -124.1551778,
          40.8047398
        ]
      }
    },
    {
      "type": "Feature",
      "properties": {
        "trip_id": "trip_023_2026-05-25_Kelso_to_Tumwater",
        "location": "Fort Bragg, CA",
        "datetime": "2026-05-27 23:05:46+00:00",
        "kwh": 64.9738
      },
      "geometry": {
        "type": "Point",
        "coordinates": [
          -123.8057607,
          39.4436579
        ]
      }
    },
    {
      "type": "Feature",
      "properties": {
        "trip_id": "trip_023_2026-05-25_Kelso_to_Tumwater",
        "location": "Olema, CA",
        "datetime": "2026-05-28 18:13:14+00:00",
        "kwh": 30.055
      },
      "geometry": {
        "type": "Point",
        "coordinates": [
          -122.7880459,
          38.0407566
        ]
      }
    },
    {
      "type": "Feature",
      "properties": {
        "trip_id": "trip_023_2026-05-25_Kelso_to_Tumwater",
        "location": "San Bruno, CA - El Camino Real",
        "datetime": "2026-05-29 15:25:45+00:00",
        "kwh": 26.5304
      },
      "geometry": {
        "type": "Point",
        "coordinates": [
          -122.4175684,
          37.6301729
        ]
      }
    },
    {
      "type": "Feature",
      "properties": {
        "trip_id": "trip_023_2026-05-25_Kelso_to_Tumwater",
        "location": "Seaside, CA",
        "datetime": "2026-05-29 22:31:54+00:00",
        "kwh": 29.633
      },
      "geometry": {
        "type": "Point",
        "coordinates": [
          -121.816926,
          36.62593
        ]
      }
    },
    {
      "type": "Feature",
      "properties": {
        "trip_id": "trip_023_2026-05-25_Kelso_to_Tumwater",
        "location": "Pismo Beach, CA",
        "datetime": "2026-05-31 04:35:07+00:00",
        "kwh": 58.5608
      },
      "geometry": {
        "type": "Point",
        "coordinates": [
          -120.641288,
          35.1427436
        ]
      }
    },
    {
      "type": "Feature",
      "properties": {
        "trip_id": "trip_023_2026-05-25_Kelso_to_Tumwater",
        "location": "Newbury Park, CA",
        "datetime": "2026-05-31 19:18:31+00:00",
        "kwh": 29.79
      },
      "geometry": {
        "type": "Point",
        "coordinates": [
          -118.91183,
          34.183671
        ]
      }
    },
    {
      "type": "Feature",
      "properties": {
        "trip_id": "trip_023_2026-05-25_Kelso_to_Tumwater",
        "location": "Hacienda Heights, CA",
        "datetime": "2026-06-01 05:08:23+00:00",
        "kwh": 65.52
      },
      "geometry": {
        "type": "Point",
        "coordinates": [
          -117.9752615,
          34.0004225
        ]
      }
    },
    {
      "type": "Feature",
      "properties": {
        "trip_id": "trip_023_2026-05-25_Kelso_to_Tumwater",
        "location": "Oceanside, CA - Vista Way",
        "datetime": "2026-06-04 03:41:40+00:00",
        "kwh": 53.3937
      },
      "geometry": {
        "type": "Point",
        "coordinates": [
          -117.3525102,
          33.1762538
        ]
      }
    },
    {
      "type": "Feature",
      "properties": {
        "trip_id": "trip_023_2026-05-25_Kelso_to_Tumwater",
        "location": "Mission Viejo, CA - Crown Valley Parkway",
        "datetime": "2026-06-05 20:59:46+00:00",
        "kwh": 43.4103
      },
      "geometry": {
        "type": "Point",
        "coordinates": [
          -117.6658467,
          33.5635267
        ]
      }
    },
    {
      "type": "Feature",
      "properties": {
        "trip_id": "trip_023_2026-05-25_Kelso_to_Tumwater",
        "location": "Santa Barbara, CA",
        "datetime": "2026-06-06 20:09:10+00:00",
        "kwh": 32.6455
      },
      "geometry": {
        "type": "Point",
        "coordinates": [
          -119.702667,
          34.4221319
        ]
      }
    },
    {
      "type": "Feature",
      "properties": {
        "trip_id": "trip_023_2026-05-25_Kelso_to_Tumwater",
        "location": "Arroyo Grande, CA - West Branch Street",
        "datetime": "2026-06-06 21:55:05+00:00",
        "kwh": 58.8134
      },
      "geometry": {
        "type": "Point",
        "coordinates": [
          -120.5833942,
          35.1223351
        ]
      }
    },
    {
      "type": "Feature",
      "properties": {
        "trip_id": "trip_023_2026-05-25_Kelso_to_Tumwater",
        "location": "Capitola, CA - 41st Ave",
        "datetime": "2026-06-07 02:55:45+00:00",
        "kwh": 32.6576
      },
      "geometry": {
        "type": "Point",
        "coordinates": [
          -121.9650181,
          36.9757426
        ]
      }
    },
    {
      "type": "Feature",
      "properties": {
        "trip_id": "trip_023_2026-05-25_Kelso_to_Tumwater",
        "location": "Pacifica, CA",
        "datetime": "2026-06-07 04:41:12+00:00",
        "kwh": 30.1912
      },
      "geometry": {
        "type": "Point",
        "coordinates": [
          -122.4995234,
          37.5980374
        ]
      }
    },
    {
      "type": "Feature",
      "properties": {
        "trip_id": "trip_023_2026-05-25_Kelso_to_Tumwater",
        "location": "Petaluma, CA",
        "datetime": "2026-06-07 13:48:17+00:00",
        "kwh": 25.6351
      },
      "geometry": {
        "type": "Point",
        "coordinates": [
          -122.636465,
          38.2325829
        ]
      }
    },
    {
      "type": "Feature",
      "properties": {
        "trip_id": "trip_023_2026-05-25_Kelso_to_Tumwater",
        "location": "Dunnigan, CA - County Road 8",
        "datetime": "2026-06-07 15:43:13+00:00",
        "kwh": 33.4678
      },
      "geometry": {
        "type": "Point",
        "coordinates": [
          -121.9701077,
          38.8816319
        ]
      }
    },
    {
      "type": "Feature",
      "properties": {
        "trip_id": "trip_023_2026-05-25_Kelso_to_Tumwater",
        "location": "Redding, CA - Old Alturas Road",
        "datetime": "2026-06-07 18:37:14+00:00",
        "kwh": 33.0742
      },
      "geometry": {
        "type": "Point",
        "coordinates": [
          -122.3472743,
          40.5880846
        ]
      }
    },
    {
      "type": "Feature",
      "properties": {
        "trip_id": "trip_023_2026-05-25_Kelso_to_Tumwater",
        "location": "Weed, CA",
        "datetime": "2026-06-07 20:01:49+00:00",
        "kwh": 14.8037
      },
      "geometry": {
        "type": "Point",
        "coordinates": [
          -122.3847609,
          41.4238018
        ]
      }
    },
    {
      "type": "Feature",
      "properties": {
        "trip_id": "trip_023_2026-05-25_Kelso_to_Tumwater",
        "location": "Medford, OR  - Delta Waters Road",
        "datetime": "2026-06-07 21:35:24+00:00",
        "kwh": 57.1491
      },
      "geometry": {
        "type": "Point",
        "coordinates": [
          -122.8585926,
          42.360413
        ]
      }
    },
    {
      "type": "Feature",
      "properties": {
        "trip_id": "trip_023_2026-05-25_Kelso_to_Tumwater",
        "location": "Springfield, OR - Kruse Way",
        "datetime": "2026-06-08 00:35:53+00:00",
        "kwh": 7.6295
      },
      "geometry": {
        "type": "Point",
        "coordinates": [
          -123.0398274,
          44.0826252
        ]
      }
    },
    {
      "type": "Feature",
      "properties": {
        "trip_id": "trip_023_2026-05-25_Kelso_to_Tumwater",
        "location": "Halsey, OR",
        "datetime": "2026-06-08 01:06:00+00:00",
        "kwh": 40.0175
      },
      "geometry": {
        "type": "Point",
        "coordinates": [
          -123.110065,
          44.3796117
        ]
      }
    },
    {
      "type": "Feature",
      "properties": {
        "trip_id": "trip_023_2026-05-25_Kelso_to_Tumwater",
        "location": "Ridgefield, WA",
        "datetime": "2026-06-08 03:21:33+00:00",
        "kwh": 29.9045
      },
      "geometry": {
        "type": "Point",
        "coordinates": [
          -122.7433775,
          45.8167616
        ]
      }
    },
    {
      "type": "Feature",
      "properties": {
        "trip_id": "trip_023_2026-05-25_Kelso_to_Tumwater",
        "location": "Tumwater, WA - Kingswood Drive Southwest",
        "datetime": "2026-06-08 04:55:57+00:00",
        "kwh": 47.4
      },
      "geometry": {
        "type": "Point",
        "coordinates": [
          -122.9200682,
          46.9932302
        ]
      }
    },
    {
      "type": "Feature",
      "properties": {
        "trip_id": "trip_024_2026-07-03_Puyallup_to_Auburn",
        "name": "Jul 2026 \u2014 Puyallup \u2192 Silverdale",
        "color": "#00BFFF"
      },
      "geometry": {
        "type": "LineString",
        "coordinates": [
          [
            -122.29214,
            47.1849009
          ],
          [
            -122.2301808,
            47.3075369
          ],
          [
            -123.1096706,
            48.0849312
          ],
          [
            -123.1096706,
            48.0849312
          ],
          [
            -124.386165,
            47.950222
          ],
          [
            -123.815722,
            46.975371
          ],
          [
            -122.4631366,
            47.1748283
          ],
          [
            -122.6766317,
            47.6594091
          ],
          [
            -123.1096706,
            48.0849312
          ],
          [
            -122.2215547,
            47.3301528
          ]
        ]
      }
    },
    {
      "type": "Feature",
      "properties": {
        "trip_id": "trip_024_2026-07-03_Puyallup_to_Auburn",
        "location": "Puyallup, WA",
        "datetime": "2026-07-03 17:43:47+00:00",
        "kwh": 87.5
      },
      "geometry": {
        "type": "Point",
        "coordinates": [
          -122.29214,
          47.1849009
        ]
      }
    },
    {
      "type": "Feature",
      "properties": {
        "trip_id": "trip_024_2026-07-03_Puyallup_to_Auburn",
        "location": "Auburn, WA",
        "datetime": "2026-07-06 06:02:21+00:00",
        "kwh": 32.82
      },
      "geometry": {
        "type": "Point",
        "coordinates": [
          -122.2301808,
          47.3075369
        ]
      }
    },
    {
      "type": "Feature",
      "properties": {
        "trip_id": "trip_024_2026-07-03_Puyallup_to_Auburn",
        "location": "Sequim, WA",
        "datetime": "2026-07-11 03:42:25+00:00",
        "kwh": 73.87
      },
      "geometry": {
        "type": "Point",
        "coordinates": [
          -123.1096706,
          48.0849312
        ]
      }
    },
    {
      "type": "Feature",
      "properties": {
        "trip_id": "trip_024_2026-07-03_Puyallup_to_Auburn",
        "location": "Sequim, WA",
        "datetime": "2026-07-12 21:13:43+00:00",
        "kwh": 29.0227
      },
      "geometry": {
        "type": "Point",
        "coordinates": [
          -123.1096706,
          48.0849312
        ]
      }
    },
    {
      "type": "Feature",
      "properties": {
        "trip_id": "trip_024_2026-07-03_Puyallup_to_Auburn",
        "location": "Forks, WA",
        "datetime": "2026-07-13 01:55:46+00:00",
        "kwh": 26.8805
      },
      "geometry": {
        "type": "Point",
        "coordinates": [
          -124.386165,
          47.950222
        ]
      }
    },
    {
      "type": "Feature",
      "properties": {
        "trip_id": "trip_024_2026-07-03_Puyallup_to_Auburn",
        "location": "Aberdeen, WA",
        "datetime": "2026-07-13 06:51:12+00:00",
        "kwh": 47.99
      },
      "geometry": {
        "type": "Point",
        "coordinates": [
          -123.815722,
          46.975371
        ]
      }
    },
    {
      "type": "Feature",
      "properties": {
        "trip_id": "trip_024_2026-07-03_Puyallup_to_Auburn",
        "location": "Tacoma, WA - South Hosmer Street",
        "datetime": "2026-07-13 08:25:43+00:00",
        "kwh": 12.9011
      },
      "geometry": {
        "type": "Point",
        "coordinates": [
          -122.4631366,
          47.1748283
        ]
      }
    },
    {
      "type": "Feature",
      "properties": {
        "trip_id": "trip_024_2026-07-03_Puyallup_to_Auburn",
        "location": "Silverdale, WA",
        "datetime": "2026-07-18 01:47:35+00:00",
        "kwh": 14.1026
      },
      "geometry": {
        "type": "Point",
        "coordinates": [
          -122.6766317,
          47.6594091
        ]
      }
    },
    {
      "type": "Feature",
      "properties": {
        "trip_id": "trip_024_2026-07-03_Puyallup_to_Auburn",
        "location": "Sequim, WA",
        "datetime": "2026-07-18 03:51:29+00:00",
        "kwh": 39.37
      },
      "geometry": {
        "type": "Point",
        "coordinates": [
          -123.1096706,
          48.0849312
        ]
      }
    },
    {
      "type": "Feature",
      "properties": {
        "trip_id": "trip_024_2026-07-03_Puyallup_to_Auburn",
        "location": "Auburn, WA - Auburn Way North",
        "datetime": "2026-07-18 09:44:12+00:00",
        "kwh": 63.4881
      },
      "geometry": {
        "type": "Point",
        "coordinates": [
          -122.2215547,
          47.3301528
        ]
      }
    }
  ]
}