<?xml version='1.0' encoding='utf-8'?>
<gpx version="1.1" creator="Tesla Travel Map" xmlns="http://www.topografix.com/GPX/1/1"><metadata><name>Jun 2024 — Dallas → Colorado (Round Trip)</name></metadata><trk><name>Jun 2024 — Dallas → Colorado (Round Trip)</name><trkseg><trkpt lat="33.8166258" lon="-98.194682" /><trkpt lat="33.815623" lon="-98.195361" /><trkpt lat="33.81478" lon="-98.197386" /><trkpt lat="33.814813" lon="-98.201493" /><trkpt lat="33.814819" lon="-98.205713" /><trkpt lat="33.814418" lon="-98.209703" /><trkpt lat="33.814084" lon="-98.213667" /><trkpt lat="33.81438" lon="-98.216033" /><trkpt lat="33.815559" lon="-98.218326" /><trkpt lat="33.816816" lon="-98.21938" /><trkpt lat="33.820032" lon="-98.2225" /><trkpt lat="33.824122" lon="-98.233117" /><trkpt lat="33.82743" lon="-98.242765" /><trkpt lat="33.828575" lon="-98.249191" /><trkpt lat="33.830703" lon="-98.255421" /><trkpt lat="33.832941" lon="-98.261931" /><trkpt lat="33.835983" lon="-98.272696" /><trkpt lat="33.837574" lon="-98.277014" /><trkpt lat="33.842273" lon="-98.286749" /><trkpt lat="33.845653" lon="-98.293915" /><trkpt lat="33.853633" lon="-98.311538" /><trkpt lat="33.85754" lon="-98.320125" /><trkpt lat="33.860706" lon="-98.327026" /><trkpt lat="33.866096" lon="-98.338373" /><trkpt lat="33.868058" lon="-98.344111" /><trkpt lat="33.869234" lon="-98.349309" /><trkpt lat="33.870248" lon="-98.357007" /><trkpt lat="33.872643" lon="-98.370486" /><trkpt lat="33.87571" lon="-98.384647" /><trkpt lat="33.877627" lon="-98.393568" /><trkpt lat="33.879245" lon="-98.400508" /><trkpt lat="33.881349" lon="-98.406085" /><trkpt lat="33.881029" lon="-98.409879" /><trkpt lat="33.880088" lon="-98.414471" /><trkpt lat="33.88229" lon="-98.42301" /><trkpt lat="33.884425" lon="-98.429952" /><trkpt lat="33.885413" lon="-98.433461" /><trkpt lat="33.885545" lon="-98.439443" /><trkpt lat="33.885678" lon="-98.446967" /><trkpt lat="33.886315" lon="-98.45162" /><trkpt lat="33.88571" lon="-98.45552" /><trkpt lat="33.885786" lon="-98.466255" /><trkpt lat="33.886699" lon="-98.478994" /><trkpt lat="33.889263" lon="-98.484677" /><trkpt lat="33.891702" lon="-98.487589" /><trkpt lat="33.897119" lon="-98.491796" /><trkpt lat="33.901089" lon="-98.493998" /><trkpt lat="33.907288" lon="-98.49909" /><trkpt lat="33.908434" lon="-98.500869" /><trkpt lat="33.910526" lon="-98.502691" /><trkpt lat="33.91337" lon="-98.505106" /><trkpt lat="33.916219" lon="-98.509585" /><trkpt lat="33.917734" lon="-98.510881" /><trkpt lat="33.920365" lon="-98.511434" /><trkpt lat="33.923144" lon="-98.512026" /><trkpt lat="33.927445" lon="-98.514078" /><trkpt lat="33.932958" lon="-98.51681" /><trkpt lat="33.938082" lon="-98.519092" /><trkpt lat="33.941157" lon="-98.520354" /><trkpt lat="33.943245" lon="-98.522481" /><trkpt lat="33.945129" lon="-98.526042" /><trkpt lat="33.945749" lon="-98.529929" /><trkpt lat="33.947546" lon="-98.537262" /><trkpt lat="33.949185" lon="-98.548787" /><trkpt lat="33.949319" lon="-98.559087" /><trkpt lat="33.951643" lon="-98.575149" /><trkpt lat="33.953222" lon="-98.585314" /><trkpt lat="33.9555" lon="-98.59969" /><trkpt lat="33.957387" lon="-98.611803" /><trkpt lat="33.960902" lon="-98.634216" /><trkpt lat="33.963518" lon="-98.650867" /><trkpt lat="33.965716" lon="-98.66519" /><trkpt lat="33.96586" lon="-98.67401" /><trkpt lat="33.965876" lon="-98.690927" /><trkpt lat="33.965881" lon="-98.709827" /><trkpt lat="33.965992" lon="-98.720744" /><trkpt lat="33.96956" lon="-98.731902" /><trkpt lat="33.971153" lon="-98.739541" /><trkpt lat="33.971252" lon="-98.769517" /><trkpt lat="33.972145" lon="-98.777075" /><trkpt lat="33.975793" lon="-98.790786" /><trkpt lat="33.988637" lon="-98.820909" /><trkpt lat="33.991076" lon="-98.825599" /><trkpt lat="34.00276" lon="-98.838056" /><trkpt lat="34.020738" lon="-98.868817" /><trkpt lat="34.03691" lon="-98.896775" /><trkpt lat="34.043211" lon="-98.906003" /><trkpt lat="34.044149" lon="-98.908702" /><trkpt lat="34.04441" lon="-98.912753" /><trkpt lat="34.044681" lon="-98.944703" /><trkpt lat="34.045339" lon="-98.950528" /><trkpt lat="34.049553" lon="-98.962126" /><trkpt lat="34.064494" lon="-98.99575" /><trkpt lat="34.07111" lon="-99.010366" /><trkpt lat="34.075519" lon="-99.019508" /><trkpt lat="34.08209" lon="-99.034086" /><trkpt lat="34.096271" lon="-99.065863" /><trkpt lat="34.109686" lon="-99.095464" /><trkpt lat="34.121872" lon="-99.122386" /><trkpt lat="34.126882" lon="-99.132286" /><trkpt lat="34.132843" lon="-99.137921" /><trkpt lat="34.134187" lon="-99.140173" /><trkpt lat="34.134593" lon="-99.143214" /><trkpt lat="34.131753" lon="-99.153294" /><trkpt lat="34.130364" lon="-99.158551" /><trkpt lat="34.130984" lon="-99.16203" /><trkpt lat="34.133604" lon="-99.166681" /><trkpt lat="34.137164" lon="-99.179829" /><trkpt lat="34.144821" lon="-99.212438" /><trkpt lat="34.147886" lon="-99.225416" /><trkpt lat="34.151047" lon="-99.238692" /><trkpt lat="34.153496" lon="-99.249383" /><trkpt lat="34.158643" lon="-99.271432" /><trkpt lat="34.159802" lon="-99.27618" /><trkpt lat="34.159945" lon="-99.278295" /><trkpt lat="34.159882" lon="-99.285472" /><trkpt lat="34.160467" lon="-99.288085" /><trkpt lat="34.160876" lon="-99.29013" /><trkpt lat="34.160721" lon="-99.304674" /><trkpt lat="34.160909" lon="-99.308257" /><trkpt lat="34.161474" lon="-99.310213" /><trkpt lat="34.163527" lon="-99.31337" /><trkpt lat="34.165224" lon="-99.314668" /><trkpt lat="34.170041" lon="-99.317686" /><trkpt lat="34.174945" lon="-99.32073" /><trkpt lat="34.182065" lon="-99.324885" /><trkpt lat="34.185643" lon="-99.332115" /><trkpt lat="34.188234" lon="-99.339605" /><trkpt lat="34.19701" lon="-99.355322" /><trkpt lat="34.209628" lon="-99.376697" /><trkpt lat="34.21182" lon="-99.379551" /><trkpt lat="34.214597" lon="-99.386246" /><trkpt lat="34.221437" lon="-99.39896" /><trkpt lat="34.229758" lon="-99.427327" /><trkpt lat="34.232916" lon="-99.436521" /><trkpt lat="34.240501" lon="-99.449428" /><trkpt lat="34.24669" lon="-99.464824" /><trkpt lat="34.24962" lon="-99.473316" /><trkpt lat="34.25269" lon="-99.489749" /><trkpt lat="34.254887" lon="-99.501036" /><trkpt lat="34.255976" lon="-99.507065" /><trkpt lat="34.255945" lon="-99.512429" /><trkpt lat="34.257253" lon="-99.519214" /><trkpt lat="34.257609" lon="-99.521069" /><trkpt lat="34.256682" lon="-99.52553" /><trkpt lat="34.251435" lon="-99.546459" /><trkpt lat="34.251183" lon="-99.549567" /><trkpt lat="34.252555" lon="-99.559228" /><trkpt lat="34.267018" lon="-99.618282" /><trkpt lat="34.268368" lon="-99.624551" /><trkpt lat="34.268757" lon="-99.643833" /><trkpt lat="34.269093" lon="-99.648134" /><trkpt lat="34.275076" lon="-99.672623" /><trkpt lat="34.284656" lon="-99.701659" /><trkpt lat="34.284892" lon="-99.705778" /><trkpt lat="34.285747" lon="-99.720708" /><trkpt lat="34.287919" lon="-99.732262" /><trkpt lat="34.289314" lon="-99.73968" /><trkpt lat="34.291201" lon="-99.741391" /><trkpt lat="34.293542" lon="-99.742415" /><trkpt lat="34.290501" lon="-99.746048" /><trkpt lat="34.292118" lon="-99.75479" /><trkpt lat="34.293386" lon="-99.770618" /><trkpt lat="34.303688" lon="-99.80234" /><trkpt lat="34.314186" lon="-99.822741" /><trkpt lat="34.318516" lon="-99.827606" /><trkpt lat="34.326644" lon="-99.851498" /><trkpt lat="34.332185" lon="-99.868468" /><trkpt lat="34.333796" lon="-99.883555" /><trkpt lat="34.336677" lon="-99.897142" /><trkpt lat="34.350285" lon="-99.943384" /><trkpt lat="34.357158" lon="-99.968905" /><trkpt lat="34.363043" lon="-99.987113" /><trkpt lat="34.367851" lon="-100.000762" /><trkpt lat="34.371748" lon="-100.017721" /><trkpt lat="34.375492" lon="-100.0346" /><trkpt lat="34.385878" lon="-100.081543" /><trkpt lat="34.389312" lon="-100.096735" /><trkpt lat="34.39259" lon="-100.106152" /><trkpt lat="34.396012" lon="-100.115994" /><trkpt lat="34.400035" lon="-100.127497" /><trkpt lat="34.4115" lon="-100.160651" /><trkpt lat="34.417202" lon="-100.178502" /><trkpt lat="34.421859" lon="-100.192163" /><trkpt lat="34.425687" lon="-100.202474" /><trkpt lat="34.427614" lon="-100.207602" /><trkpt lat="34.431351" lon="-100.217653" /><trkpt lat="34.43283" lon="-100.221599" /><trkpt lat="34.4345" lon="-100.22605" /><trkpt lat="34.43577" lon="-100.229473" /><trkpt lat="34.437224" lon="-100.23324" /><trkpt lat="34.443538" lon="-100.254998" /><trkpt lat="34.44783" lon="-100.264991" /><trkpt lat="34.453382" lon="-100.277719" /><trkpt lat="34.456163" lon="-100.283923" /><trkpt lat="34.461196" lon="-100.293474" /><trkpt lat="34.464705" lon="-100.300093" /><trkpt lat="34.471728" lon="-100.31331" /><trkpt lat="34.479585" lon="-100.328192" /><trkpt lat="34.482543" lon="-100.337861" /><trkpt lat="34.485433" lon="-100.342555" /><trkpt lat="34.490881" lon="-100.349082" /><trkpt lat="34.498139" lon="-100.357814" /><trkpt lat="34.500757" lon="-100.362694" /><trkpt lat="34.502535" lon="-100.375614" /><trkpt lat="34.510215" lon="-100.389718" /><trkpt lat="34.514832" lon="-100.397234" /><trkpt lat="34.520552" lon="-100.40258" /><trkpt lat="34.527071" lon="-100.411672" /><trkpt lat="34.532016" lon="-100.422034" /><trkpt lat="34.53919" lon="-100.435754" /><trkpt lat="34.541535" lon="-100.438128" /><trkpt lat="34.544295" lon="-100.439074" /><trkpt lat="34.551054" lon="-100.438842" /><trkpt lat="34.55541" lon="-100.438901" /><trkpt lat="34.561628" lon="-100.441303" /><trkpt lat="34.564693" lon="-100.440811" /><trkpt lat="34.576506" lon="-100.434904" /><trkpt lat="34.579385" lon="-100.43528" /><trkpt lat="34.581767" lon="-100.437637" /><trkpt lat="34.592845" lon="-100.455124" /><trkpt lat="34.598401" lon="-100.463548" /><trkpt lat="34.603755" lon="-100.465914" /><trkpt lat="34.630254" lon="-100.475526" /><trkpt lat="34.645186" lon="-100.477705" /><trkpt lat="34.657796" lon="-100.479667" /><trkpt lat="34.668331" lon="-100.482427" /><trkpt lat="34.676336" lon="-100.485108" /><trkpt lat="34.687721" lon="-100.492983" /><trkpt lat="34.700058" lon="-100.503987" /><trkpt lat="34.707361" lon="-100.510811" /><trkpt lat="34.710092" lon="-100.516102" /><trkpt lat="34.711647" lon="-100.519988" /><trkpt lat="34.71467" lon="-100.524709" /><trkpt lat="34.718263" lon="-100.528479" /><trkpt lat="34.725256" lon="-100.534928" /><trkpt lat="34.729389" lon="-100.538738" /><trkpt lat="34.735001" lon="-100.543979" /><trkpt lat="34.741321" lon="-100.549839" /><trkpt lat="34.755544" lon="-100.563239" /><trkpt lat="34.78157" lon="-100.580045" /><trkpt lat="34.794936" lon="-100.580426" /><trkpt lat="34.809523" lon="-100.588031" /><trkpt lat="34.817966" lon="-100.59717" /><trkpt lat="34.837955" lon="-100.628021" /><trkpt lat="34.849229" lon="-100.644021" /><trkpt lat="34.861481" lon="-100.651803" /><trkpt lat="34.865251" lon="-100.659205" /><trkpt lat="34.868365" lon="-100.66648" /><trkpt lat="34.8693" lon="-100.681774" /><trkpt lat="34.870373" lon="-100.694575" /><trkpt lat="34.871885" lon="-100.703474" /><trkpt lat="34.879151" lon="-100.72932" /><trkpt lat="34.882783" lon="-100.741024" /><trkpt lat="34.893059" lon="-100.759092" /><trkpt lat="34.900479" lon="-100.769951" /><trkpt lat="34.903517" lon="-100.776596" /><trkpt lat="34.909612" lon="-100.789705" /><trkpt lat="34.911402" lon="-100.800868" /><trkpt lat="34.914221" lon="-100.824568" /><trkpt lat="34.92211" lon="-100.84747" /><trkpt lat="34.928404" lon="-100.866741" /><trkpt lat="34.932861" lon="-100.876655" /><trkpt lat="34.937201" lon="-100.886257" /><trkpt lat="34.939881" lon="-100.892183" /><trkpt lat="34.942351" lon="-100.896934" /><trkpt lat="34.945727" lon="-100.902101" /><trkpt lat="34.950129" lon="-100.909626" /><trkpt lat="34.95625" lon="-100.921196" /><trkpt lat="34.964854" lon="-100.942155" /><trkpt lat="34.969772" lon="-100.96301" /><trkpt lat="34.974391" lon="-100.981684" /><trkpt lat="34.986147" lon="-101.002729" /><trkpt lat="35.007818" lon="-101.046934" /><trkpt lat="35.025597" lon="-101.083347" /><trkpt lat="35.030566" lon="-101.094461" /><trkpt lat="35.032192" lon="-101.130713" /><trkpt lat="35.034256" lon="-101.186092" /><trkpt lat="35.038535" lon="-101.209671" /><trkpt lat="35.044263" lon="-101.224684" /><trkpt lat="35.069542" lon="-101.25305" /><trkpt lat="35.078275" lon="-101.274381" /><trkpt lat="35.099119" lon="-101.328556" /><trkpt lat="35.104611" lon="-101.343073" /><trkpt lat="35.106798" lon="-101.350913" /><trkpt lat="35.110281" lon="-101.360004" /><trkpt lat="35.112121" lon="-101.364339" /><trkpt lat="35.114058" lon="-101.36724" /><trkpt lat="35.120236" lon="-101.383201" /><trkpt lat="35.127289" lon="-101.402414" /><trkpt lat="35.138491" lon="-101.440999" /><trkpt lat="35.146039" lon="-101.46693" /><trkpt lat="35.155712" lon="-101.500338" /><trkpt lat="35.162832" lon="-101.524914" /><trkpt lat="35.174219" lon="-101.56423" /><trkpt lat="35.178544" lon="-101.580294" /><trkpt lat="35.18102" lon="-101.597872" /><trkpt lat="35.184747" lon="-101.625457" /><trkpt lat="35.188579" lon="-101.653791" /><trkpt lat="35.191871" lon="-101.6782" /><trkpt lat="35.193568" lon="-101.690402" /><trkpt lat="35.193744" lon="-101.695793" /><trkpt lat="35.192781" lon="-101.701424" /><trkpt lat="35.192908" lon="-101.721975" /><trkpt lat="35.192844" lon="-101.741498" /><trkpt lat="35.192751" lon="-101.762656" /><trkpt lat="35.192627" lon="-101.78663" /><trkpt lat="35.193374" lon="-101.797119" /><trkpt lat="35.193339" lon="-101.809011" /><trkpt lat="35.192575" lon="-101.819784" /><trkpt lat="35.192596" lon="-101.83321" /><trkpt lat="35.19535" lon="-101.83625" /><trkpt lat="35.199075" lon="-101.835584" /><trkpt lat="35.199809" lon="-101.834998" /><trkpt lat="35.200705" lon="-101.83367" /><trkpt lat="35.201645" lon="-101.833083" /><trkpt lat="35.203826" lon="-101.832656" /><trkpt lat="35.205191" lon="-101.834309" /><trkpt lat="35.20729" lon="-101.837119" /><trkpt lat="35.207502" lon="-101.835786" /><trkpt lat="35.207399" lon="-101.834516" /><trkpt lat="35.209392" lon="-101.83411" /><trkpt lat="35.210704" lon="-101.833851" /><trkpt lat="35.212491" lon="-101.833537" /><trkpt lat="35.2146" lon="-101.833084" /><trkpt lat="35.217689" lon="-101.832476" /><trkpt lat="35.220076" lon="-101.832003" /><trkpt lat="35.221424" lon="-101.831738" /><trkpt lat="35.222226" lon="-101.831653" /><trkpt lat="35.224371" lon="-101.83166" /><trkpt lat="35.2262" lon="-101.831616" /><trkpt lat="35.227022" lon="-101.831381" /><trkpt lat="35.228034" lon="-101.830935" /><trkpt lat="35.229047" lon="-101.830872" /><trkpt lat="35.230714" lon="-101.830975" /><trkpt lat="35.232015" lon="-101.831207" /><trkpt lat="35.236507" lon="-101.831263" /><trkpt lat="35.242478" lon="-101.831289" /><trkpt lat="35.24465" lon="-101.831674" /><trkpt lat="35.248391" lon="-101.833189" /><trkpt lat="35.251107" lon="-101.833387" /><trkpt lat="35.260166" lon="-101.833422" /><trkpt lat="35.267404" lon="-101.833421" /><trkpt lat="35.276125" lon="-101.833429" /><trkpt lat="35.287682" lon="-101.833431" /><trkpt lat="35.297414" lon="-101.833474" /><trkpt lat="35.305368" lon="-101.833508" /><trkpt lat="35.311477" lon="-101.833231" /><trkpt lat="35.317585" lon="-101.831498" /><trkpt lat="35.327454" lon="-101.831425" /><trkpt lat="35.338551" lon="-101.831459" /><trkpt lat="35.353465" lon="-101.831591" /><trkpt lat="35.376468" lon="-101.831916" /><trkpt lat="35.384845" lon="-101.832295" /><trkpt lat="35.391276" lon="-101.833017" /><trkpt lat="35.408404" lon="-101.838974" /><trkpt lat="35.421079" lon="-101.843589" /><trkpt lat="35.425668" lon="-101.846874" /><trkpt lat="35.429408" lon="-101.852582" /><trkpt lat="35.431188" lon="-101.857817" /><trkpt lat="35.433921" lon="-101.861789" /><trkpt lat="35.440496" lon="-101.86514" /><trkpt lat="35.448214" lon="-101.866865" /><trkpt lat="35.454711" lon="-101.868996" /><trkpt lat="35.46273" lon="-101.875539" /><trkpt lat="35.466993" lon="-101.878934" /><trkpt lat="35.470435" lon="-101.879942" /><trkpt lat="35.473835" lon="-101.881397" /><trkpt lat="35.480733" lon="-101.888364" /><trkpt lat="35.485015" lon="-101.892618" /><trkpt lat="35.490928" lon="-101.896072" /><trkpt lat="35.503353" lon="-101.904004" /><trkpt lat="35.509388" lon="-101.907957" /><trkpt lat="35.522778" lon="-101.917796" /><trkpt lat="35.53563" lon="-101.927926" /><trkpt lat="35.556773" lon="-101.940116" /><trkpt lat="35.592854" lon="-101.95885" /><trkpt lat="35.599859" lon="-101.959448" /><trkpt lat="35.618597" lon="-101.959771" /><trkpt lat="35.637999" lon="-101.959597" /><trkpt lat="35.66465" lon="-101.959511" /><trkpt lat="35.666857" lon="-101.960411" /><trkpt lat="35.674916" lon="-101.964971" /><trkpt lat="35.686145" lon="-101.964975" /><trkpt lat="35.68958" lon="-101.964622" /><trkpt lat="35.690551" lon="-101.990828" /><trkpt lat="35.690675" lon="-102.012355" /><trkpt lat="35.691136" lon="-102.125101" /><trkpt lat="35.69152" lon="-102.196827" /><trkpt lat="35.69234" lon="-102.202091" /><trkpt lat="35.693786" lon="-102.208345" /><trkpt lat="35.693083" lon="-102.213035" /><trkpt lat="35.691546" lon="-102.225629" /><trkpt lat="35.691608" lon="-102.251683" /><trkpt lat="35.690061" lon="-102.254989" /><trkpt lat="35.679728" lon="-102.262337" /><trkpt lat="35.676654" lon="-102.271047" /><trkpt lat="35.672691" lon="-102.298275" /><trkpt lat="35.673366" lon="-102.307895" /><trkpt lat="35.679909" lon="-102.31953" /><trkpt lat="35.682665" lon="-102.323942" /><trkpt lat="35.683527" lon="-102.328418" /><trkpt lat="35.687193" lon="-102.328707" /><trkpt lat="35.689717" lon="-102.328286" /><trkpt lat="35.697017" lon="-102.327528" /><trkpt lat="35.733584" lon="-102.317496" /><trkpt lat="35.744981" lon="-102.316052" /><trkpt lat="35.757624" lon="-102.323321" /><trkpt lat="35.77037" lon="-102.33066" /><trkpt lat="35.780344" lon="-102.336422" /><trkpt lat="35.814849" lon="-102.35632" /><trkpt lat="35.871293" lon="-102.38893" /><trkpt lat="35.875635" lon="-102.390938" /><trkpt lat="35.878443" lon="-102.391149" /><trkpt lat="35.880523" lon="-102.39241" /><trkpt lat="35.882924" lon="-102.395167" /><trkpt lat="35.891416" lon="-102.400029" /><trkpt lat="35.903051" lon="-102.406891" /><trkpt lat="35.937181" lon="-102.426591" /><trkpt lat="35.962786" lon="-102.441414" /><trkpt lat="35.999401" lon="-102.462538" /><trkpt lat="36.014444" lon="-102.47122" /><trkpt lat="36.029183" lon="-102.479719" /><trkpt lat="36.038854" lon="-102.485282" /><trkpt lat="36.043643" lon="-102.489402" /><trkpt lat="36.048765" lon="-102.497475" /><trkpt lat="36.054312" lon="-102.505707" /><trkpt lat="36.058543" lon="-102.511943" /><trkpt lat="36.060396" lon="-102.514404" /><trkpt lat="36.061078" lon="-102.515228" /><trkpt lat="36.063946" lon="-102.519441" /><trkpt lat="36.064827" lon="-102.520593" /><trkpt lat="36.066633" lon="-102.522177" /><trkpt lat="36.067225" lon="-102.523471" /><trkpt lat="36.067729" lon="-102.525253" /><trkpt lat="36.070519" lon="-102.529453" /><trkpt lat="36.085157" lon="-102.551231" /><trkpt lat="36.093234" lon="-102.562734" /><trkpt lat="36.108224" lon="-102.58501" /><trkpt lat="36.120707" lon="-102.603626" /><trkpt lat="36.130554" lon="-102.619808" /><trkpt lat="36.14449" lon="-102.643109" /><trkpt lat="36.156391" lon="-102.663099" /><trkpt lat="36.182026" lon="-102.706059" /><trkpt lat="36.190534" lon="-102.720194" /><trkpt lat="36.208879" lon="-102.751066" /><trkpt lat="36.242187" lon="-102.807026" /><trkpt lat="36.256953" lon="-102.83186" /><trkpt lat="36.272114" lon="-102.857379" /><trkpt lat="36.280838" lon="-102.872037" /><trkpt lat="36.298716" lon="-102.902169" /><trkpt lat="36.314998" lon="-102.929672" /><trkpt lat="36.330891" lon="-102.956439" /><trkpt lat="36.342369" lon="-102.975797" /><trkpt lat="36.354254" lon="-102.997868" /><trkpt lat="36.362277" lon="-103.004979" /><trkpt lat="36.366203" lon="-103.008294" /><trkpt lat="36.369312" lon="-103.011924" /><trkpt lat="36.374307" lon="-103.019207" /><trkpt lat="36.378579" lon="-103.025335" /><trkpt lat="36.382789" lon="-103.032735" /><trkpt lat="36.385391" lon="-103.037489" /><trkpt lat="36.390742" lon="-103.045191" /><trkpt lat="36.39272" lon="-103.048748" /><trkpt lat="36.393943" lon="-103.052196" /><trkpt lat="36.401677" lon="-103.081303" /><trkpt lat="36.409077" lon="-103.109268" /><trkpt lat="36.414398" lon="-103.129403" /><trkpt lat="36.421825" lon="-103.156452" /><trkpt lat="36.424968" lon="-103.16175" /><trkpt lat="36.427739" lon="-103.165958" /><trkpt lat="36.431629" lon="-103.171753" /><trkpt lat="36.43375" lon="-103.173475" /><trkpt lat="36.43834" lon="-103.176287" /><trkpt lat="36.443459" lon="-103.179335" /><trkpt lat="36.44778" lon="-103.181903" /><trkpt lat="36.449249" lon="-103.182779" /><trkpt lat="36.450943" lon="-103.184891" /><trkpt lat="36.452129" lon="-103.184489" /><trkpt lat="36.456023" lon="-103.186805" /><trkpt lat="36.457297" lon="-103.18812" /><trkpt lat="36.459304" lon="-103.195193" /><trkpt lat="36.461872" lon="-103.204263" /><trkpt lat="36.47641" lon="-103.256127" /><trkpt lat="36.489038" lon="-103.333469" /><trkpt lat="36.498153" lon="-103.383821" /><trkpt lat="36.507884" lon="-103.450522" /><trkpt lat="36.510489" lon="-103.467685" /><trkpt lat="36.52063" lon="-103.48796" /><trkpt lat="36.530597" lon="-103.507008" /><trkpt lat="36.539896" lon="-103.521218" /><trkpt lat="36.551803" lon="-103.538926" /><trkpt lat="36.559088" lon="-103.550291" /><trkpt lat="36.566162" lon="-103.566834" /><trkpt lat="36.568467" lon="-103.573053" /><trkpt lat="36.569532" lon="-103.585034" /><trkpt lat="36.570362" lon="-103.591018" /><trkpt lat="36.572069" lon="-103.593923" /><trkpt lat="36.585819" lon="-103.605253" /><trkpt lat="36.590975" lon="-103.610749" /><trkpt lat="36.595568" lon="-103.616038" /><trkpt lat="36.600293" lon="-103.6222" /><trkpt lat="36.602346" lon="-103.625703" /><trkpt lat="36.610366" lon="-103.646646" /><trkpt lat="36.611345" lon="-103.651897" /><trkpt lat="36.613555" lon="-103.679987" /><trkpt lat="36.614917" lon="-103.685015" /><trkpt lat="36.628338" lon="-103.708482" /><trkpt lat="36.656468" lon="-103.756744" /><trkpt lat="36.670245" lon="-103.779763" /><trkpt lat="36.67371" lon="-103.782802" /><trkpt lat="36.6812" lon="-103.78604" /><trkpt lat="36.726709" lon="-103.803809" /><trkpt lat="36.748626" lon="-103.817269" /><trkpt lat="36.753531" lon="-103.820491" /><trkpt lat="36.756192" lon="-103.823757" /><trkpt lat="36.759788" lon="-103.831288" /><trkpt lat="36.762518" lon="-103.837295" /><trkpt lat="36.762574" lon="-103.840519" /><trkpt lat="36.760848" lon="-103.85873" /><trkpt lat="36.755532" lon="-103.881424" /><trkpt lat="36.750224" lon="-103.90421" /><trkpt lat="36.747049" lon="-103.944204" /><trkpt lat="36.744927" lon="-103.971006" /><trkpt lat="36.74393" lon="-103.982506" /><trkpt lat="36.742383" lon="-103.988721" /><trkpt lat="36.742236" lon="-103.993972" /><trkpt lat="36.742332" lon="-104.003255" /><trkpt lat="36.742536" lon="-104.010743" /><trkpt lat="36.743114" lon="-104.0257" /><trkpt lat="36.760531" lon="-104.099858" /><trkpt lat="36.774414" lon="-104.159936" /><trkpt lat="36.768644" lon="-104.180882" /><trkpt lat="36.771096" lon="-104.190588" /><trkpt lat="36.778152" lon="-104.214599" /><trkpt lat="36.784783" lon="-104.263965" /><trkpt lat="36.786896" lon="-104.276004" /><trkpt lat="36.796009" lon="-104.290855" /><trkpt lat="36.857076" lon="-104.365698" /><trkpt lat="36.868818" lon="-104.380319" /><trkpt lat="36.876062" lon="-104.389395" /><trkpt lat="36.878388" lon="-104.394599" /><trkpt lat="36.884506" lon="-104.41545" /><trkpt lat="36.884877" lon="-104.42119" /><trkpt lat="36.884869" lon="-104.425791" /><trkpt lat="36.884905" lon="-104.429701" /><trkpt lat="36.887709" lon="-104.429793" /><trkpt lat="36.898078" lon="-104.425639" /><trkpt lat="36.90115" lon="-104.424554" /><trkpt lat="36.907173" lon="-104.424131" /><trkpt lat="36.909395" lon="-104.42485" /><trkpt lat="36.911719" lon="-104.427822" /><trkpt lat="36.913641" lon="-104.435095" /><trkpt lat="36.916335" lon="-104.443112" /><trkpt lat="36.919809" lon="-104.448689" /><trkpt lat="36.921942" lon="-104.451303" /><trkpt lat="36.925543" lon="-104.453451" /><trkpt lat="36.927554" lon="-104.455437" /><trkpt lat="36.93104" lon="-104.458014" /><trkpt lat="36.933746" lon="-104.461757" /><trkpt lat="36.936154" lon="-104.464703" /><trkpt lat="36.94343" lon="-104.468681" /><trkpt lat="36.95162" lon="-104.472846" /><trkpt lat="36.957718" lon="-104.474722" /><trkpt lat="36.963968" lon="-104.475676" /><trkpt lat="36.967304" lon="-104.477521" /><trkpt lat="36.97294" lon="-104.478256" /><trkpt lat="36.978771" lon="-104.481442" /><trkpt lat="36.984291" lon="-104.483734" /><trkpt lat="36.987978" lon="-104.483992" /><trkpt lat="36.990219" lon="-104.482752" /><trkpt lat="36.992853" lon="-104.480647" /><trkpt lat="36.995152" lon="-104.480706" /><trkpt lat="36.997515" lon="-104.482331" /><trkpt lat="36.999358" lon="-104.482478" /><trkpt lat="37.007568" lon="-104.480032" /><trkpt lat="37.011456" lon="-104.480985" /><trkpt lat="37.016269" lon="-104.482731" /><trkpt lat="37.018102" lon="-104.484317" /><trkpt lat="37.01944" lon="-104.487605" /><trkpt lat="37.020838" lon="-104.492268" /><trkpt lat="37.021826" lon="-104.495831" /><trkpt lat="37.022959" lon="-104.497134" /><trkpt lat="37.024512" lon="-104.497621" /><trkpt lat="37.026022" lon="-104.497991" /><trkpt lat="37.027721" lon="-104.499501" /><trkpt lat="37.029098" lon="-104.500356" /><trkpt lat="37.031284" lon="-104.501006" /><trkpt lat="37.037262" lon="-104.50812" /><trkpt lat="37.040508" lon="-104.511511" /><trkpt lat="37.04653" lon="-104.519169" /><trkpt lat="37.048347" lon="-104.521097" /><trkpt lat="37.051012" lon="-104.522531" /><trkpt lat="37.054021" lon="-104.522778" /><trkpt lat="37.05824" lon="-104.522798" /><trkpt lat="37.059707" lon="-104.523172" /><trkpt lat="37.061047" lon="-104.523012" /><trkpt lat="37.062295" lon="-104.52199" /><trkpt lat="37.065531" lon="-104.519098" /><trkpt lat="37.068467" lon="-104.518102" /><trkpt lat="37.072726" lon="-104.517325" /><trkpt lat="37.075281" lon="-104.517813" /><trkpt lat="37.076947" lon="-104.518328" /><trkpt lat="37.079698" lon="-104.518832" /><trkpt lat="37.082361" lon="-104.519385" /><trkpt lat="37.084614" lon="-104.52087" /><trkpt lat="37.086493" lon="-104.522164" /><trkpt lat="37.08763" lon="-104.52235" /><trkpt lat="37.088935" lon="-104.522015" /><trkpt lat="37.090798" lon="-104.520434" /><trkpt lat="37.092199" lon="-104.519361" /><trkpt lat="37.093607" lon="-104.518874" /><trkpt lat="37.095184" lon="-104.518913" /><trkpt lat="37.096739" lon="-104.519561" /><trkpt lat="37.103051" lon="-104.523972" /><trkpt lat="37.105174" lon="-104.524344" /><trkpt lat="37.10663" lon="-104.523969" /><trkpt lat="37.110612" lon="-104.522098" /><trkpt lat="37.113536" lon="-104.521143" /><trkpt lat="37.120142" lon="-104.520493" /><trkpt lat="37.126979" lon="-104.520278" /><trkpt lat="37.132105" lon="-104.521263" /><trkpt lat="37.133718" lon="-104.521325" /><trkpt lat="37.136838" lon="-104.520658" /><trkpt lat="37.140672" lon="-104.519753" /><trkpt lat="37.142365" lon="-104.519536" /><trkpt lat="37.152888" lon="-104.519533" /><trkpt lat="37.155017" lon="-104.519217" /><trkpt lat="37.156802" lon="-104.518319" /><trkpt lat="37.159948" lon="-104.515641" /><trkpt lat="37.162552" lon="-104.513727" /><trkpt lat="37.165149" lon="-104.511884" /><trkpt lat="37.165907" lon="-104.511293" /><trkpt lat="37.166593" lon="-104.509807" /><trkpt lat="37.167478" lon="-104.507903" /><trkpt lat="37.169054" lon="-104.504206" /><trkpt lat="37.169344" lon="-104.500687" /><trkpt lat="37.168626" lon="-104.505397" /><trkpt lat="37.171205" lon="-104.506849" /><trkpt lat="37.173251" lon="-104.507683" /><trkpt lat="37.176176" lon="-104.505343" /><trkpt lat="37.181956" lon="-104.498877" /><trkpt lat="37.188671" lon="-104.497761" /><trkpt lat="37.196437" lon="-104.497129" /><trkpt lat="37.21094" lon="-104.494683" /><trkpt lat="37.222905" lon="-104.492679" /><trkpt lat="37.229734" lon="-104.491655" /><trkpt lat="37.235309" lon="-104.492779" /><trkpt lat="37.241843" lon="-104.496746" /><trkpt lat="37.245421" lon="-104.498969" /><trkpt lat="37.264898" lon="-104.504238" /><trkpt lat="37.269839" lon="-104.506336" /><trkpt lat="37.275926" lon="-104.509908" /><trkpt lat="37.284681" lon="-104.517024" /><trkpt lat="37.296279" lon="-104.529622" /><trkpt lat="37.324175" lon="-104.558447" /><trkpt lat="37.340641" lon="-104.56804" /><trkpt lat="37.352692" lon="-104.575148" /><trkpt lat="37.364789" lon="-104.585979" /><trkpt lat="37.379891" lon="-104.599903" /><trkpt lat="37.3834" lon="-104.603129" /><trkpt lat="37.399249" lon="-104.617737" /><trkpt lat="37.404965" lon="-104.622671" /><trkpt lat="37.424888" lon="-104.637572" /><trkpt lat="37.428859" lon="-104.640504" /><trkpt lat="37.444401" lon="-104.648611" /><trkpt lat="37.463849" lon="-104.658665" /><trkpt lat="37.471831" lon="-104.662449" /><trkpt lat="37.484342" lon="-104.666433" /><trkpt lat="37.495134" lon="-104.670018" /><trkpt lat="37.499046" lon="-104.671893" /><trkpt lat="37.505036" lon="-104.6761" /><trkpt lat="37.508392" lon="-104.682248" /><trkpt lat="37.511468" lon="-104.688195" /><trkpt lat="37.514243" lon="-104.691589" /><trkpt lat="37.523952" lon="-104.698412" /><trkpt lat="37.545168" lon="-104.712987" /><trkpt lat="37.563224" lon="-104.724623" /><trkpt lat="37.595271" lon="-104.744988" /><trkpt lat="37.616743" lon="-104.75865" /><trkpt lat="37.625757" lon="-104.764412" /><trkpt lat="37.632572" lon="-104.768729" /><trkpt lat="37.640564" lon="-104.775227" /><trkpt lat="37.656059" lon="-104.79171" /><trkpt lat="37.660519" lon="-104.796044" /><trkpt lat="37.666711" lon="-104.799071" /><trkpt lat="37.686573" lon="-104.807529" /><trkpt lat="37.706991" lon="-104.816234" /><trkpt lat="37.742768" lon="-104.831483" /><trkpt lat="37.751886" lon="-104.835315" /><trkpt lat="37.761027" lon="-104.835274" /><trkpt lat="37.768956" lon="-104.834824" /><trkpt lat="37.784407" lon="-104.831913" /><trkpt lat="37.795683" lon="-104.829779" /><trkpt lat="37.802694" lon="-104.8285" /><trkpt lat="37.814975" lon="-104.828509" /><trkpt lat="37.838032" lon="-104.828587" /><trkpt lat="37.860414" lon="-104.828674" /><trkpt lat="37.890808" lon="-104.828811" /><trkpt lat="37.911847" lon="-104.828158" /><trkpt lat="37.928083" lon="-104.820674" /><trkpt lat="37.939015" lon="-104.808972" /><trkpt lat="37.95814" lon="-104.799112" /><trkpt lat="37.964175" lon="-104.793085" /><trkpt lat="37.985999" lon="-104.771564" /><trkpt lat="37.999907" lon="-104.756031" /><trkpt lat="38.02575" lon="-104.734188" /><trkpt lat="38.036307" lon="-104.729767" /><trkpt lat="38.045518" lon="-104.725733" /><trkpt lat="38.056627" lon="-104.720042" /><trkpt lat="38.074917" lon="-104.707958" /><trkpt lat="38.099691" lon="-104.68643" /><trkpt lat="38.112747" lon="-104.674341" /><trkpt lat="38.117118" lon="-104.671827" /><trkpt lat="38.124851" lon="-104.670395" /><trkpt lat="38.135836" lon="-104.664502" /><trkpt lat="38.155043" lon="-104.64869" /><trkpt lat="38.183488" lon="-104.633402" /><trkpt lat="38.207528" lon="-104.628702" /><trkpt lat="38.210569" lon="-104.627452" /><trkpt lat="38.213823" lon="-104.624421" /><trkpt lat="38.217113" lon="-104.620886" /><trkpt lat="38.221581" lon="-104.615523" /><trkpt lat="38.224465" lon="-104.614077" /><trkpt lat="38.231608" lon="-104.613833" /><trkpt lat="38.235909" lon="-104.612144" /><trkpt lat="38.239547" lon="-104.611788" /><trkpt lat="38.243978" lon="-104.611881" /><trkpt lat="38.249384" lon="-104.610549" /><trkpt lat="38.250927" lon="-104.609665" /><trkpt lat="38.252803" lon="-104.609459" /><trkpt lat="38.256461" lon="-104.60648" /><trkpt lat="38.258949" lon="-104.605053" /><trkpt lat="38.266043" lon="-104.604654" /><trkpt lat="38.269734" lon="-104.605187" /><trkpt lat="38.272626" lon="-104.604205" /><trkpt lat="38.277158" lon="-104.604255" /><trkpt lat="38.27981" lon="-104.605201" /><trkpt lat="38.28612" lon="-104.605608" /><trkpt lat="38.29456" lon="-104.609357" /><trkpt lat="38.30024" lon="-104.612121" /><trkpt lat="38.313837" lon="-104.614937" /><trkpt lat="38.323161" lon="-104.615434" /><trkpt lat="38.332722" lon="-104.618017" /><trkpt lat="38.33828" lon="-104.619646" /><trkpt lat="38.346596" lon="-104.619861" /><trkpt lat="38.364461" lon="-104.620709" /><trkpt lat="38.375338" lon="-104.619561" /><trkpt lat="38.384618" lon="-104.618841" /><trkpt lat="38.402266" lon="-104.616506" /><trkpt lat="38.415338" lon="-104.61153" /><trkpt lat="38.434476" lon="-104.606649" /><trkpt lat="38.455482" lon="-104.606697" /><trkpt lat="38.477988" lon="-104.616079" /><trkpt lat="38.492641" lon="-104.622979" /><trkpt lat="38.502757" lon="-104.62678" /><trkpt lat="38.519943" lon="-104.631136" /><trkpt lat="38.543686" lon="-104.64321" /><trkpt lat="38.559251" lon="-104.650557" /><trkpt lat="38.572925" lon="-104.657551" /><trkpt lat="38.584196" lon="-104.667733" /><trkpt lat="38.592534" lon="-104.672246" /><trkpt lat="38.613961" lon="-104.685767" /><trkpt lat="38.622457" lon="-104.689209" /><trkpt lat="38.630561" lon="-104.690912" /><trkpt lat="38.653439" lon="-104.697507" /><trkpt lat="38.667079" lon="-104.704263" /><trkpt lat="38.676306" lon="-104.711458" /><trkpt lat="38.682846" lon="-104.715116" /><trkpt lat="38.695634" lon="-104.720651" /><trkpt lat="38.711131" lon="-104.725166" /><trkpt lat="38.721047" lon="-104.729502" /><trkpt lat="38.726044" lon="-104.733946" /><trkpt lat="38.742508" lon="-104.750623" /><trkpt lat="38.759988" lon="-104.769703" /><trkpt lat="38.764294" lon="-104.775018" /><trkpt lat="38.768478" lon="-104.778647" /><trkpt lat="38.774472" lon="-104.781982" /><trkpt lat="38.778853" lon="-104.784307" /><trkpt lat="38.787099" lon="-104.791214" /><trkpt lat="38.795448" lon="-104.79702" /><trkpt lat="38.799478" lon="-104.799063" /><trkpt lat="38.804712" lon="-104.802167" /><trkpt lat="38.809301" lon="-104.8077" /><trkpt lat="38.814271" lon="-104.816058" /><trkpt lat="38.815334" lon="-104.826386" /><trkpt lat="38.817014" lon="-104.831014" /><trkpt lat="38.82163" lon="-104.835982" /><trkpt lat="38.827495" lon="-104.835305" /><trkpt lat="38.831318" lon="-104.834074" /><trkpt lat="38.834412" lon="-104.830888" /><trkpt lat="38.836734" lon="-104.829772" /><trkpt lat="38.836735" lon="-104.827607" /><trkpt lat="38.836001" lon="-104.827212" /><trkpt lat="38.835515" lon="-104.825372" /><trkpt lat="38.833913" lon="-104.82535" /><trkpt lat="38.8339578" lon="-104.825348" /><trkpt lat="38.832564" lon="-104.826435" /><trkpt lat="38.832795" lon="-104.833153" /><trkpt lat="38.832827" lon="-104.837632" /><trkpt lat="38.833751" lon="-104.840683" /><trkpt lat="38.831494" lon="-104.840759" /><trkpt lat="38.835565" lon="-104.849295" /><trkpt lat="38.840411" lon="-104.858978" /><trkpt lat="38.842358" lon="-104.862542" /><trkpt lat="38.845736" lon="-104.866541" /><trkpt lat="38.851367" lon="-104.87268" /><trkpt lat="38.853737" lon="-104.875934" /><trkpt lat="38.854991" lon="-104.882151" /><trkpt lat="38.857236" lon="-104.89422" /><trkpt lat="38.860124" lon="-104.899736" /><trkpt lat="38.859824" lon="-104.909514" /><trkpt lat="38.864705" lon="-104.920205" /><trkpt lat="38.869935" lon="-104.924372" /><trkpt lat="38.873726" lon="-104.928346" /><trkpt lat="38.876549" lon="-104.932363" /><trkpt lat="38.876472" lon="-104.937113" /><trkpt lat="38.878639" lon="-104.941126" /><trkpt lat="38.879186" lon="-104.945702" /><trkpt lat="38.881204" lon="-104.949622" /><trkpt lat="38.887375" lon="-104.953794" /><trkpt lat="38.889921" lon="-104.958322" /><trkpt lat="38.889178" lon="-104.961758" /><trkpt lat="38.890031" lon="-104.964976" /><trkpt lat="38.89366" lon="-104.968038" /><trkpt lat="38.897205" lon="-104.971325" /><trkpt lat="38.90332" lon="-104.970348" /><trkpt lat="38.910097" lon="-104.974297" /><trkpt lat="38.920582" lon="-104.987903" /><trkpt lat="38.932376" lon="-105.002052" /><trkpt lat="38.939268" lon="-105.011614" /><trkpt lat="38.947375" lon="-105.022127" /><trkpt lat="38.952993" lon="-105.025985" /><trkpt lat="38.960813" lon="-105.029044" /><trkpt lat="38.971718" lon="-105.036793" /><trkpt lat="38.9795" lon="-105.042247" /><trkpt lat="38.982083" lon="-105.044828" /><trkpt lat="38.987122" lon="-105.04611" /><trkpt lat="38.992288" lon="-105.049256" /><trkpt lat="38.994238" lon="-105.051105" /><trkpt lat="38.994356" lon="-105.05421" /><trkpt lat="38.993652" lon="-105.058479" /><trkpt lat="38.992258" lon="-105.060032" /><trkpt lat="38.987917" lon="-105.062251" /><trkpt lat="38.982991" lon="-105.064464" /><trkpt lat="38.981188" lon="-105.070261" /><trkpt lat="38.97282" lon="-105.078242" /><trkpt lat="38.963749" lon="-105.086341" /><trkpt lat="38.957548" lon="-105.099051" /><trkpt lat="38.958017" lon="-105.110176" /><trkpt lat="38.949525" lon="-105.138742" /><trkpt lat="38.945915" lon="-105.149537" /><trkpt lat="38.941799" lon="-105.157274" /><trkpt lat="38.937582" lon="-105.175756" /><trkpt lat="38.935227" lon="-105.193845" /><trkpt lat="38.935707" lon="-105.215382" /><trkpt lat="38.933031" lon="-105.225856" /><trkpt lat="38.934213" lon="-105.233322" /><trkpt lat="38.935748" lon="-105.245975" /><trkpt lat="38.943459" lon="-105.255032" /><trkpt lat="38.94672" lon="-105.25562" /><trkpt lat="38.948374" lon="-105.263433" /><trkpt lat="38.951032" lon="-105.272519" /><trkpt lat="38.949829" lon="-105.279204" /><trkpt lat="38.948242" lon="-105.281186" /><trkpt lat="38.946214" lon="-105.28856" /><trkpt lat="38.945348" lon="-105.300822" /><trkpt lat="38.948245" lon="-105.311927" /><trkpt lat="38.957977" lon="-105.326201" /><trkpt lat="38.970476" lon="-105.342939" /><trkpt lat="38.976554" lon="-105.353818" /><trkpt lat="38.98476" lon="-105.361469" /><trkpt lat="38.99615" lon="-105.371193" /><trkpt lat="38.999299" lon="-105.376982" /><trkpt lat="39.00177" lon="-105.383911" /><trkpt lat="39.003237" lon="-105.385562" /><trkpt lat="39.008379" lon="-105.386214" /><trkpt lat="39.011722" lon="-105.388241" /><trkpt lat="39.017625" lon="-105.394083" /><trkpt lat="39.018475" lon="-105.398279" /><trkpt lat="39.018844" lon="-105.40531" /><trkpt lat="39.023525" lon="-105.411657" /><trkpt lat="39.025712" lon="-105.419365" /><trkpt lat="39.027666" lon="-105.43304" /><trkpt lat="39.031925" lon="-105.448257" /><trkpt lat="39.032345" lon="-105.508643" /><trkpt lat="39.038386" lon="-105.525993" /><trkpt lat="39.041935" lon="-105.527152" /><trkpt lat="39.044363" lon="-105.533943" /><trkpt lat="39.047867" lon="-105.561365" /><trkpt lat="39.047926" lon="-105.634111" /><trkpt lat="39.042466" lon="-105.706925" /><trkpt lat="39.031633" lon="-105.765528" /><trkpt lat="39.021186" lon="-105.797561" /><trkpt lat="39.023282" lon="-105.811851" /><trkpt lat="39.022995" lon="-105.816432" /><trkpt lat="39.01536" lon="-105.846186" /><trkpt lat="39.008497" lon="-105.855046" /><trkpt lat="38.98638" lon="-105.867608" /><trkpt lat="38.965102" lon="-105.883931" /><trkpt lat="38.930612" lon="-105.924711" /><trkpt lat="38.925427" lon="-105.951249" /><trkpt lat="38.922057" lon="-105.966634" /><trkpt lat="38.914839" lon="-105.969551" /><trkpt lat="38.912208" lon="-105.97159" /><trkpt lat="38.907457" lon="-105.980173" /><trkpt lat="38.902599" lon="-105.989118" /><trkpt lat="38.888405" lon="-105.991726" /><trkpt lat="38.880566" lon="-105.988134" /><trkpt lat="38.872799" lon="-105.984296" /><trkpt lat="38.864155" lon="-105.984904" /><trkpt lat="38.858898" lon="-105.986229" /><trkpt lat="38.852865" lon="-105.983425" /><trkpt lat="38.843953" lon="-105.991039" /><trkpt lat="38.840917" lon="-106.003937" /><trkpt lat="38.840337" lon="-106.013927" /><trkpt lat="38.835013" lon="-106.022267" /><trkpt lat="38.831584" lon="-106.02774" /><trkpt lat="38.82771" lon="-106.037902" /><trkpt lat="38.826672" lon="-106.046374" /><trkpt lat="38.825107" lon="-106.05458" /><trkpt lat="38.821271" lon="-106.062045" /><trkpt lat="38.818591" lon="-106.073284" /><trkpt lat="38.815782" lon="-106.082722" /><trkpt lat="38.815654" lon="-106.092727" /><trkpt lat="38.81366" lon="-106.102544" /><trkpt lat="38.812439" lon="-106.106673" /><trkpt lat="38.809339" lon="-106.116325" /><trkpt lat="38.793856" lon="-106.114027" /><trkpt lat="38.785603" lon="-106.114214" /><trkpt lat="38.781341" lon="-106.112034" /><trkpt lat="38.777158" lon="-106.106957" /><trkpt lat="38.767135" lon="-106.098248" /><trkpt lat="38.754875" lon="-106.082935" /><trkpt lat="38.746803" lon="-106.080898" /><trkpt lat="38.741185" lon="-106.082942" /><trkpt lat="38.719325" lon="-106.085991" /><trkpt lat="38.710759" lon="-106.091817" /><trkpt lat="38.700184" lon="-106.090178" /><trkpt lat="38.682476" lon="-106.091993" /><trkpt lat="38.67154" lon="-106.090926" /><trkpt lat="38.654919" lon="-106.086003" /><trkpt lat="38.638071" lon="-106.081962" /><trkpt lat="38.629012" lon="-106.078305" /><trkpt lat="38.621394" lon="-106.07834" /><trkpt lat="38.60896" lon="-106.081315" /><trkpt lat="38.594358" lon="-106.084631" /><trkpt lat="38.583652" lon="-106.082932" /><trkpt lat="38.565158" lon="-106.080367" /><trkpt lat="38.553277" lon="-106.08308" /><trkpt lat="38.549924" lon="-106.079954" /><trkpt lat="38.540943" lon="-106.079615" /><trkpt lat="38.52064" lon="-106.079734" /><trkpt lat="38.518796" lon="-106.078238" /><trkpt lat="38.514853" lon="-106.07659" /><trkpt lat="38.513957" lon="-106.073517" /><trkpt lat="38.514688" lon="-106.076288" /><trkpt lat="38.517856" lon="-106.077711" /><trkpt lat="38.520836" lon="-106.079695" /><trkpt lat="38.543722" lon="-106.079622" /><trkpt lat="38.551478" lon="-106.081421" /><trkpt lat="38.557125" lon="-106.082609" /><trkpt lat="38.573995" lon="-106.080917" /><trkpt lat="38.592992" lon="-106.084663" /><trkpt lat="38.61" lon="-106.081074" /><trkpt lat="38.623122" lon="-106.077877" /><trkpt lat="38.632707" lon="-106.079381" /><trkpt lat="38.640807" lon="-106.082874" /><trkpt lat="38.666913" lon="-106.089546" /><trkpt lat="38.681088" lon="-106.092071" /><trkpt lat="38.695566" lon="-106.090123" /><trkpt lat="38.710841" lon="-106.091804" /><trkpt lat="38.720665" lon="-106.085796" /><trkpt lat="38.743188" lon="-106.081982" /><trkpt lat="38.752776" lon="-106.081684" /><trkpt lat="38.763856" lon="-106.093033" /><trkpt lat="38.77391" lon="-106.105788" /><trkpt lat="38.781006" lon="-106.111515" /><trkpt lat="38.78597" lon="-106.114165" /><trkpt lat="38.79479" lon="-106.114114" /><trkpt lat="38.811303" lon="-106.117014" /><trkpt lat="38.833255" lon="-106.127373" /><trkpt lat="38.835848" lon="-106.128975" /><trkpt lat="38.837523" lon="-106.130184" /><trkpt lat="38.840233" lon="-106.131968" /><trkpt lat="38.843171" lon="-106.133302" /><trkpt lat="38.852619" lon="-106.139361" /><trkpt lat="38.867899" lon="-106.153794" /><trkpt lat="38.88705" lon="-106.166639" /><trkpt lat="38.902379" lon="-106.173767" /><trkpt lat="38.913519" lon="-106.180706" /><trkpt lat="38.938384" lon="-106.188289" /><trkpt lat="38.959153" lon="-106.20194" /><trkpt lat="38.969783" lon="-106.207948" /><trkpt lat="38.978345" lon="-106.215528" /><trkpt lat="38.991058" lon="-106.219882" /><trkpt lat="39.001044" lon="-106.225872" /><trkpt lat="39.003289" lon="-106.237565" /><trkpt lat="39.008908" lon="-106.243015" /><trkpt lat="39.017112" lon="-106.23878" /><trkpt lat="39.023391" lon="-106.244418" /><trkpt lat="39.030876" lon="-106.249762" /><trkpt lat="39.036278" lon="-106.260486" /><trkpt lat="39.043052" lon="-106.266118" /><trkpt lat="39.051574" lon="-106.268561" /><trkpt lat="39.054778" lon="-106.272903" /><trkpt lat="39.062956" lon="-106.273297" /><trkpt lat="39.067508" lon="-106.276908" /><trkpt lat="39.075867" lon="-106.281032" /><trkpt lat="39.077189" lon="-106.287608" /><trkpt lat="39.077883" lon="-106.296242" /><trkpt lat="39.084401" lon="-106.306251" /><trkpt lat="39.09733" lon="-106.324964" /><trkpt lat="39.096661" lon="-106.341656" /><trkpt lat="39.092955" lon="-106.367908" /><trkpt lat="39.082442" lon="-106.378987" /><trkpt lat="39.081847" lon="-106.38404" /><trkpt lat="39.080534" lon="-106.388663" /><trkpt lat="39.077797" lon="-106.393773" /><trkpt lat="39.071914" lon="-106.399897" /><trkpt lat="39.065497" lon="-106.399982" /><trkpt lat="39.062882" lon="-106.405586" /><trkpt lat="39.065449" lon="-106.40981" /><trkpt lat="39.068226" lon="-106.40853" /><trkpt lat="39.067515" lon="-106.414093" /><trkpt lat="39.068675" lon="-106.427274" /><trkpt lat="39.069841" lon="-106.438181" /><trkpt lat="39.07049" lon="-106.442538" /><trkpt lat="39.071696" lon="-106.447237" /><trkpt lat="39.071874" lon="-106.457461" /><trkpt lat="39.071981" lon="-106.465737" /><trkpt lat="39.070397" lon="-106.472259" /><trkpt lat="39.06969" lon="-106.492807" /><trkpt lat="39.068331" lon="-106.506786" /><trkpt lat="39.072746" lon="-106.520568" /><trkpt lat="39.081753" lon="-106.536964" /><trkpt lat="39.091761" lon="-106.540898" /><trkpt lat="39.106042" lon="-106.544687" /><trkpt lat="39.111435" lon="-106.542631" /><trkpt lat="39.115796" lon="-106.53869" /><trkpt lat="39.113294" lon="-106.542927" /><trkpt lat="39.107856" lon="-106.548068" /><trkpt lat="39.102306" lon="-106.553026" /><trkpt lat="39.100925" lon="-106.564109" /><trkpt lat="39.09951" lon="-106.569577" /><trkpt lat="39.099364" lon="-106.571336" /><trkpt lat="39.101622" lon="-106.566096" /><trkpt lat="39.103694" lon="-106.56243" /><trkpt lat="39.106235" lon="-106.559524" /><trkpt lat="39.107087" lon="-106.557227" /><trkpt lat="39.105654" lon="-106.553284" /><trkpt lat="39.106858" lon="-106.555564" /><trkpt lat="39.110781" lon="-106.560006" /><trkpt lat="39.109843" lon="-106.562474" /><trkpt lat="39.108177" lon="-106.56709" /><trkpt lat="39.109124" lon="-106.572351" /><trkpt lat="39.110538" lon="-106.574279" /><trkpt lat="39.114481" lon="-106.57295" /><trkpt lat="39.116759" lon="-106.57226" /><trkpt lat="39.119667" lon="-106.573581" /><trkpt lat="39.122507" lon="-106.575681" /><trkpt lat="39.124665" lon="-106.581124" /><trkpt lat="39.12336" lon="-106.581623" /><trkpt lat="39.119377" lon="-106.58033" /><trkpt lat="39.114121" lon="-106.581684" /><trkpt lat="39.109509" lon="-106.5913" /><trkpt lat="39.107005" lon="-106.59859" /><trkpt lat="39.107136" lon="-106.605304" /><trkpt lat="39.108637" lon="-106.613536" /><trkpt lat="39.111832" lon="-106.618004" /><trkpt lat="39.116513" lon="-106.620453" /><trkpt lat="39.119294" lon="-106.62155" /><trkpt lat="39.122535" lon="-106.621794" /><trkpt lat="39.122781" lon="-106.622316" /><trkpt lat="39.12268" lon="-106.627622" /><trkpt lat="39.125241" lon="-106.635222" /><trkpt lat="39.125937" lon="-106.649084" /><trkpt lat="39.12655" lon="-106.654492" /><trkpt lat="39.125934" lon="-106.660972" /><trkpt lat="39.125146" lon="-106.66788" /><trkpt lat="39.125206" lon="-106.675754" /><trkpt lat="39.124893" lon="-106.679262" /><trkpt lat="39.122375" lon="-106.684396" /><trkpt lat="39.119335" lon="-106.690073" /><trkpt lat="39.11872" lon="-106.69671" /><trkpt lat="39.119242" lon="-106.700008" /><trkpt lat="39.11952" lon="-106.702355" /><trkpt lat="39.119729" lon="-106.708614" /><trkpt lat="39.11988" lon="-106.713853" /><trkpt lat="39.120456" lon="-106.718584" /><trkpt lat="39.119667" lon="-106.722877" /><trkpt lat="39.120459" lon="-106.726653" /><trkpt lat="39.121879" lon="-106.730104" /><trkpt lat="39.124701" lon="-106.734736" /><trkpt lat="39.125959" lon="-106.740767" /><trkpt lat="39.129136" lon="-106.74721" /><trkpt lat="39.133815" lon="-106.755973" /><trkpt lat="39.134583" lon="-106.765244" /><trkpt lat="39.141953" lon="-106.7696" /><trkpt lat="39.148607" lon="-106.778205" /><trkpt lat="39.149381" lon="-106.78271" /><trkpt lat="39.153636" lon="-106.7836" /><trkpt lat="39.156935" lon="-106.78555" /><trkpt lat="39.162422" lon="-106.788513" /><trkpt lat="39.168295" lon="-106.78972" /><trkpt lat="39.170851" lon="-106.791675" /><trkpt lat="39.174702" lon="-106.794936" /><trkpt lat="39.177123" lon="-106.796233" /><trkpt lat="39.179316" lon="-106.800767" /><trkpt lat="39.181913" lon="-106.804857" /><trkpt lat="39.185197" lon="-106.808458" /><trkpt lat="39.187308" lon="-106.815226" /><trkpt lat="39.189746" lon="-106.814973" /><trkpt lat="39.190708" lon="-106.819344" /><trkpt lat="39.191124" lon="-106.823556" /><trkpt lat="39.192372" lon="-106.827453" /><trkpt lat="39.193011" lon="-106.830514" /><trkpt lat="39.194928" lon="-106.831589" /><trkpt lat="39.195606" lon="-106.835538" /><trkpt lat="39.195359" lon="-106.838972" /><trkpt lat="39.195916" lon="-106.840496" /><trkpt lat="39.199284" lon="-106.84557" /><trkpt lat="39.201808" lon="-106.850436" /><trkpt lat="39.204755" lon="-106.856488" /><trkpt lat="39.207592" lon="-106.85988" /><trkpt lat="39.210439" lon="-106.8615" /><trkpt lat="39.216242" lon="-106.861479" /><trkpt lat="39.219681" lon="-106.862421" /><trkpt lat="39.227587" lon="-106.867413" /><trkpt lat="39.232974" lon="-106.870827" /><trkpt lat="39.236863" lon="-106.875393" /><trkpt lat="39.242619" lon="-106.880127" /><trkpt lat="39.247019" lon="-106.883024" /><trkpt lat="39.250305" lon="-106.883957" /><trkpt lat="39.257872" lon="-106.886545" /><trkpt lat="39.266381" lon="-106.889551" /><trkpt lat="39.274292" lon="-106.892388" /><trkpt lat="39.27975" lon="-106.897964" /><trkpt lat="39.285826" lon="-106.905219" /><trkpt lat="39.289834" lon="-106.910685" /><trkpt lat="39.292835" lon="-106.917188" /><trkpt lat="39.296712" lon="-106.922596" /><trkpt lat="39.299196" lon="-106.928656" /><trkpt lat="39.301513" lon="-106.931313" /><trkpt lat="39.30684" lon="-106.934364" /><trkpt lat="39.310608" lon="-106.936199" /><trkpt lat="39.314728" lon="-106.938301" /><trkpt lat="39.320876" lon="-106.945547" /><trkpt lat="39.323461" lon="-106.947377" /><trkpt lat="39.326605" lon="-106.954189" /><trkpt lat="39.328188" lon="-106.962064" /><trkpt lat="39.329236" lon="-106.971345" /><trkpt lat="39.330369" lon="-106.978587" /><trkpt lat="39.330829" lon="-106.983724" /><trkpt lat="39.332004" lon="-106.988643" /><trkpt lat="39.335946" lon="-106.994153" /><trkpt lat="39.340308" lon="-106.998497" /><trkpt lat="39.342595" lon="-107.005812" /><trkpt lat="39.345914" lon="-107.010622" /><trkpt lat="39.354767" lon="-107.021742" /><trkpt lat="39.362989" lon="-107.031918" /><trkpt lat="39.364257" lon="-107.035154" /><trkpt lat="39.365133" lon="-107.04173" /><trkpt lat="39.365891" lon="-107.049638" /><trkpt lat="39.364759" lon="-107.05784" /><trkpt lat="39.365273" lon="-107.062876" /><trkpt lat="39.367036" lon="-107.067083" /><trkpt lat="39.370136" lon="-107.069716" /><trkpt lat="39.374721" lon="-107.075718" /><trkpt lat="39.381185" lon="-107.079099" /><trkpt lat="39.387138" lon="-107.081787" /><trkpt lat="39.39201" lon="-107.087191" /><trkpt lat="39.393314" lon="-107.089223" /><trkpt lat="39.395584" lon="-107.094229" /><trkpt lat="39.398821" lon="-107.106669" /><trkpt lat="39.401929" lon="-107.113827" /><trkpt lat="39.404443" lon="-107.127155" /><trkpt lat="39.407513" lon="-107.149924" /><trkpt lat="39.411438" lon="-107.180174" /><trkpt lat="39.414227" lon="-107.192987" /><trkpt lat="39.416248" lon="-107.202343" /><trkpt lat="39.416137" lon="-107.212355" /><trkpt lat="39.415134" lon="-107.217584" /><trkpt lat="39.415973" lon="-107.221476" /><trkpt lat="39.416459" lon="-107.225222" /><trkpt lat="39.419668" lon="-107.233902" /><trkpt lat="39.423599" lon="-107.237561" /><trkpt lat="39.433723" lon="-107.247524" /><trkpt lat="39.44672" lon="-107.258703" /><trkpt lat="39.457246" lon="-107.262644" /><trkpt lat="39.467" lon="-107.264268" /><trkpt lat="39.472331" lon="-107.269227" /><trkpt lat="39.475269" lon="-107.272422" /><trkpt lat="39.47822" lon="-107.279353" /><trkpt lat="39.483614" lon="-107.290691" /><trkpt lat="39.488519" lon="-107.297669" /><trkpt lat="39.499422" lon="-107.301682" /><trkpt lat="39.504174" lon="-107.301635" /><trkpt lat="39.506879" lon="-107.303849" /><trkpt lat="39.514155" lon="-107.310619" /><trkpt lat="39.516103" lon="-107.316129" /><trkpt lat="39.517821" lon="-107.319055" /><trkpt lat="39.519847" lon="-107.320695" /><trkpt lat="39.525268" lon="-107.322457" /><trkpt lat="39.529475" lon="-107.324994" /><trkpt lat="39.530953" lon="-107.325306" /><trkpt lat="39.532661" lon="-107.32525" /><trkpt lat="39.537526" lon="-107.325085" /><trkpt lat="39.539043" lon="-107.325016" /><trkpt lat="39.542164" lon="-107.32491" /><trkpt lat="39.544172" lon="-107.324854" /><trkpt lat="39.546604" lon="-107.324766" /><trkpt lat="39.548677" lon="-107.324984" /><trkpt lat="39.549864" lon="-107.326752" /><trkpt lat="39.54991" lon="-107.327513" /><trkpt lat="39.550398" lon="-107.329044" /><trkpt lat="39.55541" lon="-107.335368" /><trkpt lat="39.558989" lon="-107.339288" /><trkpt lat="39.5611" lon="-107.354185" /><trkpt lat="39.56091" lon="-107.362022" /><trkpt lat="39.561902" lon="-107.369756" /><trkpt lat="39.561074" lon="-107.37943" /><trkpt lat="39.560736" lon="-107.387463" /><trkpt lat="39.558802" lon="-107.392977" /><trkpt lat="39.557709" lon="-107.399125" /><trkpt lat="39.561233" lon="-107.40599" /><trkpt lat="39.564773" lon="-107.41199" /><trkpt lat="39.566029" lon="-107.421503" /><trkpt lat="39.567507" lon="-107.425558" /><trkpt lat="39.571031" lon="-107.42924" /><trkpt lat="39.575174" lon="-107.44099" /><trkpt lat="39.574294" lon="-107.451499" /><trkpt lat="39.572206" lon="-107.454985" /><trkpt lat="39.570708" lon="-107.458429" /><trkpt lat="39.573068" lon="-107.465938" /><trkpt lat="39.573412" lon="-107.473652" /><trkpt lat="39.570721" lon="-107.483409" /><trkpt lat="39.566027" lon="-107.49227" /><trkpt lat="39.565815" lon="-107.513572" /><trkpt lat="39.566554" lon="-107.518768" /><trkpt lat="39.569718" lon="-107.524804" /><trkpt lat="39.570626" lon="-107.530423" /><trkpt lat="39.568527" lon="-107.544457" /><trkpt lat="39.565108" lon="-107.550756" /><trkpt lat="39.558387" lon="-107.558469" /><trkpt lat="39.551517" lon="-107.594084" /><trkpt lat="39.54408" lon="-107.643669" /><trkpt lat="39.545896" lon="-107.663806" /><trkpt lat="39.540136" lon="-107.67895" /><trkpt lat="39.532181" lon="-107.698393" /><trkpt lat="39.531903" lon="-107.71823" /><trkpt lat="39.530291" lon="-107.736074" /><trkpt lat="39.525315" lon="-107.754065" /><trkpt lat="39.525247" lon="-107.773984" /><trkpt lat="39.521076" lon="-107.788265" /><trkpt lat="39.520352" lon="-107.809443" /><trkpt lat="39.520539" lon="-107.843312" /><trkpt lat="39.520103" lon="-107.848707" /><trkpt lat="39.506873" lon="-107.886253" /><trkpt lat="39.501563" lon="-107.908894" /><trkpt lat="39.499228" lon="-107.919158" /><trkpt lat="39.501118" lon="-107.929539" /><trkpt lat="39.501149" lon="-107.934783" /><trkpt lat="39.498021" lon="-107.941757" /><trkpt lat="39.480645" lon="-107.971138" /><trkpt lat="39.478345" lon="-107.977859" /><trkpt lat="39.474301" lon="-108.019752" /><trkpt lat="39.464092" lon="-108.040622" /><trkpt lat="39.458878" lon="-108.046362" /><trkpt lat="39.455346" lon="-108.047183" /><trkpt lat="39.452516" lon="-108.045497" /><trkpt lat="39.4517" lon="-108.048236" /><trkpt lat="39.44902" lon="-108.051623" /><trkpt lat="39.44641" lon="-108.052261" /><trkpt lat="39.450206" lon="-108.05062" /><trkpt lat="39.452344" lon="-108.045625" /><trkpt lat="39.455589" lon="-108.047568" /><trkpt lat="39.45053" lon="-108.053136" /><trkpt lat="39.433093" lon="-108.071806" /><trkpt lat="39.422343" lon="-108.085114" /><trkpt lat="39.409383" lon="-108.099465" /><trkpt lat="39.394608" lon="-108.126735" /><trkpt lat="39.38119" lon="-108.15464" /><trkpt lat="39.369901" lon="-108.169551" /><trkpt lat="39.354716" lon="-108.171959" /><trkpt lat="39.345771" lon="-108.189874" /><trkpt lat="39.333346" lon="-108.195359" /><trkpt lat="39.321895" lon="-108.209309" /><trkpt lat="39.290078" lon="-108.225115" /><trkpt lat="39.282127" lon="-108.234957" /><trkpt lat="39.276217" lon="-108.248727" /><trkpt lat="39.264813" lon="-108.254261" /><trkpt lat="39.254547" lon="-108.25962" /><trkpt lat="39.246462" lon="-108.256391" /><trkpt lat="39.238741" lon="-108.256699" /><trkpt lat="39.238645" lon="-108.263737" /><trkpt lat="39.236192" lon="-108.271058" /><trkpt lat="39.231142" lon="-108.271198" /><trkpt lat="39.227283" lon="-108.259447" /><trkpt lat="39.2172" lon="-108.25648" /><trkpt lat="39.207382" lon="-108.261439" /><trkpt lat="39.19902" lon="-108.267893" /><trkpt lat="39.195692" lon="-108.271816" /><trkpt lat="39.194774" lon="-108.280898" /><trkpt lat="39.189109" lon="-108.280582" /><trkpt lat="39.179417" lon="-108.283929" /><trkpt lat="39.170694" lon="-108.29567" /><trkpt lat="39.159474" lon="-108.300866" /><trkpt lat="39.151062" lon="-108.30495" /><trkpt lat="39.147282" lon="-108.314438" /><trkpt lat="39.139346" lon="-108.316949" /><trkpt lat="39.132998" lon="-108.322749" /><trkpt lat="39.128339" lon="-108.324823" /><trkpt lat="39.121413" lon="-108.323841" /><trkpt lat="39.117901" lon="-108.330818" /><trkpt lat="39.119161" lon="-108.340962" /><trkpt lat="39.116931" lon="-108.354669" /><trkpt lat="39.120465" lon="-108.368956" /><trkpt lat="39.118263" lon="-108.387095" /><trkpt lat="39.109644" lon="-108.422387" /><trkpt lat="39.107085" lon="-108.440962" /><trkpt lat="39.105388" lon="-108.447062" /><trkpt lat="39.102803" lon="-108.447234" /><trkpt lat="39.0999" lon="-108.448133" /><trkpt lat="39.095541" lon="-108.449513" /><trkpt lat="39.09072" lon="-108.454784" /><trkpt lat="39.087434" lon="-108.457284" /><trkpt lat="39.08443" lon="-108.458865" /><trkpt lat="39.082011" lon="-108.459447" /><trkpt lat="39.077015" lon="-108.459432" /><trkpt lat="39.069699" lon="-108.45953" /><trkpt lat="39.062801" lon="-108.459471" /><trkpt lat="39.047788" lon="-108.459578" /><trkpt lat="39.03068" lon="-108.459537" /><trkpt lat="39.024844" lon="-108.462454" /><trkpt lat="39.014562" lon="-108.474625" /><trkpt lat="39.008746" lon="-108.466533" /><trkpt lat="38.990748" lon="-108.449733" /><trkpt lat="38.983066" lon="-108.442687" /><trkpt lat="38.967493" lon="-108.426991" /><trkpt lat="38.941657" lon="-108.404283" /><trkpt lat="38.924234" lon="-108.382936" /><trkpt lat="38.888472" lon="-108.359257" /><trkpt lat="38.879652" lon="-108.351671" /><trkpt lat="38.855103" lon="-108.311071" /><trkpt lat="38.841326" lon="-108.298067" /><trkpt lat="38.820445" lon="-108.296928" /><trkpt lat="38.812802" lon="-108.294806" /><trkpt lat="38.810834" lon="-108.290768" /><trkpt lat="38.811675" lon="-108.284845" /><trkpt lat="38.810569" lon="-108.280519" /><trkpt lat="38.788431" lon="-108.252131" /><trkpt lat="38.775189" lon="-108.230296" /><trkpt lat="38.7685" lon="-108.224591" /><trkpt lat="38.757485" lon="-108.183016" /><trkpt lat="38.750981" lon="-108.163632" /><trkpt lat="38.751176" lon="-108.158435" /><trkpt lat="38.751769" lon="-108.154206" /><trkpt lat="38.749508" lon="-108.149439" /><trkpt lat="38.747717" lon="-108.14428" /><trkpt lat="38.748275" lon="-108.138456" /><trkpt lat="38.748249" lon="-108.127424" /><trkpt lat="38.74884" lon="-108.121513" /><trkpt lat="38.745424" lon="-108.1162" /><trkpt lat="38.740996" lon="-108.104474" /><trkpt lat="38.741355" lon="-108.088257" /><trkpt lat="38.741068" lon="-108.08582" /><trkpt lat="38.74045" lon="-108.081046" /><trkpt lat="38.73771" lon="-108.078149" /><trkpt lat="38.734262" lon="-108.078946" /><trkpt lat="38.732209" lon="-108.080138" /><trkpt lat="38.728802" lon="-108.081534" /><trkpt lat="38.711949" lon="-108.083174" /><trkpt lat="38.697491" lon="-108.122628" /><trkpt lat="38.696185" lon="-108.128345" /><trkpt lat="38.695487" lon="-108.134045" /><trkpt lat="38.69507" lon="-108.137646" /><trkpt lat="38.693677" lon="-108.142393" /><trkpt lat="38.694037" lon="-108.144934" /><trkpt lat="38.693556" lon="-108.146542" /><trkpt lat="38.692321" lon="-108.147582" /><trkpt lat="38.694687" lon="-108.149219" /><trkpt lat="38.693573" lon="-108.151277" /><trkpt lat="38.69061" lon="-108.154909" /><trkpt lat="38.687877" lon="-108.158368" /><trkpt lat="38.686483" lon="-108.159767" /><trkpt lat="38.680531" lon="-108.162959" /><trkpt lat="38.674478" lon="-108.16597" /><trkpt lat="38.67332" lon="-108.170647" /><trkpt lat="38.668088" lon="-108.17936" /><trkpt lat="38.663067" lon="-108.186601" /><trkpt lat="38.656201" lon="-108.19387" /><trkpt lat="38.652467" lon="-108.198942" /><trkpt lat="38.651028" lon="-108.20312" /><trkpt lat="38.649731" lon="-108.204843" /><trkpt lat="38.648226" lon="-108.208078" /><trkpt lat="38.646973" lon="-108.21232" /><trkpt lat="38.640923" lon="-108.215657" /><trkpt lat="38.63572" lon="-108.21976" /><trkpt lat="38.632561" lon="-108.224378" /><trkpt lat="38.627626" lon="-108.228355" /><trkpt lat="38.623206" lon="-108.233531" /><trkpt lat="38.604275" lon="-108.254573" /><trkpt lat="38.585681" lon="-108.27513" /><trkpt lat="38.568836" lon="-108.289098" /><trkpt lat="38.55837" lon="-108.297078" /><trkpt lat="38.547595" lon="-108.305929" /><trkpt lat="38.537933" lon="-108.315303" /><trkpt lat="38.528331" lon="-108.320402" /><trkpt lat="38.519794" lon="-108.331072" /><trkpt lat="38.513105" lon="-108.338189" /><trkpt lat="38.500136" lon="-108.360397" /><trkpt lat="38.487839" lon="-108.362414" /><trkpt lat="38.474934" lon="-108.362354" /><trkpt lat="38.466079" lon="-108.368642" /><trkpt lat="38.443858" lon="-108.373715" /><trkpt lat="38.427725" lon="-108.382232" /><trkpt lat="38.421703" lon="-108.377855" /><trkpt lat="38.411582" lon="-108.378977" /><trkpt lat="38.407894" lon="-108.350344" /><trkpt lat="38.406049" lon="-108.334312" /><trkpt lat="38.400421" lon="-108.323782" /><trkpt lat="38.392554" lon="-108.309505" /><trkpt lat="38.380874" lon="-108.29041" /><trkpt lat="38.381168" lon="-108.28306" /><trkpt lat="38.386273" lon="-108.28018" /><trkpt lat="38.396006" lon="-108.268666" /><trkpt lat="38.403947" lon="-108.257356" /><trkpt lat="38.408337" lon="-108.252173" /><trkpt lat="38.41013" lon="-108.250917" /><trkpt lat="38.418087" lon="-108.245129" /><trkpt lat="38.421651" lon="-108.237147" /><trkpt lat="38.428607" lon="-108.23004" /><trkpt lat="38.423389" lon="-108.235842" /><trkpt lat="38.420054" lon="-108.239022" /><trkpt lat="38.417713" lon="-108.245697" /><trkpt lat="38.411862" lon="-108.250809" /><trkpt lat="38.40546" lon="-108.252462" /><trkpt lat="38.409365" lon="-108.254033" /><trkpt lat="38.403473" lon="-108.257729" /><trkpt lat="38.397962" lon="-108.26511" /><trkpt lat="38.392766" lon="-108.273598" /><trkpt lat="38.384847" lon="-108.280717" /><trkpt lat="38.381164" lon="-108.282792" /><trkpt lat="38.379665" lon="-108.284685" /><trkpt lat="38.375078" lon="-108.275109" /><trkpt lat="38.369437" lon="-108.267257" /><trkpt lat="38.361878" lon="-108.254436" /><trkpt lat="38.356371" lon="-108.247934" /><trkpt lat="38.346859" lon="-108.241246" /><trkpt lat="38.340572" lon="-108.236196" /><trkpt lat="38.328832" lon="-108.231547" /><trkpt lat="38.322849" lon="-108.225104" /><trkpt lat="38.320375" lon="-108.210841" /><trkpt lat="38.320571" lon="-108.198179" /><trkpt lat="38.320721" lon="-108.190349" /><trkpt lat="38.323635" lon="-108.181859" /><trkpt lat="38.321022" lon="-108.171108" /><trkpt lat="38.316841" lon="-108.163253" /><trkpt lat="38.309738" lon="-108.148601" /><trkpt lat="38.312401" lon="-108.129204" /><trkpt lat="38.302594" lon="-108.12249" /><trkpt lat="38.295608" lon="-108.121877" /><trkpt lat="38.287962" lon="-108.123295" /><trkpt lat="38.283081" lon="-108.12067" /><trkpt lat="38.278486" lon="-108.11717" /><trkpt lat="38.273102" lon="-108.104888" /><trkpt lat="38.276071" lon="-108.099383" /><trkpt lat="38.28098" lon="-108.095214" /><trkpt lat="38.277027" lon="-108.09132" /><trkpt lat="38.276069" lon="-108.084179" /><trkpt lat="38.275889" lon="-108.079108" /><trkpt lat="38.27039" lon="-108.077206" /><trkpt lat="38.265014" lon="-108.075976" /><trkpt lat="38.259939" lon="-108.074679" /><trkpt lat="38.256684" lon="-108.06308" /><trkpt lat="38.259571" lon="-108.055283" /><trkpt lat="38.259718" lon="-108.048999" /><trkpt lat="38.260585" lon="-108.041344" /><trkpt lat="38.257492" lon="-108.033681" /><trkpt lat="38.254341" lon="-108.029987" /><trkpt lat="38.246733" lon="-108.02655" /><trkpt lat="38.242588" lon="-108.027174" /><trkpt lat="38.237242" lon="-108.025074" /><trkpt lat="38.235132" lon="-108.015988" /><trkpt lat="38.235194" lon="-108.007503" /><trkpt lat="38.234533" lon="-107.99981" /><trkpt lat="38.233079" lon="-107.993535" /><trkpt lat="38.229822" lon="-107.992738" /><trkpt lat="38.227649" lon="-107.993484" /><trkpt lat="38.223859" lon="-107.996097" /><trkpt lat="38.219785" lon="-107.997573" /><trkpt lat="38.216243" lon="-107.998361" /><trkpt lat="38.2139" lon="-108.000793" /><trkpt lat="38.210915" lon="-108.003992" /><trkpt lat="38.209168" lon="-108.003935" /><trkpt lat="38.208963" lon="-108.001881" /><trkpt lat="38.206741" lon="-108.001667" /><trkpt lat="38.2051" lon="-108.003212" /><trkpt lat="38.197502" lon="-108.002559" /><trkpt lat="38.190857" lon="-108.002852" /><trkpt lat="38.189329" lon="-107.998284" /><trkpt lat="38.174234" lon="-107.99312" /><trkpt lat="38.151932" lon="-107.984448" /><trkpt lat="38.137881" lon="-107.984031" /><trkpt lat="38.119939" lon="-107.960915" /><trkpt lat="38.116483" lon="-107.960915" /><trkpt lat="38.111981" lon="-107.957723" /><trkpt lat="38.107048" lon="-107.958292" /><trkpt lat="38.103936" lon="-107.958008" /><trkpt lat="38.103328" lon="-107.959995" /><trkpt lat="38.102541" lon="-107.96299" /><trkpt lat="38.100507" lon="-107.967702" /><trkpt lat="38.097988" lon="-107.974974" /><trkpt lat="38.098055" lon="-107.98253" /><trkpt lat="38.096171" lon="-107.986792" /><trkpt lat="38.095298" lon="-107.991249" /><trkpt lat="38.090972" lon="-107.996862" /><trkpt lat="38.089018" lon="-108.001076" /><trkpt lat="38.086094" lon="-108.004831" /><trkpt lat="38.083928" lon="-108.007945" /><trkpt lat="38.080234" lon="-108.011861" /><trkpt lat="38.077105" lon="-108.015998" /><trkpt lat="38.074559" lon="-108.017913" /><trkpt lat="38.071983" lon="-108.022417" /><trkpt lat="38.067675" lon="-108.025741" /><trkpt lat="38.062443" lon="-108.027087" /><trkpt lat="38.060048" lon="-108.027933" /><trkpt lat="38.058239" lon="-108.029097" /><trkpt lat="38.056413" lon="-108.03052" /><trkpt lat="38.054956" lon="-108.031415" /><trkpt lat="38.052613" lon="-108.032893" /><trkpt lat="38.048894" lon="-108.034564" /><trkpt lat="38.044789" lon="-108.036765" /><trkpt lat="38.041005" lon="-108.039279" /><trkpt lat="38.038543" lon="-108.040592" /><trkpt lat="38.035727" lon="-108.041833" /><trkpt lat="38.03244" lon="-108.045548" /><trkpt lat="38.02727" lon="-108.049091" /><trkpt lat="38.023379" lon="-108.053726" /><trkpt lat="38.020817" lon="-108.061127" /><trkpt lat="38.019185" lon="-108.059519" /><trkpt lat="38.018582" lon="-108.056248" /><trkpt lat="38.016076" lon="-108.053257" /><trkpt lat="38.010598" lon="-108.047903" /><trkpt lat="38.007711" lon="-108.04453" /><trkpt lat="38.006057" lon="-108.041538" /><trkpt lat="38.002497" lon="-108.037349" /><trkpt lat="37.998374" lon="-108.033927" /><trkpt lat="37.994901" lon="-108.029371" /><trkpt lat="37.994015" lon="-108.024384" /><trkpt lat="37.992983" lon="-108.017387" /><trkpt lat="37.993559" lon="-108.007386" /><trkpt lat="37.994553" lon="-108.000208" /><trkpt lat="37.991544" lon="-107.994034" /><trkpt lat="37.987216" lon="-107.99146" /><trkpt lat="37.981376" lon="-107.988409" /><trkpt lat="37.976656" lon="-107.985572" /><trkpt lat="37.97289" lon="-107.979786" /><trkpt lat="37.967171" lon="-107.970275" /><trkpt lat="37.966197" lon="-107.964451" /><trkpt lat="37.965392" lon="-107.960143" /><trkpt lat="37.964814" lon="-107.954851" /><trkpt lat="37.962753" lon="-107.950144" /><trkpt lat="37.959936" lon="-107.945928" /><trkpt lat="37.957784" lon="-107.942419" /><trkpt lat="37.956372" lon="-107.934243" /><trkpt lat="37.95292" lon="-107.928097" /><trkpt lat="37.948401" lon="-107.921481" /><trkpt lat="37.948055" lon="-107.912857" /><trkpt lat="37.946888" lon="-107.901619" /><trkpt lat="37.947903" lon="-107.8912" /><trkpt lat="37.948097" lon="-107.884582" /><trkpt lat="37.950374" lon="-107.875477" /><trkpt lat="37.950268" lon="-107.871478" /><trkpt lat="37.947928" lon="-107.871702" /><trkpt lat="37.945606" lon="-107.873841" /><trkpt lat="37.945234" lon="-107.879145" /><trkpt lat="37.943576" lon="-107.881713" /><trkpt lat="37.941195" lon="-107.87937" /><trkpt lat="37.933965" lon="-107.879673" /><trkpt lat="37.933561" lon="-107.877175" /><trkpt lat="37.933576" lon="-107.874652" /><trkpt lat="37.937291" lon="-107.870696" /><trkpt lat="37.936756" lon="-107.868014" /><trkpt lat="37.936792" lon="-107.864142" /><trkpt lat="37.933731" lon="-107.861746" /><trkpt lat="37.934082" lon="-107.857179" /><trkpt lat="37.932928" lon="-107.858887" /><trkpt lat="37.931707" lon="-107.859311" /><trkpt lat="37.93107" lon="-107.858464" /><trkpt lat="37.93116" lon="-107.856533" /><trkpt lat="37.93149" lon="-107.858619" /><trkpt lat="37.933241" lon="-107.858714" /><trkpt lat="37.934079" lon="-107.859746" /><trkpt lat="37.936877" lon="-107.864861" /><trkpt lat="37.937461" lon="-107.870371" /><trkpt lat="37.933672" lon="-107.87596" /><trkpt lat="37.924834" lon="-107.882954" /><trkpt lat="37.911949" lon="-107.885838" /><trkpt lat="37.89129" lon="-107.888628" /><trkpt lat="37.881054" lon="-107.887678" /><trkpt lat="37.873734" lon="-107.884091" /><trkpt lat="37.865696" lon="-107.875117" /><trkpt lat="37.860852" lon="-107.869792" /><trkpt lat="37.860819" lon="-107.879453" /><trkpt lat="37.855419" lon="-107.885087" /><trkpt lat="37.845589" lon="-107.882507" /><trkpt lat="37.835883" lon="-107.886619" /><trkpt lat="37.82812" lon="-107.893532" /><trkpt lat="37.813931" lon="-107.903614" /><trkpt lat="37.806734" lon="-107.921418" /><trkpt lat="37.797001" lon="-107.931889" /><trkpt lat="37.791256" lon="-107.942575" /><trkpt lat="37.780502" lon="-107.944665" /><trkpt lat="37.779627" lon="-107.956538" /><trkpt lat="37.772492" lon="-107.973515" /><trkpt lat="37.770097" lon="-107.986935" /><trkpt lat="37.744149" lon="-108.018803" /><trkpt lat="37.733596" lon="-108.02722" /><trkpt lat="37.722075" lon="-108.030969" /><trkpt lat="37.714766" lon="-108.034059" /><trkpt lat="37.703898" lon="-108.032379" /><trkpt lat="37.696999" lon="-108.03084" /><trkpt lat="37.69199" lon="-108.031495" /><trkpt lat="37.685783" lon="-108.033131" /><trkpt lat="37.681356" lon="-108.033754" /><trkpt lat="37.674812" lon="-108.035854" /><trkpt lat="37.664232" lon="-108.036569" /><trkpt lat="37.652131" lon="-108.04609" /><trkpt lat="37.643358" lon="-108.050273" /><trkpt lat="37.637757" lon="-108.060804" /><trkpt lat="37.635327" lon="-108.065537" /><trkpt lat="37.622124" lon="-108.067952" /><trkpt lat="37.618062" lon="-108.079734" /><trkpt lat="37.611987" lon="-108.086402" /><trkpt lat="37.608398" lon="-108.095569" /><trkpt lat="37.602521" lon="-108.10944" /><trkpt lat="37.600131" lon="-108.115829" /><trkpt lat="37.594381" lon="-108.121506" /><trkpt lat="37.592304" lon="-108.128264" /><trkpt lat="37.592206" lon="-108.140952" /><trkpt lat="37.588337" lon="-108.148868" /><trkpt lat="37.587576" lon="-108.156791" /><trkpt lat="37.58512" lon="-108.162673" /><trkpt lat="37.582355" lon="-108.171436" /><trkpt lat="37.576715" lon="-108.181729" /><trkpt lat="37.576419" lon="-108.1891" /><trkpt lat="37.576676" lon="-108.203342" /><trkpt lat="37.578651" lon="-108.214534" /><trkpt lat="37.575756" lon="-108.240065" /><trkpt lat="37.569995" lon="-108.256037" /><trkpt lat="37.567905" lon="-108.268641" /><trkpt lat="37.567455" lon="-108.277329" /><trkpt lat="37.571288" lon="-108.287368" /><trkpt lat="37.580054" lon="-108.295991" /><trkpt lat="37.588824" lon="-108.305494" /><trkpt lat="37.589073" lon="-108.322887" /><trkpt lat="37.590558" lon="-108.34639" /><trkpt lat="37.575599" lon="-108.365343" /><trkpt lat="37.56123" lon="-108.372324" /><trkpt lat="37.546192" lon="-108.379541" /><trkpt lat="37.524607" lon="-108.38488" /><trkpt lat="37.504843" lon="-108.395843" /><trkpt lat="37.485326" lon="-108.422106" /><trkpt lat="37.476782" lon="-108.463045" /><trkpt lat="37.475909" lon="-108.48873" /><trkpt lat="37.473901" lon="-108.499679" /><trkpt lat="37.472366" lon="-108.508428" /><trkpt lat="37.463151" lon="-108.520681" /><trkpt lat="37.457605" lon="-108.509203" /><trkpt lat="37.4509" lon="-108.501232" /><trkpt lat="37.450013" lon="-108.4931" /><trkpt lat="37.446497" lon="-108.486721" /><trkpt lat="37.440067" lon="-108.466634" /><trkpt lat="37.437446" lon="-108.446051" /><trkpt lat="37.428975" lon="-108.415151" /><trkpt lat="37.425589" lon="-108.396868" /><trkpt lat="37.424931" lon="-108.369241" /><trkpt lat="37.404993" lon="-108.36541" /><trkpt lat="37.381845" lon="-108.348824" /><trkpt lat="37.381657" lon="-108.323062" /><trkpt lat="37.378813" lon="-108.310869" /><trkpt lat="37.363352" lon="-108.295663" /><trkpt lat="37.349754" lon="-108.289125" /><trkpt lat="37.347556" lon="-108.280887" /><trkpt lat="37.348317" lon="-108.271299" /><trkpt lat="37.354908" lon="-108.255643" /><trkpt lat="37.359497" lon="-108.246035" /><trkpt lat="37.358448" lon="-108.235016" /><trkpt lat="37.354079" lon="-108.222425" /><trkpt lat="37.348141" lon="-108.213771" /><trkpt lat="37.34123" lon="-108.212841" /><trkpt lat="37.335327" lon="-108.212827" /><trkpt lat="37.33712" lon="-108.203678" /><trkpt lat="37.338433" lon="-108.188086" /><trkpt lat="37.323289" lon="-108.168348" /><trkpt lat="37.323738" lon="-108.156229" /><trkpt lat="37.328317" lon="-108.110148" /><trkpt lat="37.324075" lon="-108.093742" /><trkpt lat="37.318955" lon="-108.082479" /><trkpt lat="37.315069" lon="-108.070792" /><trkpt lat="37.292733" lon="-108.043439" /><trkpt lat="37.286783" lon="-108.039237" /><trkpt lat="37.274369" lon="-108.032349" /><trkpt lat="37.261351" lon="-108.028" /><trkpt lat="37.253497" lon="-108.030133" /><trkpt lat="37.243632" lon="-108.037578" /><trkpt lat="37.224644" lon="-108.057023" /><trkpt lat="37.208048" lon="-108.075391" /><trkpt lat="37.19644" lon="-108.077721" /><trkpt lat="37.183275" lon="-108.085321" /><trkpt lat="37.149509" lon="-108.119237" /><trkpt lat="37.098523" lon="-108.169647" /><trkpt lat="37.082359" lon="-108.173736" /><trkpt lat="37.053694" lon="-108.181212" /><trkpt lat="37.043364" lon="-108.18271" /><trkpt lat="37.01884" lon="-108.182939" /><trkpt lat="36.999972" lon="-108.186623" /><trkpt lat="36.993305" lon="-108.18618" /><trkpt lat="36.975133" lon="-108.189159" /><trkpt lat="36.9621" lon="-108.193263" /><trkpt lat="36.954979" lon="-108.193821" /><trkpt lat="36.943539" lon="-108.19195" /><trkpt lat="36.924647" lon="-108.190747" /><trkpt lat="36.909062" lon="-108.187699" /><trkpt lat="36.888489" lon="-108.191292" /><trkpt lat="36.87128" lon="-108.199051" /><trkpt lat="36.860133" lon="-108.213607" /><trkpt lat="36.847469" lon="-108.226656" /><trkpt lat="36.830688" lon="-108.228253" /><trkpt lat="36.816582" lon="-108.223128" /><trkpt lat="36.803734" lon="-108.219769" /><trkpt lat="36.787795" lon="-108.223172" /><trkpt lat="36.765137" lon="-108.238867" /><trkpt lat="36.760564" lon="-108.241381" /><trkpt lat="36.756589" lon="-108.242628" /><trkpt lat="36.747691" lon="-108.245208" /><trkpt lat="36.742655" lon="-108.248146" /><trkpt lat="36.739582" lon="-108.251391" /><trkpt lat="36.736779" lon="-108.249763" /><trkpt lat="36.733235" lon="-108.244279" /><trkpt lat="36.732207" lon="-108.239802" /><trkpt lat="36.731808" lon="-108.234942" /><trkpt lat="36.731524" lon="-108.229495" /><trkpt lat="36.730638" lon="-108.226034" /><trkpt lat="36.728532" lon="-108.22176" /><trkpt lat="36.728024" lon="-108.217121" /><trkpt lat="36.72807" lon="-108.211492" /><trkpt lat="36.728075" lon="-108.205535" /><trkpt lat="36.729145" lon="-108.20547" /><trkpt lat="36.728075" lon="-108.205535" /><trkpt lat="36.728206" lon="-108.198979" /><trkpt lat="36.728356" lon="-108.196564" /><trkpt lat="36.728319" lon="-108.192944" /><trkpt lat="36.727796" lon="-108.19169" /><trkpt lat="36.722684" lon="-108.186782" /><trkpt lat="36.720212" lon="-108.184044" /><trkpt lat="36.719231" lon="-108.178021" /><trkpt lat="36.719155" lon="-108.168846" /><trkpt lat="36.719104" lon="-108.163756" /><trkpt lat="36.718596" lon="-108.157693" /><trkpt lat="36.711743" lon="-108.142254" /><trkpt lat="36.709851" lon="-108.135675" /><trkpt lat="36.706802" lon="-108.122103" /><trkpt lat="36.70473" lon="-108.109853" /><trkpt lat="36.70269" lon="-108.097807" /><trkpt lat="36.699485" lon="-108.09572" /><trkpt lat="36.694191" lon="-108.095734" /><trkpt lat="36.689678" lon="-108.095567" /><trkpt lat="36.687615" lon="-108.095703" /><trkpt lat="36.685258" lon="-108.09526" /><trkpt lat="36.678843" lon="-108.085811" /><trkpt lat="36.675585" lon="-108.076664" /><trkpt lat="36.675552" lon="-108.057116" /><trkpt lat="36.675515" lon="-108.04127" /><trkpt lat="36.674288" lon="-108.025816" /><trkpt lat="36.67854" lon="-108.015819" /><trkpt lat="36.668683" lon="-107.996827" /><trkpt lat="36.652571" lon="-107.99874" /><trkpt lat="36.63798" lon="-108.010918" /><trkpt lat="36.625313" lon="-108.016195" /><trkpt lat="36.604568" lon="-108.013387" /><trkpt lat="36.580994" lon="-107.997315" /><trkpt lat="36.551601" lon="-107.976639" /><trkpt lat="36.521466" lon="-107.951078" /><trkpt lat="36.493023" lon="-107.927345" /><trkpt lat="36.46733" lon="-107.905906" /><trkpt lat="36.435653" lon="-107.879474" /><trkpt lat="36.414509" lon="-107.861872" /><trkpt lat="36.39289" lon="-107.845954" /><trkpt lat="36.374108" lon="-107.834259" /><trkpt lat="36.355828" lon="-107.804913" /><trkpt lat="36.338329" lon="-107.790214" /><trkpt lat="36.31681" lon="-107.779565" /><trkpt lat="36.306417" lon="-107.768048" /><trkpt lat="36.286886" lon="-107.750682" /><trkpt lat="36.269796" lon="-107.741809" /><trkpt lat="36.256114" lon="-107.739665" /><trkpt lat="36.247756" lon="-107.734834" /><trkpt lat="36.239686" lon="-107.715045" /><trkpt lat="36.248115" lon="-107.685668" /><trkpt lat="36.249957" lon="-107.664753" /><trkpt lat="36.256368" lon="-107.654517" /><trkpt lat="36.261785" lon="-107.636165" /><trkpt lat="36.256483" lon="-107.624353" /><trkpt lat="36.252876" lon="-107.61316" /><trkpt lat="36.246321" lon="-107.602792" /><trkpt lat="36.240035" lon="-107.591955" /><trkpt lat="36.231861" lon="-107.57658" /><trkpt lat="36.233475" lon="-107.566396" /><trkpt lat="36.230008" lon="-107.546496" /><trkpt lat="36.226042" lon="-107.524693" /><trkpt lat="36.226598" lon="-107.503768" /><trkpt lat="36.21307" lon="-107.466428" /><trkpt lat="36.204887" lon="-107.448128" /><trkpt lat="36.198575" lon="-107.418841" /><trkpt lat="36.193226" lon="-107.389126" /><trkpt lat="36.180097" lon="-107.354174" /><trkpt lat="36.182518" lon="-107.341529" /><trkpt lat="36.166292" lon="-107.311361" /><trkpt lat="36.145897" lon="-107.262657" /><trkpt lat="36.127451" lon="-107.20203" /><trkpt lat="36.113601" lon="-107.18127" /><trkpt lat="36.085032" lon="-107.151413" /><trkpt lat="36.071552" lon="-107.122379" /><trkpt lat="36.071598" lon="-107.04699" /><trkpt lat="36.07144" lon="-106.995677" /><trkpt lat="36.067065" lon="-106.985709" /><trkpt lat="36.049798" lon="-106.967556" /><trkpt lat="36.041298" lon="-106.968798" /><trkpt lat="36.030409" lon="-106.963704" /><trkpt lat="36.023552" lon="-106.958248" /><trkpt lat="36.017544" lon="-106.961176" /><trkpt lat="36.01089" lon="-106.969136" /><trkpt lat="36.004217" lon="-106.975278" /><trkpt lat="35.992277" lon="-106.980653" /><trkpt lat="35.979775" lon="-106.985365" /><trkpt lat="35.965624" lon="-106.990994" /><trkpt lat="35.950354" lon="-106.988624" /><trkpt lat="35.937053" lon="-106.982046" /><trkpt lat="35.9213" lon="-106.985604" /><trkpt lat="35.900704" lon="-106.973498" /><trkpt lat="35.893258" lon="-106.975491" /><trkpt lat="35.885503" lon="-106.97305" /><trkpt lat="35.864811" lon="-106.970867" /><trkpt lat="35.846899" lon="-106.966444" /><trkpt lat="35.827985" lon="-106.968776" /><trkpt lat="35.812967" lon="-106.965749" /><trkpt lat="35.785576" lon="-106.947776" /><trkpt lat="35.758684" lon="-106.936139" /><trkpt lat="35.749471" lon="-106.940271" /><trkpt lat="35.731866" lon="-106.942745" /><trkpt lat="35.703587" lon="-106.936699" /><trkpt lat="35.674813" lon="-106.919752" /><trkpt lat="35.667193" lon="-106.905265" /><trkpt lat="35.663666" lon="-106.892385" /><trkpt lat="35.650967" lon="-106.89041" /><trkpt lat="35.63466" lon="-106.890639" /><trkpt lat="35.624331" lon="-106.894722" /><trkpt lat="35.607941" lon="-106.891648" /><trkpt lat="35.588109" lon="-106.884855" /><trkpt lat="35.568693" lon="-106.861232" /><trkpt lat="35.562164" lon="-106.861625" /><trkpt lat="35.555815" lon="-106.85681" /><trkpt lat="35.545312" lon="-106.844826" /><trkpt lat="35.541786" lon="-106.836067" /><trkpt lat="35.551135" lon="-106.82125" /><trkpt lat="35.554377" lon="-106.807084" /><trkpt lat="35.557239" lon="-106.78551" /><trkpt lat="35.555243" lon="-106.7797" /><trkpt lat="35.548336" lon="-106.778705" /><trkpt lat="35.541758" lon="-106.785106" /><trkpt lat="35.523417" lon="-106.779453" /><trkpt lat="35.516592" lon="-106.76794" /><trkpt lat="35.499723" lon="-106.738532" /><trkpt lat="35.490767" lon="-106.718382" /><trkpt lat="35.48092" lon="-106.699879" /><trkpt lat="35.451903" lon="-106.67274" /><trkpt lat="35.425655" lon="-106.649679" /><trkpt lat="35.413955" lon="-106.641004" /><trkpt lat="35.401096" lon="-106.639443" /><trkpt lat="35.383446" lon="-106.637957" /><trkpt lat="35.366323" lon="-106.631725" /><trkpt lat="35.351017" lon="-106.605543" /><trkpt lat="35.337864" lon="-106.582754" /><trkpt lat="35.33133" lon="-106.572904" /><trkpt lat="35.327256" lon="-106.567161" /><trkpt lat="35.323822" lon="-106.562437" /><trkpt lat="35.321835" lon="-106.556399" /><trkpt lat="35.319984" lon="-106.54967" /><trkpt lat="35.3187" lon="-106.545363" /><trkpt lat="35.317952" lon="-106.543334" /><trkpt lat="35.316923" lon="-106.5389" /><trkpt lat="35.316268" lon="-106.534949" /><trkpt lat="35.316004" lon="-106.534599" /><trkpt lat="35.315638" lon="-106.534475" /><trkpt lat="35.306005" lon="-106.535935" /><trkpt lat="35.290477" lon="-106.54662" /><trkpt lat="35.270842" lon="-106.55772" /><trkpt lat="35.257885" lon="-106.564996" /><trkpt lat="35.215305" lon="-106.574652" /><trkpt lat="35.194562" lon="-106.579333" /><trkpt lat="35.178992" lon="-106.582964" /><trkpt lat="35.175905" lon="-106.584022" /><trkpt lat="35.173958" lon="-106.58522" /><trkpt lat="35.170672" lon="-106.585119" /><trkpt lat="35.170357" lon="-106.586479" /><trkpt lat="35.172051" lon="-106.587091" /><trkpt lat="35.173083" lon="-106.588924" /><trkpt lat="35.173186" lon="-106.589795" /><trkpt lat="35.173157" lon="-106.591586" /><trkpt lat="35.172803" lon="-106.592282" /><trkpt lat="35.172915" lon="-106.593132" /><trkpt lat="35.174045" lon="-106.59333" /><trkpt lat="35.174266" lon="-106.591097" /><trkpt lat="35.174293" lon="-106.587564" /><trkpt lat="35.174031" lon="-106.585484" /><trkpt lat="35.173687" lon="-106.584974" /><trkpt lat="35.17287" lon="-106.584603" /><trkpt lat="35.170035" lon="-106.585085" /><trkpt lat="35.163498" lon="-106.58647" /><trkpt lat="35.160446" lon="-106.587147" /><trkpt lat="35.153109" lon="-106.588827" /><trkpt lat="35.14907" lon="-106.589715" /><trkpt lat="35.145588" lon="-106.590804" /><trkpt lat="35.141871" lon="-106.594996" /><trkpt lat="35.135838" lon="-106.604894" /><trkpt lat="35.132408" lon="-106.610499" /><trkpt lat="35.128752" lon="-106.616486" /><trkpt lat="35.127264" lon="-106.61871" /><trkpt lat="35.123956" lon="-106.621898" /><trkpt lat="35.119749" lon="-106.624089" /><trkpt lat="35.108867" lon="-106.628289" /><trkpt lat="35.106166" lon="-106.630499" /><trkpt lat="35.105261" lon="-106.630844" /><trkpt lat="35.104434" lon="-106.630599" /><trkpt lat="35.10377" lon="-106.629753" /><trkpt lat="35.103597" lon="-106.628761" /><trkpt lat="35.10391" lon="-106.627671" /><trkpt lat="35.105144" lon="-106.625857" /><trkpt lat="35.106394" lon="-106.621878" /><trkpt lat="35.107221" lon="-106.618724" /><trkpt lat="35.107175" lon="-106.614285" /><trkpt lat="35.105833" lon="-106.608114" /><trkpt lat="35.104224" lon="-106.600719" /><trkpt lat="35.103608" lon="-106.586519" /><trkpt lat="35.103289" lon="-106.583948" /><trkpt lat="35.100689" lon="-106.577243" /><trkpt lat="35.097046" lon="-106.568105" /><trkpt lat="35.091342" lon="-106.554051" /><trkpt lat="35.085895" lon="-106.540193" /><trkpt lat="35.082537" lon="-106.531363" /><trkpt lat="35.075758" lon="-106.513605" /><trkpt lat="35.069291" lon="-106.496546" /><trkpt lat="35.064708" lon="-106.485146" /><trkpt lat="35.063108" lon="-106.481794" /><trkpt lat="35.062754" lon="-106.476161" /><trkpt lat="35.063097" lon="-106.471287" /><trkpt lat="35.062914" lon="-106.46843" /><trkpt lat="35.061733" lon="-106.464279" /><trkpt lat="35.060914" lon="-106.461277" /><trkpt lat="35.060883" lon="-106.45813" /><trkpt lat="35.061154" lon="-106.453752" /><trkpt lat="35.061488" lon="-106.446935" /><trkpt lat="35.061866" lon="-106.444387" /><trkpt lat="35.063252" lon="-106.439757" /><trkpt lat="35.063929" lon="-106.436912" /><trkpt lat="35.064763" lon="-106.430462" /><trkpt lat="35.065134" lon="-106.426679" /><trkpt lat="35.065598" lon="-106.424979" /><trkpt lat="35.067087" lon="-106.422419" /><trkpt lat="35.070695" lon="-106.41823" /><trkpt lat="35.07766" lon="-106.410117" /><trkpt lat="35.07962" lon="-106.407817" /><trkpt lat="35.080672" lon="-106.405342" /><trkpt lat="35.080805" lon="-106.40235" /><trkpt lat="35.08046" lon="-106.398301" /><trkpt lat="35.080601" lon="-106.390549" /><trkpt lat="35.081466" lon="-106.386826" /><trkpt lat="35.083056" lon="-106.384004" /><trkpt lat="35.084569" lon="-106.381867" /><trkpt lat="35.087056" lon="-106.378398" /><trkpt lat="35.088787" lon="-106.3767" /><trkpt lat="35.090295" lon="-106.375266" /><trkpt lat="35.091966" lon="-106.372691" /><trkpt lat="35.09362" lon="-106.371356" /><trkpt lat="35.0968" lon="-106.369875" /><trkpt lat="35.098474" lon="-106.368029" /><trkpt lat="35.099233" lon="-106.365988" /><trkpt lat="35.099701" lon="-106.363155" /><trkpt lat="35.101168" lon="-106.354096" /><trkpt lat="35.10183" lon="-106.3507" /><trkpt lat="35.103163" lon="-106.347253" /><trkpt lat="35.105934" lon="-106.341777" /><trkpt lat="35.108127" lon="-106.338434" /><trkpt lat="35.110952" lon="-106.334805" /><trkpt lat="35.114124" lon="-106.33009" /><trkpt lat="35.115132" lon="-106.327537" /><trkpt lat="35.115163" lon="-106.324487" /><trkpt lat="35.11469" lon="-106.319811" /><trkpt lat="35.113964" lon="-106.318004" /><trkpt lat="35.11233" lon="-106.314905" /><trkpt lat="35.110714" lon="-106.310039" /><trkpt lat="35.109877" lon="-106.307587" /><trkpt lat="35.108035" lon="-106.304683" /><trkpt lat="35.10631" lon="-106.30265" /><trkpt lat="35.104339" lon="-106.299464" /><trkpt lat="35.103734" lon="-106.297413" /><trkpt lat="35.102356" lon="-106.29184" /><trkpt lat="35.101988" lon="-106.28839" /><trkpt lat="35.101415" lon="-106.285431" /><trkpt lat="35.099989" lon="-106.28185" /><trkpt lat="35.09757" lon="-106.277035" /><trkpt lat="35.094983" lon="-106.271143" /><trkpt lat="35.09088" lon="-106.261057" /><trkpt lat="35.089022" lon="-106.256439" /><trkpt lat="35.085606" lon="-106.247945" /><trkpt lat="35.077812" lon="-106.228766" /><trkpt lat="35.064489" lon="-106.193785" /><trkpt lat="35.061592" lon="-106.185948" /><trkpt lat="35.043283" lon="-106.139483" /><trkpt lat="35.019215" lon="-106.084039" /><trkpt lat="35.009823" lon="-106.057019" /><trkpt lat="35.00789" lon="-106.041629" /><trkpt lat="35.007002" lon="-106.02602" /><trkpt lat="35.006567" lon="-106.023253" /><trkpt lat="35.004701" lon="-106.014861" /><trkpt lat="35.004498" lon="-106.002828" /><trkpt lat="35.004796" lon="-105.938247" /><trkpt lat="35.006659" lon="-105.923286" /><trkpt lat="35.005162" lon="-105.864947" /><trkpt lat="35.004957" lon="-105.820473" /><trkpt lat="35.004241" lon="-105.743428" /><trkpt lat="35.00967" lon="-105.710228" /><trkpt lat="35.008891" lon="-105.675793" /><trkpt lat="35.008077" lon="-105.660782" /><trkpt lat="35.003743" lon="-105.587619" /><trkpt lat="35.001944" lon="-105.552334" /><trkpt lat="35.004566" lon="-105.544669" /><trkpt lat="35.006218" lon="-105.530241" /><trkpt lat="35.004411" lon="-105.494218" /><trkpt lat="34.999491" lon="-105.461886" /><trkpt lat="34.99855" lon="-105.442774" /><trkpt lat="34.997479" lon="-105.420365" /><trkpt lat="34.995701" lon="-105.383123" /><trkpt lat="34.992508" lon="-105.317355" /><trkpt lat="34.988409" lon="-105.23362" /><trkpt lat="34.982988" lon="-105.123139" /><trkpt lat="34.980794" lon="-105.078733" /><trkpt lat="34.976522" lon="-104.994906" /><trkpt lat="34.973078" lon="-104.927792" /><trkpt lat="34.970032" lon="-104.868686" /><trkpt lat="34.968819" lon="-104.795132" /><trkpt lat="34.9687" lon="-104.787423" /><trkpt lat="34.967095" lon="-104.779145" /><trkpt lat="34.96658" lon="-104.771054" /><trkpt lat="34.965222" lon="-104.754261" /><trkpt lat="34.963444" lon="-104.74118" /><trkpt lat="34.958144" lon="-104.729531" /><trkpt lat="34.946197" lon="-104.708507" /><trkpt lat="34.942993" lon="-104.703155" /><trkpt lat="34.939449" lon="-104.697028" /><trkpt lat="34.938443" lon="-104.695331" /><trkpt lat="34.938209" lon="-104.693935" /><trkpt lat="34.938398" lon="-104.692711" /><trkpt lat="34.939806" lon="-104.690379" /><trkpt lat="34.939489" lon="-104.68635" /><trkpt lat="34.93869" lon="-104.682509" /><trkpt lat="34.944147" lon="-104.677507" /><trkpt lat="34.944441" lon="-104.673926" /><trkpt lat="34.942814" lon="-104.672789" /><trkpt lat="34.943326" lon="-104.668918" /><trkpt lat="34.946895" lon="-104.645097" /><trkpt lat="34.955961" lon="-104.622144" /><trkpt lat="34.995049" lon="-104.540485" /><trkpt lat="35.010171" lon="-104.502211" /><trkpt lat="35.011213" lon="-104.465797" /><trkpt lat="35.017791" lon="-104.439436" /><trkpt lat="35.034341" lon="-104.402053" /><trkpt lat="35.046426" lon="-104.378574" /><trkpt lat="35.047928" lon="-104.371816" /><trkpt lat="35.052531" lon="-104.33491" /><trkpt lat="35.061967" lon="-104.299725" /><trkpt lat="35.065539" lon="-104.267198" /><trkpt lat="35.069833" lon="-104.226118" /><trkpt lat="35.066191" lon="-104.185341" /><trkpt lat="35.071279" lon="-104.15926" /><trkpt lat="35.088956" lon="-104.087978" /><trkpt lat="35.093138" lon="-104.070521" /><trkpt lat="35.0987" lon="-104.051688" /><trkpt lat="35.112376" lon="-104.001739" /><trkpt lat="35.124407" lon="-103.957171" /><trkpt lat="35.125809" lon="-103.947655" /><trkpt lat="35.121918" lon="-103.915186" /><trkpt lat="35.116179" lon="-103.87551" /><trkpt lat="35.116789" lon="-103.868582" /><trkpt lat="35.121746" lon="-103.859093" /><trkpt lat="35.139985" lon="-103.825487" /><trkpt lat="35.14467" lon="-103.808214" /><trkpt lat="35.147434" lon="-103.794837" /><trkpt lat="35.149" lon="-103.782695" /><trkpt lat="35.149606" lon="-103.780158" /><trkpt lat="35.150476" lon="-103.77777" /><trkpt lat="35.155497" lon="-103.767921" /><trkpt lat="35.156363" lon="-103.765485" /><trkpt lat="35.15665" lon="-103.763058" /><trkpt lat="35.156479" lon="-103.76103" /><trkpt lat="35.153587" lon="-103.751461" /><trkpt lat="35.151789" lon="-103.744783" /><trkpt lat="35.151491" lon="-103.739095" /><trkpt lat="35.151376" lon="-103.716661" /><trkpt lat="35.151845" lon="-103.712792" /><trkpt lat="35.153094" lon="-103.708755" /><trkpt lat="35.158865" lon="-103.696317" /><trkpt lat="35.164811" lon="-103.684091" /><trkpt lat="35.169698" lon="-103.67661" /><trkpt lat="35.171245" lon="-103.672801" /><trkpt lat="35.17203" lon="-103.668859" /><trkpt lat="35.172325" lon="-103.628237" /><trkpt lat="35.172585" lon="-103.577917" /><trkpt lat="35.173167" lon="-103.522664" /><trkpt lat="35.172522" lon="-103.485546" /><trkpt lat="35.166727" lon="-103.474474" /><trkpt lat="35.146661" lon="-103.44253" /><trkpt lat="35.133975" lon="-103.411458" /><trkpt lat="35.122392" lon="-103.38318" /><trkpt lat="35.112578" lon="-103.358911" /><trkpt lat="35.111791" lon="-103.355044" /><trkpt lat="35.111904" lon="-103.334681" /><trkpt lat="35.112339" lon="-103.306526" /><trkpt lat="35.114081" lon="-103.277532" /><trkpt lat="35.123103" lon="-103.246347" /><trkpt lat="35.129895" lon="-103.230195" /><trkpt lat="35.145821" lon="-103.184507" /><trkpt lat="35.162136" lon="-103.13691" /><trkpt lat="35.170811" lon="-103.108917" /><trkpt lat="35.181171" lon="-103.075562" /><trkpt lat="35.183156" lon="-103.061549" /><trkpt lat="35.182203" lon="-103.037629" /><trkpt lat="35.181745" lon="-103.033876" /><trkpt lat="35.180876" lon="-103.026756" /><trkpt lat="35.180955" lon="-103.023707" /><trkpt lat="35.185165" lon="-102.987545" /><trkpt lat="35.18578" lon="-102.984477" /><trkpt lat="35.194268" lon="-102.96018" /><trkpt lat="35.201177" lon="-102.940886" /><trkpt lat="35.21162" lon="-102.917801" /><trkpt lat="35.224108" lon="-102.875336" /><trkpt lat="35.233275" lon="-102.847536" /><trkpt lat="35.244001" lon="-102.817673" /><trkpt lat="35.244527" lon="-102.815486" /><trkpt lat="35.245816" lon="-102.801265" /><trkpt lat="35.248431" lon="-102.791457" /><trkpt lat="35.249604" lon="-102.786846" /><trkpt lat="35.251429" lon="-102.775406" /><trkpt lat="35.252544" lon="-102.77228" /><trkpt lat="35.258154" lon="-102.759721" /><trkpt lat="35.267353" lon="-102.733663" /><trkpt lat="35.268461" lon="-102.729754" /><trkpt lat="35.269242" lon="-102.725514" /><trkpt lat="35.269618" lon="-102.72136" /><trkpt lat="35.270635" lon="-102.684296" /><trkpt lat="35.270244" lon="-102.6809" /><trkpt lat="35.269484" lon="-102.676203" /><trkpt lat="35.26971" lon="-102.664111" /><trkpt lat="35.270058" lon="-102.654118" /><trkpt lat="35.270496" lon="-102.651404" /><trkpt lat="35.271476" lon="-102.64734" /><trkpt lat="35.271835" lon="-102.643892" /><trkpt lat="35.273471" lon="-102.586678" /><trkpt lat="35.273349" lon="-102.583408" /><trkpt lat="35.273002" lon="-102.580215" /><trkpt lat="35.270054" lon="-102.56438" /><trkpt lat="35.269258" lon="-102.561593" /><trkpt lat="35.268566" lon="-102.558857" /><trkpt lat="35.267577" lon="-102.551327" /><trkpt lat="35.259107" lon="-102.506446" /><trkpt lat="35.257456" lon="-102.499506" /><trkpt lat="35.25345" lon="-102.476465" /><trkpt lat="35.249024" lon="-102.453521" /><trkpt lat="35.248107" lon="-102.45098" /><trkpt lat="35.243648" lon="-102.442589" /><trkpt lat="35.238618" lon="-102.433175" /><trkpt lat="35.236281" lon="-102.424487" /><trkpt lat="35.237706" lon="-102.411442" /><trkpt lat="35.238843" lon="-102.403905" /><trkpt lat="35.238859" lon="-102.400152" /><trkpt lat="35.237006" lon="-102.389629" /><trkpt lat="35.233964" lon="-102.373364" /><trkpt lat="35.229386" lon="-102.348997" /><trkpt lat="35.223669" lon="-102.318594" /><trkpt lat="35.214109" lon="-102.267735" /><trkpt lat="35.210433" lon="-102.247846" /><trkpt lat="35.209866" lon="-102.225197" /><trkpt lat="35.209362" lon="-102.213145" /><trkpt lat="35.208991" lon="-102.195574" /><trkpt lat="35.208824" lon="-102.174441" /><trkpt lat="35.207128" lon="-102.161276" /><trkpt lat="35.201" lon="-102.135897" /><trkpt lat="35.195854" lon="-102.114609" /><trkpt lat="35.192166" lon="-102.10002" /><trkpt lat="35.191224" lon="-102.064302" /><trkpt lat="35.190752" lon="-102.044852" /><trkpt lat="35.189939" lon="-102.009877" /><trkpt lat="35.188784" lon="-101.978498" /><trkpt lat="35.187156" lon="-101.973691" /><trkpt lat="35.187318" lon="-101.967662" /><trkpt lat="35.187498" lon="-101.958506" /><trkpt lat="35.187074" lon="-101.942485" /><trkpt lat="35.186662" lon="-101.924797" /><trkpt lat="35.186615" lon="-101.917874" /><trkpt lat="35.188416" lon="-101.910517" /><trkpt lat="35.190255" lon="-101.903495" /><trkpt lat="35.191072" lon="-101.894153" /><trkpt lat="35.191383" lon="-101.883112" /><trkpt lat="35.191914" lon="-101.874839" /><trkpt lat="35.19476" lon="-101.869562" /><trkpt lat="35.195189" lon="-101.862829" /><trkpt lat="35.195074" lon="-101.85381" /><trkpt lat="35.193226" lon="-101.839555" /><trkpt lat="35.192317" lon="-101.827287" /><trkpt lat="35.192139" lon="-101.8201" /><trkpt lat="35.192502" lon="-101.817584" /><trkpt lat="35.192858" lon="-101.820589" /><trkpt lat="35.192865" lon="-101.82702" /><trkpt lat="35.19239" lon="-101.830005" /><trkpt lat="35.191996" lon="-101.828589" /><trkpt lat="35.192026" lon="-101.821414" /><trkpt lat="35.192334" lon="-101.817285" /><trkpt lat="35.19273" lon="-101.811963" /><trkpt lat="35.193247" lon="-101.801966" /><trkpt lat="35.192478" lon="-101.791027" /><trkpt lat="35.192608" lon="-101.768848" /><trkpt lat="35.192641" lon="-101.742752" /><trkpt lat="35.192695" lon="-101.731253" /><trkpt lat="35.192586" lon="-101.709435" /><trkpt lat="35.192567" lon="-101.69672" /><trkpt lat="35.192195" lon="-101.682108" /><trkpt lat="35.188368" lon="-101.653783" /><trkpt lat="35.183586" lon="-101.618388" /><trkpt lat="35.180057" lon="-101.592214" /><trkpt lat="35.176864" lon="-101.575146" /><trkpt lat="35.169789" lon="-101.549758" /><trkpt lat="35.161747" lon="-101.521949" /><trkpt lat="35.154405" lon="-101.496528" /><trkpt lat="35.13931" lon="-101.444572" /><trkpt lat="35.131294" lon="-101.417001" /><trkpt lat="35.120448" lon="-101.384321" /><trkpt lat="35.113947" lon="-101.367007" /><trkpt lat="35.111873" lon="-101.363936" /><trkpt lat="35.109333" lon="-101.357554" /><trkpt lat="35.104911" lon="-101.345676" /><trkpt lat="35.100414" lon="-101.332164" /><trkpt lat="35.084884" lon="-101.292114" /><trkpt lat="35.070267" lon="-101.254487" /><trkpt lat="35.043006" lon="-101.223581" /><trkpt lat="35.036718" lon="-101.203968" /><trkpt lat="35.033791" lon="-101.179205" /><trkpt lat="35.03142" lon="-101.115471" /><trkpt lat="35.029869" lon="-101.0931" /><trkpt lat="35.009235" lon="-101.050388" /><trkpt lat="34.9864" lon="-101.003662" /><trkpt lat="34.974095" lon="-100.981635" /><trkpt lat="34.968169" lon="-100.956888" /><trkpt lat="34.95909" lon="-100.928663" /><trkpt lat="34.950429" lon="-100.910564" /><trkpt lat="34.944099" lon="-100.900327" /><trkpt lat="34.941825" lon="-100.895919" /><trkpt lat="34.938076" lon="-100.888207" /><trkpt lat="34.934328" lon="-100.879898" /><trkpt lat="34.928451" lon="-100.867448" /><trkpt lat="34.923656" lon="-100.853083" /><trkpt lat="34.914915" lon="-100.828265" /><trkpt lat="34.912561" lon="-100.812551" /><trkpt lat="34.908508" lon="-100.787895" /><trkpt lat="34.902734" lon="-100.77475" /><trkpt lat="34.899562" lon="-100.768615" /><trkpt lat="34.890455" lon="-100.755079" /><trkpt lat="34.880074" lon="-100.736069" /><trkpt lat="34.8777" lon="-100.722495" /><trkpt lat="34.870604" lon="-100.699701" /><trkpt lat="34.869473" lon="-100.686645" /><trkpt lat="34.868524" lon="-100.66755" /><trkpt lat="34.866099" lon="-100.66114" /><trkpt lat="34.861496" lon="-100.651817" /><trkpt lat="34.845742" lon="-100.640807" /><trkpt lat="34.818649" lon="-100.598609" /><trkpt lat="34.809425" lon="-100.58833" /><trkpt lat="34.792965" lon="-100.580569" /><trkpt lat="34.781313" lon="-100.580293" /><trkpt lat="34.755707" lon="-100.563851" /><trkpt lat="34.742118" lon="-100.550942" /><trkpt lat="34.735001" lon="-100.543979" /><trkpt lat="34.728953" lon="-100.538331" /><trkpt lat="34.723746" lon="-100.533611" /><trkpt lat="34.716609" lon="-100.527412" /><trkpt lat="34.712518" lon="-100.522232" /><trkpt lat="34.710129" lon="-100.517065" /><trkpt lat="34.707597" lon="-100.511574" /><trkpt lat="34.699009" lon="-100.503426" /><trkpt lat="34.683367" lon="-100.489478" /><trkpt lat="34.675136" lon="-100.484765" /><trkpt lat="34.6581" lon="-100.480017" /><trkpt lat="34.641609" lon="-100.477554" /><trkpt lat="34.630443" lon="-100.475877" /><trkpt lat="34.603333" lon="-100.466054" /><trkpt lat="34.598069" lon="-100.463581" /><trkpt lat="34.586344" lon="-100.445301" /><trkpt lat="34.580423" lon="-100.436378" /><trkpt lat="34.577464" lon="-100.435135" /><trkpt lat="34.567036" lon="-100.439867" /><trkpt lat="34.561852" lon="-100.441636" /><trkpt lat="34.555382" lon="-100.439231" /><trkpt lat="34.549314" lon="-100.439192" /><trkpt lat="34.543738" lon="-100.43928" /><trkpt lat="34.541307" lon="-100.438336" /><trkpt lat="34.537184" lon="-100.432721" /><trkpt lat="34.532164" lon="-100.422934" /><trkpt lat="34.526093" lon="-100.410463" /><trkpt lat="34.519958" lon="-100.40231" /><trkpt lat="34.513513" lon="-100.396165" /><trkpt lat="34.505656" lon="-100.382" /><trkpt lat="34.501899" lon="-100.373994" /><trkpt lat="34.500324" lon="-100.362132" /><trkpt lat="34.496579" lon="-100.356394" /><trkpt lat="34.488709" lon="-100.34694" /><trkpt lat="34.483475" lon="-100.340528" /><trkpt lat="34.481563" lon="-100.334683" /><trkpt lat="34.479759" lon="-100.329024" /><trkpt lat="34.472935" lon="-100.316138" /><trkpt lat="34.465109" lon="-100.301358" /><trkpt lat="34.460117" lon="-100.291935" /><trkpt lat="34.455034" lon="-100.28195" /><trkpt lat="34.447013" lon="-100.263733" /><trkpt lat="34.441057" lon="-100.247272" /><trkpt lat="34.437308" lon="-100.234205" /><trkpt lat="34.435815" lon="-100.229596" /><trkpt lat="34.434268" lon="-100.225443" /><trkpt lat="34.43246" lon="-100.220616" /><trkpt lat="34.429914" lon="-100.213796" /><trkpt lat="34.426813" lon="-100.205473" /><trkpt lat="34.423686" lon="-100.197038" /><trkpt lat="34.41816" lon="-100.18236" /><trkpt lat="34.413635" lon="-100.167905" /><trkpt lat="34.401881" lon="-100.133816" /><trkpt lat="34.392278" lon="-100.106116" /><trkpt lat="34.381559" lon="-100.063581" /><trkpt lat="34.375013" lon="-100.033705" /><trkpt lat="34.369738" lon="-100.010261" /><trkpt lat="34.36649" lon="-99.997268" /><trkpt lat="34.358913" lon="-99.976845" /><trkpt lat="34.353453" lon="-99.954757" /><trkpt lat="34.338698" lon="-99.90624" /><trkpt lat="34.33365" lon="-99.884445" /><trkpt lat="34.331459" lon="-99.866337" /><trkpt lat="34.321492" lon="-99.837203" /><trkpt lat="34.316534" lon="-99.825179" /><trkpt lat="34.309925" lon="-99.818279" /><trkpt lat="34.29342" lon="-99.777366" /><trkpt lat="34.292334" lon="-99.755956" /><trkpt lat="34.290501" lon="-99.746048" /><trkpt lat="34.287919" lon="-99.732262" /><trkpt lat="34.284576" lon="-99.70287" /><trkpt lat="34.27429" lon="-99.671044" /><trkpt lat="34.268304" lon="-99.631435" /><trkpt lat="34.254254" lon="-99.565506" /><trkpt lat="34.251097" lon="-99.54677" /><trkpt lat="34.257508" lon="-99.521554" /><trkpt lat="34.256336" lon="-99.514552" /><trkpt lat="34.255453" lon="-99.503965" /><trkpt lat="34.250651" lon="-99.479006" /><trkpt lat="34.240402" lon="-99.451799" /><trkpt lat="34.231124" lon="-99.434504" /><trkpt lat="34.220656" lon="-99.398541" /><trkpt lat="34.21355" lon="-99.383778" /><trkpt lat="34.206514" lon="-99.373071" /><trkpt lat="34.185101" lon="-99.330989" /><trkpt lat="34.180006" lon="-99.323902" /><trkpt lat="34.16773" lon="-99.316514" /><trkpt lat="34.162322" lon="-99.31223" /><trkpt lat="34.160742" lon="-99.308422" /><trkpt lat="34.160615" lon="-99.298076" /><trkpt lat="34.159826" lon="-99.287401" /><trkpt lat="34.158973" lon="-99.284547" /><trkpt lat="34.154465" lon="-99.28446" /><trkpt lat="34.151311" lon="-99.286083" /></trkseg></trk><wpt lat="33.8166258" lon="-98.194682"><name>Henrietta, TX</name><desc>28.0 kWh</desc></wpt><wpt lat="34.2937246" lon="-99.7423674"><name>Quanah, TX</name><desc>51.0 kWh</desc></wpt><wpt lat="35.20729" lon="-101.8371192"><name>Amarillo, TX</name><desc>54.0 kWh</desc></wpt><wpt lat="36.4507836" lon="-103.184797"><name>Clayton, NM</name><desc>36.0 kWh</desc></wpt><wpt lat="37.169397" lon="-104.500541"><name>Trinidad, CO</name><desc>47.0 kWh</desc></wpt><wpt lat="38.8339578" lon="-104.825348"><name>Colorado Springs, CO (Pay to Park, Floor 1)</name><desc>41.0 kWh</desc></wpt><wpt lat="38.8339578" lon="-104.825348"><name>Colorado Springs, CO (Pay to Park, Floor 1)</name><desc>33.0 kWh</desc></wpt><wpt lat="38.5138823" lon="-106.0737176"><name>Poncha Springs, CO</name><desc>35.0 kWh</desc></wpt><wpt lat="39.1911128" lon="-106.82356"><name>Aspen, CO</name><desc>32.0 kWh</desc></wpt><wpt lat="39.446423" lon="-108.0522672"><name>Parachute, CO</name><desc>36.0 kWh</desc></wpt><wpt lat="38.4375391" lon="-108.2403855"><name>Montrose, CO</name><desc>32.0 kWh</desc></wpt><wpt lat="37.9313827" lon="-107.856453"><name>Mountain Village, CO (Floor 1)</name><desc>26.0 kWh</desc></wpt><wpt lat="36.7291152" lon="-108.205445"><name>Farmington, NM</name><desc>41.0 kWh</desc></wpt><wpt lat="35.1730831" lon="-106.5889238"><name>Albuquerque, NM - Lang Avenue Northeast</name><desc>53.0 kWh</desc></wpt><wpt lat="34.93867" lon="-104.682489"><name>Santa Rosa, NM</name><desc>38.0 kWh</desc></wpt><wpt lat="35.1919954" lon="-101.8286328"><name>Amarillo, TX - East Interstate 40</name><desc>59.0 kWh</desc></wpt><wpt lat="34.1513105" lon="-99.2860857"><name>Vernon, TX</name><desc>49.0 kWh</desc></wpt></gpx>