<?xml version='1.0' encoding='utf-8'?>
<gpx version="1.1" creator="Tesla Travel Map" xmlns="http://www.topografix.com/GPX/1/1"><metadata><name>Nov 2024 — Dallas → Seattle (via TX, NM, AZ, UT, ID, OR, WA)</name></metadata><trk><name>Nov 2024 — Dallas → Seattle (via TX, NM, AZ, UT, ID, OR, WA)</name><trkseg><trkpt lat="33.8166258" lon="-98.194682" /><trkpt lat="33.814763" lon="-98.195368" /><trkpt lat="33.8148" lon="-98.200488" /><trkpt lat="33.814782" lon="-98.206126" /><trkpt lat="33.814127" lon="-98.213078" /><trkpt lat="33.814287" lon="-98.21566" /><trkpt lat="33.816025" lon="-98.218821" /><trkpt lat="33.81941" lon="-98.221558" /><trkpt lat="33.824684" lon="-98.234644" /><trkpt lat="33.827727" lon="-98.244503" /><trkpt lat="33.830703" lon="-98.255421" /><trkpt lat="33.833858" lon="-98.265187" /><trkpt lat="33.837419" lon="-98.276634" /><trkpt lat="33.842383" lon="-98.286979" /><trkpt lat="33.850976" lon="-98.305658" /><trkpt lat="33.856204" lon="-98.317183" /><trkpt lat="33.860981" lon="-98.327587" /><trkpt lat="33.867548" lon="-98.342341" /><trkpt lat="33.869236" lon="-98.349318" /><trkpt lat="33.870934" lon="-98.362576" /><trkpt lat="33.875158" lon="-98.382165" /><trkpt lat="33.878455" lon="-98.397322" /><trkpt lat="33.880997" lon="-98.404679" /><trkpt lat="33.880454" lon="-98.412247" /><trkpt lat="33.880523" lon="-98.417511" /><trkpt lat="33.884151" lon="-98.42908" /><trkpt lat="33.885487" lon="-98.434043" /><trkpt lat="33.885604" lon="-98.445791" /><trkpt lat="33.886315" lon="-98.45162" /><trkpt lat="33.885699" lon="-98.45708" /><trkpt lat="33.8864" lon="-98.477844" /><trkpt lat="33.890081" lon="-98.485778" /><trkpt lat="33.894985" lon="-98.490165" /><trkpt lat="33.901344" lon="-98.494156" /><trkpt lat="33.907884" lon="-98.500025" /><trkpt lat="33.910114" lon="-98.502348" /><trkpt lat="33.913572" lon="-98.505359" /><trkpt lat="33.917045" lon="-98.510454" /><trkpt lat="33.920365" lon="-98.511434" /><trkpt lat="33.923917" lon="-98.512387" /><trkpt lat="33.932204" lon="-98.516401" /><trkpt lat="33.938408" lon="-98.519163" /><trkpt lat="33.942242" lon="-98.521157" /><trkpt lat="33.945129" lon="-98.526042" /><trkpt lat="33.946737" lon="-98.534027" /><trkpt lat="33.949128" lon="-98.545231" /><trkpt lat="33.949322" lon="-98.559143" /><trkpt lat="33.952417" lon="-98.580051" /><trkpt lat="33.9555" lon="-98.59969" /><trkpt lat="33.959039" lon="-98.622163" /><trkpt lat="33.963189" lon="-98.648646" /><trkpt lat="33.965823" lon="-98.666392" /><trkpt lat="33.965867" lon="-98.686087" /><trkpt lat="33.965881" lon="-98.709827" /><trkpt lat="33.967122" lon="-98.725872" /><trkpt lat="33.97093" lon="-98.73703" /><trkpt lat="33.971258" lon="-98.769962" /><trkpt lat="33.973657" lon="-98.784392" /><trkpt lat="33.988248" lon="-98.819969" /><trkpt lat="33.992571" lon="-98.827447" /><trkpt lat="34.005166" lon="-98.841341" /><trkpt lat="34.038628" lon="-98.899201" /><trkpt lat="34.043882" lon="-98.907676" /><trkpt lat="34.04441" lon="-98.912753" /><trkpt lat="34.044743" lon="-98.946816" /><trkpt lat="34.046482" lon="-98.954153" /><trkpt lat="34.064494" lon="-98.99575" /><trkpt lat="34.073304" lon="-99.01517" /><trkpt lat="34.081271" lon="-99.032183" /><trkpt lat="34.102153" lon="-99.078835" /><trkpt lat="34.119679" lon="-99.117533" /><trkpt lat="34.127908" lon="-99.133503" /><trkpt lat="34.133497" lon="-99.138752" /><trkpt lat="34.134593" lon="-99.143214" /><trkpt lat="34.131066" lon="-99.155563" /><trkpt lat="34.130492" lon="-99.160508" /><trkpt lat="34.133604" lon="-99.166681" /><trkpt lat="34.141609" lon="-99.198508" /><trkpt lat="34.145843" lon="-99.216856" /><trkpt lat="34.151604" lon="-99.241096" /><trkpt lat="34.157469" lon="-99.266318" /><trkpt lat="34.159802" lon="-99.27618" /><trkpt lat="34.159876" lon="-99.284072" /><trkpt lat="34.160336" lon="-99.287672" /><trkpt lat="34.160858" lon="-99.293742" /><trkpt lat="34.160734" lon="-99.307001" /><trkpt lat="34.161474" lon="-99.310213" /><trkpt lat="34.164102" lon="-99.313889" /><trkpt lat="34.169577" lon="-99.317407" /><trkpt lat="34.17534" lon="-99.320954" /><trkpt lat="34.184861" lon="-99.328994" /><trkpt lat="34.188234" lon="-99.339605" /><trkpt lat="34.205928" lon="-99.371386" /><trkpt lat="34.211445" lon="-99.378983" /><trkpt lat="34.21552" lon="-99.388402" /><trkpt lat="34.224267" lon="-99.404882" /><trkpt lat="34.232524" lon="-99.435944" /><trkpt lat="34.242229" lon="-99.454599" /><trkpt lat="34.249368" lon="-99.471744" /><trkpt lat="34.253831" lon="-99.495685" /><trkpt lat="34.255708" lon="-99.505369" /><trkpt lat="34.255945" lon="-99.512429" /><trkpt lat="34.257336" lon="-99.519764" /><trkpt lat="34.257259" lon="-99.523231" /><trkpt lat="34.251319" lon="-99.546938" /><trkpt lat="34.251327" lon="-99.554871" /><trkpt lat="34.265256" lon="-99.610445" /><trkpt lat="34.268474" lon="-99.625591" /><trkpt lat="34.268874" lon="-99.646955" /><trkpt lat="34.276692" lon="-99.677486" /><trkpt lat="34.284819" lon="-99.702814" /><trkpt lat="34.285747" lon="-99.720708" /><trkpt lat="34.288369" lon="-99.734654" /><trkpt lat="34.290106" lon="-99.743927" /><trkpt lat="34.291834" lon="-99.753259" /><trkpt lat="34.292908" lon="-99.759059" /><trkpt lat="34.293526" lon="-99.776368" /><trkpt lat="34.303688" lon="-99.80234" /><trkpt lat="34.312773" lon="-99.821738" /><trkpt lat="34.316695" lon="-99.824913" /><trkpt lat="34.3214" lon="-99.835997" /><trkpt lat="34.329161" lon="-99.858779" /><trkpt lat="34.332301" lon="-99.869284" /><trkpt lat="34.333677" lon="-99.882294" /><trkpt lat="34.33522" lon="-99.891383" /><trkpt lat="34.34177" lon="-99.915678" /><trkpt lat="34.351196" lon="-99.946421" /><trkpt lat="34.357403" lon="-99.969879" /><trkpt lat="34.360921" lon="-99.981412" /><trkpt lat="34.36748" lon="-99.999335" /><trkpt lat="34.369681" lon="-100.00873" /><trkpt lat="34.372761" lon="-100.022429" /><trkpt lat="34.376126" lon="-100.037458" /><trkpt lat="34.385878" lon="-100.081543" /><trkpt lat="34.389078" lon="-100.095947" /><trkpt lat="34.391816" lon="-100.103929" /><trkpt lat="34.393603" lon="-100.109162" /><trkpt lat="34.39681" lon="-100.118249" /><trkpt lat="34.400035" lon="-100.127497" /><trkpt lat="34.40974" lon="-100.155624" /><trkpt lat="34.415897" lon="-100.174278" /><trkpt lat="34.419231" lon="-100.185054" /><trkpt lat="34.422815" lon="-100.194725" /><trkpt lat="34.425883" lon="-100.202993" /><trkpt lat="34.427407" lon="-100.207051" /><trkpt lat="34.429752" lon="-100.213362" /><trkpt lat="34.431897" lon="-100.219115" /><trkpt lat="34.433192" lon="-100.22256" /><trkpt lat="34.4345" lon="-100.22605" /><trkpt lat="34.437802" lon="-100.225784" /><trkpt lat="34.443777" lon="-100.225524" /><trkpt lat="34.45182" lon="-100.224881" /><trkpt lat="34.457407" lon="-100.223465" /><trkpt lat="34.472246" lon="-100.218828" /><trkpt lat="34.479394" lon="-100.214595" /><trkpt lat="34.487287" lon="-100.209537" /><trkpt lat="34.493008" lon="-100.208856" /><trkpt lat="34.50507" lon="-100.208049" /><trkpt lat="34.513012" lon="-100.207548" /><trkpt lat="34.519582" lon="-100.206249" /><trkpt lat="34.526261" lon="-100.204878" /><trkpt lat="34.536684" lon="-100.204425" /><trkpt lat="34.543789" lon="-100.204135" /><trkpt lat="34.550563" lon="-100.202857" /><trkpt lat="34.561483" lon="-100.20045" /><trkpt lat="34.569251" lon="-100.193786" /><trkpt lat="34.5739" lon="-100.190065" /><trkpt lat="34.579531" lon="-100.189165" /><trkpt lat="34.591322" lon="-100.189152" /><trkpt lat="34.603369" lon="-100.189164" /><trkpt lat="34.620929" lon="-100.189137" /><trkpt lat="34.631408" lon="-100.189145" /><trkpt lat="34.641996" lon="-100.189097" /><trkpt lat="34.658649" lon="-100.189003" /><trkpt lat="34.666313" lon="-100.188674" /><trkpt lat="34.671951" lon="-100.188633" /><trkpt lat="34.683803" lon="-100.188514" /><trkpt lat="34.689626" lon="-100.190722" /><trkpt lat="34.693303" lon="-100.196794" /><trkpt lat="34.698504" lon="-100.205309" /><trkpt lat="34.699525" lon="-100.208377" /><trkpt lat="34.701927" lon="-100.213411" /><trkpt lat="34.707457" lon="-100.221895" /><trkpt lat="34.710153" lon="-100.225995" /><trkpt lat="34.715979" lon="-100.234875" /><trkpt lat="34.717821" lon="-100.238365" /><trkpt lat="34.718078" lon="-100.242174" /><trkpt lat="34.718087" lon="-100.251315" /><trkpt lat="34.718081" lon="-100.262515" /><trkpt lat="34.7181" lon="-100.278867" /><trkpt lat="34.718099" lon="-100.28837" /><trkpt lat="34.718112" lon="-100.302283" /><trkpt lat="34.718225" lon="-100.314891" /><trkpt lat="34.719298" lon="-100.321947" /><trkpt lat="34.720445" lon="-100.329519" /><trkpt lat="34.721252" lon="-100.33307" /><trkpt lat="34.724165" lon="-100.339796" /><trkpt lat="34.726051" lon="-100.344364" /><trkpt lat="34.726164" lon="-100.349236" /><trkpt lat="34.725623" lon="-100.361481" /><trkpt lat="34.725242" lon="-100.369223" /><trkpt lat="34.724234" lon="-100.377916" /><trkpt lat="34.724425" lon="-100.386033" /><trkpt lat="34.725601" lon="-100.400575" /><trkpt lat="34.725451" lon="-100.414189" /><trkpt lat="34.725315" lon="-100.419122" /><trkpt lat="34.726544" lon="-100.426424" /><trkpt lat="34.725901" lon="-100.443451" /><trkpt lat="34.725544" lon="-100.456195" /><trkpt lat="34.725405" lon="-100.474721" /><trkpt lat="34.728277" lon="-100.488051" /><trkpt lat="34.72954" lon="-100.49495" /><trkpt lat="34.72964" lon="-100.501967" /><trkpt lat="34.729004" lon="-100.505534" /><trkpt lat="34.725285" lon="-100.517162" /><trkpt lat="34.724569" lon="-100.522894" /><trkpt lat="34.72417" lon="-100.527688" /><trkpt lat="34.72418" lon="-100.533489" /><trkpt lat="34.727389" lon="-100.536867" /><trkpt lat="34.730768" lon="-100.540014" /><trkpt lat="34.735001" lon="-100.543979" /><trkpt lat="34.74036" lon="-100.548908" /><trkpt lat="34.746206" lon="-100.554439" /><trkpt lat="34.757541" lon="-100.564785" /><trkpt lat="34.78157" lon="-100.580045" /><trkpt lat="34.793439" lon="-100.580253" /><trkpt lat="34.805789" lon="-100.585344" /><trkpt lat="34.813039" lon="-100.590971" /><trkpt lat="34.819573" lon="-100.599526" /><trkpt lat="34.836295" lon="-100.625346" /><trkpt lat="34.847717" lon="-100.642543" /><trkpt lat="34.85796" lon="-100.64931" /><trkpt lat="34.862204" lon="-100.652632" /><trkpt lat="34.865736" lon="-100.660304" /><trkpt lat="34.86812" lon="-100.66571" /><trkpt lat="34.868883" lon="-100.669061" /><trkpt lat="34.869858" lon="-100.688395" /><trkpt lat="34.870508" lon="-100.696255" /><trkpt lat="34.871885" lon="-100.703474" /><trkpt lat="34.878174" lon="-100.723418" /><trkpt lat="34.880531" lon="-100.736742" /><trkpt lat="34.887801" lon="-100.74995" /><trkpt lat="34.893639" lon="-100.759972" /><trkpt lat="34.900211" lon="-100.769541" /><trkpt lat="34.902488" lon="-100.774147" /><trkpt lat="34.905383" lon="-100.780517" /><trkpt lat="34.909834" lon="-100.790253" /><trkpt lat="34.911402" lon="-100.800868" /><trkpt lat="34.913956" lon="-100.822553" /><trkpt lat="34.917272" lon="-100.833745" /><trkpt lat="34.926134" lon="-100.858938" /><trkpt lat="34.928611" lon="-100.867239" /><trkpt lat="34.932075" lon="-100.874931" /><trkpt lat="34.936564" lon="-100.884847" /><trkpt lat="34.938289" lon="-100.888683" /><trkpt lat="34.941462" lon="-100.89522" /><trkpt lat="34.942351" lon="-100.896934" /><trkpt lat="34.944924" lon="-100.901077" /><trkpt lat="34.947352" lon="-100.904568" /><trkpt lat="34.952778" lon="-100.914431" /><trkpt lat="34.956585" lon="-100.921971" /><trkpt lat="34.964604" lon="-100.941418" /><trkpt lat="34.968317" lon="-100.956717" /><trkpt lat="34.971594" lon="-100.970923" /><trkpt lat="34.975566" lon="-100.984158" /><trkpt lat="34.987113" lon="-101.004391" /><trkpt lat="35.005665" lon="-101.042527" /><trkpt lat="35.024024" lon="-101.080097" /><trkpt lat="35.026954" lon="-101.086422" /><trkpt lat="35.030758" lon="-101.095312" /><trkpt lat="35.032192" lon="-101.130713" /><trkpt lat="35.033361" lon="-101.162234" /><trkpt lat="35.034972" lon="-101.196837" /><trkpt lat="35.041325" lon="-101.219603" /><trkpt lat="35.046854" lon="-101.227572" /><trkpt lat="35.068087" lon="-101.251404" /><trkpt lat="35.071927" lon="-101.257908" /><trkpt lat="35.088453" lon="-101.300839" /><trkpt lat="35.099957" lon="-101.33053" /><trkpt lat="35.104611" lon="-101.343073" /><trkpt lat="35.105568" lon="-101.347714" /><trkpt lat="35.109113" lon="-101.356971" /><trkpt lat="35.110991" lon="-101.361873" /><trkpt lat="35.112237" lon="-101.364507" /><trkpt lat="35.113947" lon="-101.367007" /><trkpt lat="35.117668" lon="-101.37641" /><trkpt lat="35.123528" lon="-101.391825" /><trkpt lat="35.129484" lon="-101.40998" /><trkpt lat="35.138491" lon="-101.440999" /><trkpt lat="35.145087" lon="-101.463661" /><trkpt lat="35.15041" lon="-101.482023" /><trkpt lat="35.157629" lon="-101.506952" /><trkpt lat="35.164116" lon="-101.529319" /><trkpt lat="35.173161" lon="-101.560582" /><trkpt lat="35.176635" lon="-101.573636" /><trkpt lat="35.178907" lon="-101.582251" /><trkpt lat="35.181778" lon="-101.603576" /><trkpt lat="35.184747" lon="-101.625457" /><trkpt lat="35.187619" lon="-101.646736" /><trkpt lat="35.190676" lon="-101.669384" /><trkpt lat="35.192387" lon="-101.682071" /><trkpt lat="35.193772" lon="-101.691717" /><trkpt lat="35.193887" lon="-101.695145" /><trkpt lat="35.192879" lon="-101.699045" /><trkpt lat="35.192767" lon="-101.710032" /><trkpt lat="35.192894" lon="-101.724619" /><trkpt lat="35.192844" lon="-101.741498" /><trkpt lat="35.192771" lon="-101.756047" /><trkpt lat="35.192677" lon="-101.779134" /><trkpt lat="35.192654" lon="-101.791272" /><trkpt lat="35.193403" lon="-101.797487" /><trkpt lat="35.193457" lon="-101.807421" /><trkpt lat="35.193424" lon="-101.811439" /><trkpt lat="35.193193" lon="-101.814762" /><trkpt lat="35.192895" lon="-101.81852" /><trkpt lat="35.192864" lon="-101.824529" /><trkpt lat="35.192875" lon="-101.829539" /><trkpt lat="35.19223" lon="-101.830049" /><trkpt lat="35.191996" lon="-101.828589" /><trkpt lat="35.192023" lon="-101.825037" /><trkpt lat="35.192067" lon="-101.820833" /><trkpt lat="35.192247" lon="-101.818624" /><trkpt lat="35.19281" lon="-101.817635" /><trkpt lat="35.192853" lon="-101.819103" /><trkpt lat="35.192507" lon="-101.826372" /><trkpt lat="35.19254" lon="-101.833793" /><trkpt lat="35.194352" lon="-101.84663" /><trkpt lat="35.195086" lon="-101.852545" /><trkpt lat="35.195353" lon="-101.858195" /><trkpt lat="35.19533" lon="-101.867104" /><trkpt lat="35.195029" lon="-101.869221" /><trkpt lat="35.193008" lon="-101.873252" /><trkpt lat="35.191735" lon="-101.87593" /><trkpt lat="35.191537" lon="-101.8802" /><trkpt lat="35.191589" lon="-101.889467" /><trkpt lat="35.191236" lon="-101.894235" /><trkpt lat="35.190243" lon="-101.904823" /><trkpt lat="35.188452" lon="-101.9109" /><trkpt lat="35.187039" lon="-101.915849" /><trkpt lat="35.186721" lon="-101.920838" /><trkpt lat="35.186969" lon="-101.931243" /><trkpt lat="35.187236" lon="-101.939845" /><trkpt lat="35.187538" lon="-101.952922" /><trkpt lat="35.187792" lon="-101.963977" /><trkpt lat="35.187178" lon="-101.971152" /><trkpt lat="35.187481" lon="-101.974479" /><trkpt lat="35.189185" lon="-101.979377" /><trkpt lat="35.189946" lon="-102.003713" /><trkpt lat="35.190619" lon="-102.031559" /><trkpt lat="35.191119" lon="-102.052864" /><trkpt lat="35.19145" lon="-102.066168" /><trkpt lat="35.192097" lon="-102.094458" /><trkpt lat="35.192469" lon="-102.10066" /><trkpt lat="35.194068" lon="-102.106277" /><trkpt lat="35.196219" lon="-102.115232" /><trkpt lat="35.19953" lon="-102.128921" /><trkpt lat="35.203887" lon="-102.147245" /><trkpt lat="35.207064" lon="-102.160174" /><trkpt lat="35.208697" lon="-102.167496" /><trkpt lat="35.209201" lon="-102.181752" /><trkpt lat="35.209385" lon="-102.192531" /><trkpt lat="35.209263" lon="-102.198894" /><trkpt lat="35.209602" lon="-102.213471" /><trkpt lat="35.209884" lon="-102.216764" /><trkpt lat="35.210276" lon="-102.23406" /><trkpt lat="35.210578" lon="-102.246649" /><trkpt lat="35.211354" lon="-102.251995" /><trkpt lat="35.2186" lon="-102.290554" /><trkpt lat="35.22415" lon="-102.320093" /><trkpt lat="35.226688" lon="-102.333515" /><trkpt lat="35.230978" lon="-102.356415" /><trkpt lat="35.232907" lon="-102.366675" /><trkpt lat="35.237158" lon="-102.389341" /><trkpt lat="35.239046" lon="-102.400286" /><trkpt lat="35.238765" lon="-102.406016" /><trkpt lat="35.237643" lon="-102.413189" /><trkpt lat="35.2365" lon="-102.420725" /><trkpt lat="35.236836" lon="-102.42713" /><trkpt lat="35.238768" lon="-102.433043" /><trkpt lat="35.243205" lon="-102.441245" /><trkpt lat="35.247817" lon="-102.449832" /><trkpt lat="35.249262" lon="-102.453654" /><trkpt lat="35.253226" lon="-102.474276" /><trkpt lat="35.256531" lon="-102.49172" /><trkpt lat="35.257812" lon="-102.500113" /><trkpt lat="35.258851" lon="-102.504035" /><trkpt lat="35.264917" lon="-102.536126" /><trkpt lat="35.26821" lon="-102.5538" /><trkpt lat="35.269417" lon="-102.561415" /><trkpt lat="35.273192" lon="-102.580051" /><trkpt lat="35.273654" lon="-102.587838" /><trkpt lat="35.272565" lon="-102.625699" /><trkpt lat="35.271994" lon="-102.644653" /><trkpt lat="35.271767" lon="-102.646828" /><trkpt lat="35.271469" lon="-102.64842" /><trkpt lat="35.270658" lon="-102.651581" /><trkpt lat="35.27028" lon="-102.653923" /><trkpt lat="35.270125" lon="-102.656693" /><trkpt lat="35.269689" lon="-102.676309" /><trkpt lat="35.270411" lon="-102.680723" /><trkpt lat="35.270761" lon="-102.683167" /><trkpt lat="35.270845" lon="-102.685686" /><trkpt lat="35.269809" lon="-102.721516" /><trkpt lat="35.269596" lon="-102.724272" /><trkpt lat="35.26924" lon="-102.72687" /><trkpt lat="35.268688" lon="-102.729652" /><trkpt lat="35.267967" lon="-102.732392" /><trkpt lat="35.26565" lon="-102.739118" /><trkpt lat="35.258356" lon="-102.759779" /><trkpt lat="35.257708" lon="-102.761399" /><trkpt lat="35.252561" lon="-102.772937" /><trkpt lat="35.251939" lon="-102.774784" /><trkpt lat="35.251443" lon="-102.776828" /><trkpt lat="35.250872" lon="-102.780686" /><trkpt lat="35.250622" lon="-102.78362" /><trkpt lat="35.250397" lon="-102.785215" /><trkpt lat="35.24941" lon="-102.78891" /><trkpt lat="35.246176" lon="-102.800433" /><trkpt lat="35.24518" lon="-102.81135" /><trkpt lat="35.24468" lon="-102.816154" /><trkpt lat="35.24429" lon="-102.817586" /><trkpt lat="35.239675" lon="-102.830396" /><trkpt lat="35.231601" lon="-102.852868" /><trkpt lat="35.225468" lon="-102.870872" /><trkpt lat="35.216546" lon="-102.906897" /><trkpt lat="35.211111" lon="-102.91955" /><trkpt lat="35.202249" lon="-102.939108" /><trkpt lat="35.196996" lon="-102.95328" /><trkpt lat="35.186524" lon="-102.982948" /><trkpt lat="35.185605" lon="-102.986433" /><trkpt lat="35.183309" lon="-103.005406" /><trkpt lat="35.181135" lon="-103.024449" /><trkpt lat="35.18111" lon="-103.026405" /><trkpt lat="35.181293" lon="-103.028782" /><trkpt lat="35.182635" lon="-103.039212" /><trkpt lat="35.183525" lon="-103.061813" /><trkpt lat="35.182773" lon="-103.07049" /><trkpt lat="35.180423" lon="-103.079084" /><trkpt lat="35.171685" lon="-103.10704" /><trkpt lat="35.156415" lon="-103.154762" /><trkpt lat="35.14009" lon="-103.202384" /><trkpt lat="35.131778" lon="-103.22652" /><trkpt lat="35.125534" lon="-103.240841" /><trkpt lat="35.122208" lon="-103.250537" /><trkpt lat="35.113933" lon="-103.279742" /><trkpt lat="35.112981" lon="-103.286795" /><trkpt lat="35.112704" lon="-103.30212" /><trkpt lat="35.112513" lon="-103.314861" /><trkpt lat="35.112227" lon="-103.332879" /><trkpt lat="35.111939" lon="-103.351557" /><trkpt lat="35.112046" lon="-103.35445" /><trkpt lat="35.112519" lon="-103.35733" /><trkpt lat="35.113254" lon="-103.359821" /><trkpt lat="35.122831" lon="-103.383237" /><trkpt lat="35.128958" lon="-103.398223" /><trkpt lat="35.142085" lon="-103.430348" /><trkpt lat="35.14782" lon="-103.443428" /><trkpt lat="35.159515" lon="-103.456661" /><trkpt lat="35.162984" lon="-103.46202" /><trkpt lat="35.172773" lon="-103.484102" /><trkpt lat="35.173573" lon="-103.490168" /><trkpt lat="35.173396" lon="-103.542601" /><trkpt lat="35.173284" lon="-103.569443" /><trkpt lat="35.172665" lon="-103.618808" /><trkpt lat="35.172555" lon="-103.645329" /><trkpt lat="35.17243" lon="-103.667511" /><trkpt lat="35.172139" lon="-103.670269" /><trkpt lat="35.171742" lon="-103.672686" /><trkpt lat="35.171771" lon="-103.674269" /><trkpt lat="35.172048" lon="-103.676854" /><trkpt lat="35.171928" lon="-103.681208" /><trkpt lat="35.171847" lon="-103.701353" /><trkpt lat="35.17182" lon="-103.706736" /><trkpt lat="35.171804" lon="-103.710525" /><trkpt lat="35.17178" lon="-103.717246" /><trkpt lat="35.171803" lon="-103.722031" /><trkpt lat="35.171807" lon="-103.724741" /><trkpt lat="35.171942" lon="-103.724974" /><trkpt lat="35.164886" lon="-103.724996" /><trkpt lat="35.157394" lon="-103.725022" /><trkpt lat="35.155353" lon="-103.724966" /><trkpt lat="35.153468" lon="-103.724975" /><trkpt lat="35.152189" lon="-103.725423" /><trkpt lat="35.151693" lon="-103.730268" /><trkpt lat="35.151876" lon="-103.743764" /><trkpt lat="35.152475" lon="-103.747002" /><trkpt lat="35.156326" lon="-103.759401" /><trkpt lat="35.156756" lon="-103.761339" /><trkpt lat="35.156867" lon="-103.763547" /><trkpt lat="35.156581" lon="-103.765559" /><trkpt lat="35.155691" lon="-103.768063" /><trkpt lat="35.151082" lon="-103.777031" /><trkpt lat="35.149952" lon="-103.779808" /><trkpt lat="35.14907" lon="-103.783717" /><trkpt lat="35.147103" lon="-103.799354" /><trkpt lat="35.141809" lon="-103.820179" /><trkpt lat="35.139912" lon="-103.826195" /><trkpt lat="35.119447" lon="-103.863607" /><trkpt lat="35.116699" lon="-103.869484" /><trkpt lat="35.118597" lon="-103.891085" /><trkpt lat="35.125651" lon="-103.939879" /><trkpt lat="35.125987" lon="-103.949272" /><trkpt lat="35.124275" lon="-103.959078" /><trkpt lat="35.113591" lon="-103.998695" /><trkpt lat="35.100092" lon="-104.049062" /><trkpt lat="35.093603" lon="-104.067584" /><trkpt lat="35.092599" lon="-104.07426" /><trkpt lat="35.067178" lon="-104.177059" /><trkpt lat="35.069497" lon="-104.211865" /><trkpt lat="35.068663" lon="-104.240516" /><trkpt lat="35.065349" lon="-104.271694" /><trkpt lat="35.060343" lon="-104.307707" /><trkpt lat="35.052133" lon="-104.338183" /><trkpt lat="35.047406" lon="-104.376972" /><trkpt lat="35.040497" lon="-104.39036" /><trkpt lat="35.024853" lon="-104.424488" /><trkpt lat="35.011514" lon="-104.467525" /><trkpt lat="35.007482" lon="-104.51431" /><trkpt lat="34.999121" lon="-104.532876" /><trkpt lat="34.961988" lon="-104.610434" /><trkpt lat="34.948112" lon="-104.640689" /><trkpt lat="34.946458" lon="-104.648565" /><trkpt lat="34.943516" lon="-104.668998" /><trkpt lat="34.946771" lon="-104.676998" /><trkpt lat="34.948689" lon="-104.682654" /><trkpt lat="34.94572" lon="-104.697464" /><trkpt lat="34.945649" lon="-104.704466" /><trkpt lat="34.94663" lon="-104.708611" /><trkpt lat="34.960115" lon="-104.732541" /><trkpt lat="34.963589" lon="-104.741062" /><trkpt lat="34.966527" lon="-104.766202" /><trkpt lat="34.966854" lon="-104.776404" /><trkpt lat="34.968869" lon="-104.786997" /><trkpt lat="34.969843" lon="-104.861055" /><trkpt lat="34.971764" lon="-104.897531" /><trkpt lat="34.977038" lon="-105.00047" /><trkpt lat="34.981253" lon="-105.084882" /><trkpt lat="34.987891" lon="-105.218115" /><trkpt lat="34.991643" lon="-105.293984" /><trkpt lat="34.996825" lon="-105.402092" /><trkpt lat="34.999142" lon="-105.45016" /><trkpt lat="35.001121" lon="-105.471422" /><trkpt lat="35.006207" lon="-105.524319" /><trkpt lat="35.003408" lon="-105.547562" /><trkpt lat="35.005677" lon="-105.616055" /><trkpt lat="35.008187" lon="-105.65921" /><trkpt lat="35.009782" lon="-105.710898" /><trkpt lat="35.004459" lon="-105.724357" /><trkpt lat="35.005253" lon="-105.824375" /><trkpt lat="35.005388" lon="-105.848076" /><trkpt lat="35.006638" lon="-105.910111" /><trkpt lat="35.004976" lon="-105.960454" /><trkpt lat="35.004831" lon="-106.012995" /><trkpt lat="35.00549" lon="-106.017471" /><trkpt lat="35.007292" lon="-106.025979" /><trkpt lat="35.008628" lon="-106.048968" /><trkpt lat="35.015434" lon="-106.072391" /><trkpt lat="35.038891" lon="-106.127832" /><trkpt lat="35.058406" lon="-106.176413" /><trkpt lat="35.072971" lon="-106.215914" /><trkpt lat="35.084389" lon="-106.244122" /><trkpt lat="35.086503" lon="-106.249404" /><trkpt lat="35.089572" lon="-106.25695" /><trkpt lat="35.092883" lon="-106.265256" /><trkpt lat="35.096885" lon="-106.275219" /><trkpt lat="35.098921" lon="-106.279311" /><trkpt lat="35.10138" lon="-106.28472" /><trkpt lat="35.10215" lon="-106.288346" /><trkpt lat="35.10269" lon="-106.292564" /><trkpt lat="35.104828" lon="-106.300167" /><trkpt lat="35.10794" lon="-106.30425" /><trkpt lat="35.110273" lon="-106.308184" /><trkpt lat="35.111599" lon="-106.312148" /><trkpt lat="35.113342" lon="-106.316744" /><trkpt lat="35.114886" lon="-106.319993" /><trkpt lat="35.115428" lon="-106.326131" /><trkpt lat="35.114885" lon="-106.328993" /><trkpt lat="35.110667" lon="-106.335454" /><trkpt lat="35.106141" lon="-106.341749" /><trkpt lat="35.102458" lon="-106.349265" /><trkpt lat="35.101328" lon="-106.35411" /><trkpt lat="35.099876" lon="-106.363138" /><trkpt lat="35.099099" lon="-106.367074" /><trkpt lat="35.097595" lon="-106.369456" /><trkpt lat="35.093629" lon="-106.371555" /><trkpt lat="35.09164" lon="-106.373421" /><trkpt lat="35.088952" lon="-106.37682" /><trkpt lat="35.08692" lon="-106.378875" /><trkpt lat="35.083084" lon="-106.384271" /><trkpt lat="35.081094" lon="-106.38854" /><trkpt lat="35.080629" lon="-106.398467" /><trkpt lat="35.081054" lon="-106.403399" /><trkpt lat="35.080611" lon="-106.406193" /><trkpt lat="35.079293" lon="-106.408588" /><trkpt lat="35.076053" lon="-106.412363" /><trkpt lat="35.069042" lon="-106.420486" /><trkpt lat="35.065414" lon="-106.426376" /><trkpt lat="35.064609" lon="-106.434035" /><trkpt lat="35.06375" lon="-106.438624" /><trkpt lat="35.062255" lon="-106.443658" /><trkpt lat="35.061554" lon="-106.450044" /><trkpt lat="35.061287" lon="-106.45467" /><trkpt lat="35.061042" lon="-106.460297" /><trkpt lat="35.062419" lon="-106.465631" /><trkpt lat="35.063291" lon="-106.470357" /><trkpt lat="35.062892" lon="-106.476711" /><trkpt lat="35.063004" lon="-106.480631" /><trkpt lat="35.0648" lon="-106.484991" /><trkpt lat="35.069747" lon="-106.497256" /><trkpt lat="35.080041" lon="-106.523934" /><trkpt lat="35.085446" lon="-106.538046" /><trkpt lat="35.090803" lon="-106.55187" /><trkpt lat="35.097037" lon="-106.567256" /><trkpt lat="35.103583" lon="-106.583596" /><trkpt lat="35.103996" lon="-106.587684" /><trkpt lat="35.104287" lon="-106.599209" /><trkpt lat="35.104586" lon="-106.601541" /><trkpt lat="35.105167" lon="-106.60415" /><trkpt lat="35.107156" lon="-106.612899" /><trkpt lat="35.10735" lon="-106.620197" /><trkpt lat="35.106633" lon="-106.626202" /><trkpt lat="35.107856" lon="-106.627651" /><trkpt lat="35.109451" lon="-106.627503" /><trkpt lat="35.121488" lon="-106.623117" /><trkpt lat="35.127264" lon="-106.618253" /><trkpt lat="35.130199" lon="-106.613617" /><trkpt lat="35.139203" lon="-106.598918" /><trkpt lat="35.14431" lon="-106.591398" /><trkpt lat="35.149551" lon="-106.58933" /><trkpt lat="35.162607" lon="-106.586388" /><trkpt lat="35.170558" lon="-106.58431" /><trkpt lat="35.173413" lon="-106.582916" /><trkpt lat="35.174009" lon="-106.579986" /><trkpt lat="35.174131" lon="-106.576952" /><trkpt lat="35.174328" lon="-106.570613" /><trkpt lat="35.17489" lon="-106.568771" /><trkpt lat="35.180094" lon="-106.568702" /><trkpt lat="35.176316" lon="-106.56892" /><trkpt lat="35.175167" lon="-106.568979" /><trkpt lat="35.174595" lon="-106.569363" /><trkpt lat="35.174513" lon="-106.57385" /><trkpt lat="35.174346" lon="-106.576782" /><trkpt lat="35.174238" lon="-106.579279" /><trkpt lat="35.17435" lon="-106.583498" /><trkpt lat="35.174581" lon="-106.58473" /><trkpt lat="35.174915" lon="-106.584867" /><trkpt lat="35.175217" lon="-106.584654" /><trkpt lat="35.175252" lon="-106.584253" /><trkpt lat="35.175029" lon="-106.584046" /><trkpt lat="35.174472" lon="-106.584074" /><trkpt lat="35.171339" lon="-106.584673" /><trkpt lat="35.163498" lon="-106.58647" /><trkpt lat="35.160579" lon="-106.587117" /><trkpt lat="35.158113" lon="-106.587664" /><trkpt lat="35.150563" lon="-106.589386" /><trkpt lat="35.147241" lon="-106.590172" /><trkpt lat="35.145265" lon="-106.591016" /><trkpt lat="35.1423" lon="-106.594292" /><trkpt lat="35.137928" lon="-106.601464" /><trkpt lat="35.134808" lon="-106.606558" /><trkpt lat="35.130593" lon="-106.613498" /><trkpt lat="35.128712" lon="-106.616552" /><trkpt lat="35.127264" lon="-106.61871" /><trkpt lat="35.124007" lon="-106.621863" /><trkpt lat="35.120788" lon="-106.623667" /><trkpt lat="35.110805" lon="-106.627367" /><trkpt lat="35.10742" lon="-106.62917" /><trkpt lat="35.106393" lon="-106.630517" /><trkpt lat="35.10569" lon="-106.632314" /><trkpt lat="35.105427" lon="-106.633457" /><trkpt lat="35.105183" lon="-106.636885" /><trkpt lat="35.105495" lon="-106.641895" /><trkpt lat="35.106933" lon="-106.650763" /><trkpt lat="35.107116" lon="-106.653401" /><trkpt lat="35.106351" lon="-106.658566" /><trkpt lat="35.106491" lon="-106.662913" /><trkpt lat="35.1062" lon="-106.665775" /><trkpt lat="35.105031" lon="-106.672506" /><trkpt lat="35.105089" lon="-106.675383" /><trkpt lat="35.105854" lon="-106.684477" /><trkpt lat="35.107109" lon="-106.700445" /><trkpt lat="35.106895" lon="-106.703214" /><trkpt lat="35.106436" lon="-106.705246" /><trkpt lat="35.105662" lon="-106.707332" /><trkpt lat="35.101623" lon="-106.715455" /><trkpt lat="35.097958" lon="-106.722762" /><trkpt lat="35.091242" lon="-106.736121" /><trkpt lat="35.088407" lon="-106.74177" /><trkpt lat="35.084287" lon="-106.749806" /><trkpt lat="35.080783" lon="-106.75681" /><trkpt lat="35.075818" lon="-106.766702" /><trkpt lat="35.068458" lon="-106.781314" /><trkpt lat="35.065222" lon="-106.787775" /><trkpt lat="35.064157" lon="-106.78989" /><trkpt lat="35.06245" lon="-106.793396" /><trkpt lat="35.06158" lon="-106.795884" /><trkpt lat="35.060675" lon="-106.800785" /><trkpt lat="35.058956" lon="-106.811987" /><trkpt lat="35.057636" lon="-106.820528" /><trkpt lat="35.05451" lon="-106.841004" /><trkpt lat="35.051348" lon="-106.861614" /><trkpt lat="35.0496" lon="-106.869704" /><trkpt lat="35.046276" lon="-106.884354" /><trkpt lat="35.040894" lon="-106.907999" /><trkpt lat="35.037346" lon="-106.923855" /><trkpt lat="35.035092" lon="-106.933721" /><trkpt lat="35.032453" lon="-106.945364" /><trkpt lat="35.030906" lon="-106.952102" /><trkpt lat="35.029187" lon="-106.959749" /><trkpt lat="35.024869" lon="-106.978636" /><trkpt lat="35.020952" lon="-106.995971" /><trkpt lat="35.017046" lon="-107.008398" /><trkpt lat="35.01315" lon="-107.020747" /><trkpt lat="35.007708" lon="-107.037794" /><trkpt lat="35.002979" lon="-107.052656" /><trkpt lat="34.998182" lon="-107.067636" /><trkpt lat="34.99304" lon="-107.083848" /><trkpt lat="34.988686" lon="-107.097454" /><trkpt lat="34.985533" lon="-107.107418" /><trkpt lat="34.979145" lon="-107.127335" /><trkpt lat="34.978092" lon="-107.133004" /><trkpt lat="34.978938" lon="-107.141827" /><trkpt lat="34.983471" lon="-107.171358" /><trkpt lat="34.985579" lon="-107.185151" /><trkpt lat="34.99091" lon="-107.219968" /><trkpt lat="34.993034" lon="-107.235428" /><trkpt lat="34.993421" lon="-107.260909" /><trkpt lat="34.993755" lon="-107.286079" /><trkpt lat="34.994792" lon="-107.298578" /><trkpt lat="34.996374" lon="-107.302318" /><trkpt lat="34.998954" lon="-107.306012" /><trkpt lat="35.011314" lon="-107.321087" /><trkpt lat="35.014257" lon="-107.324638" /><trkpt lat="35.02162" lon="-107.331429" /><trkpt lat="35.031838" lon="-107.338586" /><trkpt lat="35.035291" lon="-107.343671" /><trkpt lat="35.038414" lon="-107.35899" /><trkpt lat="35.038708" lon="-107.366588" /><trkpt lat="35.036092" lon="-107.372266" /><trkpt lat="35.029695" lon="-107.385331" /><trkpt lat="35.027226" lon="-107.390942" /><trkpt lat="35.026321" lon="-107.396575" /><trkpt lat="35.026665" lon="-107.41517" /><trkpt lat="35.027454" lon="-107.447226" /><trkpt lat="35.032287" lon="-107.467493" /><trkpt lat="35.033955" lon="-107.473513" /><trkpt lat="35.037206" lon="-107.484927" /><trkpt lat="35.042713" lon="-107.498327" /><trkpt lat="35.04652" lon="-107.505432" /><trkpt lat="35.053513" lon="-107.518393" /><trkpt lat="35.056065" lon="-107.521648" /><trkpt lat="35.058168" lon="-107.523457" /><trkpt lat="35.064585" lon="-107.526602" /><trkpt lat="35.06759" lon="-107.528087" /><trkpt lat="35.070495" lon="-107.530759" /><trkpt lat="35.073349" lon="-107.536762" /><trkpt lat="35.074017" lon="-107.547512" /><trkpt lat="35.074263" lon="-107.557243" /><trkpt lat="35.074433" lon="-107.563495" /><trkpt lat="35.074868" lon="-107.579913" /><trkpt lat="35.075187" lon="-107.593679" /><trkpt lat="35.075296" lon="-107.598024" /><trkpt lat="35.076104" lon="-107.629937" /><trkpt lat="35.076326" lon="-107.645423" /><trkpt lat="35.074985" lon="-107.654217" /><trkpt lat="35.073955" lon="-107.659446" /><trkpt lat="35.07104" lon="-107.674201" /><trkpt lat="35.069086" lon="-107.681209" /><trkpt lat="35.066276" lon="-107.686332" /><trkpt lat="35.063207" lon="-107.692115" /><trkpt lat="35.062109" lon="-107.698005" /><trkpt lat="35.063198" lon="-107.70543" /><trkpt lat="35.065526" lon="-107.715751" /><trkpt lat="35.066281" lon="-107.71971" /><trkpt lat="35.067238" lon="-107.730868" /><trkpt lat="35.067963" lon="-107.735057" /><trkpt lat="35.073402" lon="-107.752862" /><trkpt lat="35.076756" lon="-107.760007" /><trkpt lat="35.084689" lon="-107.770069" /><trkpt lat="35.088978" lon="-107.776107" /><trkpt lat="35.124202" lon="-107.829612" /><trkpt lat="35.130842" lon="-107.839378" /><trkpt lat="35.136966" lon="-107.844571" /><trkpt lat="35.143651" lon="-107.85221" /><trkpt lat="35.150117" lon="-107.865911" /><trkpt lat="35.153018" lon="-107.871315" /><trkpt lat="35.154379" lon="-107.872353" /><trkpt lat="35.157229" lon="-107.871683" /><trkpt lat="35.159913" lon="-107.876456" /><trkpt lat="35.161924" lon="-107.880585" /><trkpt lat="35.162452" lon="-107.882197" /><trkpt lat="35.162782" lon="-107.884452" /><trkpt lat="35.163363" lon="-107.886122" /><trkpt lat="35.165319" lon="-107.887872" /><trkpt lat="35.167953" lon="-107.889151" /><trkpt lat="35.170046" lon="-107.891064" /><trkpt lat="35.175898" lon="-107.893129" /><trkpt lat="35.182957" lon="-107.896583" /><trkpt lat="35.182779" lon="-107.898628" /><trkpt lat="35.187435" lon="-107.904041" /><trkpt lat="35.202445" lon="-107.918321" /><trkpt lat="35.243798" lon="-107.957673" /><trkpt lat="35.260118" lon="-107.974465" /><trkpt lat="35.264621" lon="-107.977909" /><trkpt lat="35.272251" lon="-107.98205" /><trkpt lat="35.279381" lon="-107.984883" /><trkpt lat="35.30594" lon="-107.990364" /><trkpt lat="35.332927" lon="-108.002108" /><trkpt lat="35.347213" lon="-108.012735" /><trkpt lat="35.359734" lon="-108.043044" /><trkpt lat="35.364948" lon="-108.05592" /><trkpt lat="35.370794" lon="-108.074614" /><trkpt lat="35.377286" lon="-108.109128" /><trkpt lat="35.383145" lon="-108.128137" /><trkpt lat="35.385531" lon="-108.142839" /><trkpt lat="35.388437" lon="-108.163215" /><trkpt lat="35.389241" lon="-108.181428" /><trkpt lat="35.393228" lon="-108.20783" /><trkpt lat="35.394481" lon="-108.213926" /><trkpt lat="35.396579" lon="-108.224155" /><trkpt lat="35.397723" lon="-108.229723" /><trkpt lat="35.39986" lon="-108.240117" /><trkpt lat="35.401975" lon="-108.250457" /><trkpt lat="35.410107" lon="-108.28112" /><trkpt lat="35.422838" lon="-108.310238" /><trkpt lat="35.425548" lon="-108.316375" /><trkpt lat="35.434299" lon="-108.335827" /><trkpt lat="35.445147" lon="-108.360696" /><trkpt lat="35.45199" lon="-108.377583" /><trkpt lat="35.463037" lon="-108.402817" /><trkpt lat="35.474413" lon="-108.420177" /><trkpt lat="35.478974" lon="-108.430154" /><trkpt lat="35.480835" lon="-108.438512" /><trkpt lat="35.486103" lon="-108.461644" /><trkpt lat="35.491886" lon="-108.487318" /><trkpt lat="35.494306" lon="-108.496051" /><trkpt lat="35.502712" lon="-108.518188" /><trkpt lat="35.510647" lon="-108.539084" /><trkpt lat="35.513285" lon="-108.546165" /><trkpt lat="35.524733" lon="-108.584017" /><trkpt lat="35.527923" lon="-108.594537" /><trkpt lat="35.530216" lon="-108.610463" /><trkpt lat="35.531561" lon="-108.632929" /><trkpt lat="35.532443" lon="-108.65119" /><trkpt lat="35.529247" lon="-108.664311" /><trkpt lat="35.529361" lon="-108.668985" /><trkpt lat="35.531478" lon="-108.672637" /><trkpt lat="35.534364" lon="-108.678473" /><trkpt lat="35.534198" lon="-108.686488" /><trkpt lat="35.532801" lon="-108.703611" /><trkpt lat="35.532452" lon="-108.712723" /><trkpt lat="35.533394" lon="-108.721272" /><trkpt lat="35.533388" lon="-108.730701" /><trkpt lat="35.531682" lon="-108.738309" /><trkpt lat="35.530929" lon="-108.743181" /><trkpt lat="35.529094" lon="-108.749452" /><trkpt lat="35.528657" lon="-108.752449" /><trkpt lat="35.528363" lon="-108.760157" /><trkpt lat="35.527682" lon="-108.76324" /><trkpt lat="35.519797" lon="-108.790079" /><trkpt lat="35.51369" lon="-108.806278" /><trkpt lat="35.512993" lon="-108.813238" /><trkpt lat="35.512475" lon="-108.821961" /><trkpt lat="35.511336" lon="-108.824962" /><trkpt lat="35.509551" lon="-108.827221" /><trkpt lat="35.504225" lon="-108.832207" /><trkpt lat="35.500547" lon="-108.836712" /><trkpt lat="35.4979" lon="-108.849379" /><trkpt lat="35.496646" lon="-108.861863" /><trkpt lat="35.49032" lon="-108.887434" /><trkpt lat="35.487365" lon="-108.899054" /><trkpt lat="35.473422" lon="-108.92594" /><trkpt lat="35.461039" lon="-108.942895" /><trkpt lat="35.452474" lon="-108.95095" /><trkpt lat="35.441433" lon="-108.959819" /><trkpt lat="35.426602" lon="-108.981441" /><trkpt lat="35.416256" lon="-108.993376" /><trkpt lat="35.407812" lon="-108.999959" /><trkpt lat="35.392245" lon="-109.0091" /><trkpt lat="35.38244" lon="-109.017329" /><trkpt lat="35.373711" lon="-109.03541" /><trkpt lat="35.371248" lon="-109.040586" /><trkpt lat="35.369054" lon="-109.04343" /><trkpt lat="35.364432" lon="-109.045843" /><trkpt lat="35.360647" lon="-109.048657" /><trkpt lat="35.35742" lon="-109.052574" /><trkpt lat="35.352449" lon="-109.057143" /><trkpt lat="35.340644" lon="-109.065748" /><trkpt lat="35.327782" lon="-109.079304" /><trkpt lat="35.316065" lon="-109.095853" /><trkpt lat="35.307993" lon="-109.113148" /><trkpt lat="35.299683" lon="-109.132192" /><trkpt lat="35.288644" lon="-109.157831" /><trkpt lat="35.280544" lon="-109.177657" /><trkpt lat="35.282423" lon="-109.203302" /><trkpt lat="35.282948" lon="-109.211512" /><trkpt lat="35.283062" lon="-109.223011" /><trkpt lat="35.280646" lon="-109.24595" /><trkpt lat="35.266575" lon="-109.271492" /><trkpt lat="35.257609" lon="-109.280405" /><trkpt lat="35.246787" lon="-109.292004" /><trkpt lat="35.237965" lon="-109.303326" /><trkpt lat="35.224131" lon="-109.320791" /><trkpt lat="35.217078" lon="-109.331171" /><trkpt lat="35.214718" lon="-109.335625" /><trkpt lat="35.208186" lon="-109.353118" /><trkpt lat="35.198094" lon="-109.400454" /><trkpt lat="35.191894" lon="-109.429918" /><trkpt lat="35.189534" lon="-109.439563" /><trkpt lat="35.184656" lon="-109.453543" /><trkpt lat="35.176583" lon="-109.467834" /><trkpt lat="35.167871" lon="-109.481222" /><trkpt lat="35.163506" lon="-109.487944" /><trkpt lat="35.154744" lon="-109.501419" /><trkpt lat="35.144325" lon="-109.517437" /><trkpt lat="35.13148" lon="-109.537596" /><trkpt lat="35.126745" lon="-109.547081" /><trkpt lat="35.119829" lon="-109.566154" /><trkpt lat="35.111792" lon="-109.589412" /><trkpt lat="35.105948" lon="-109.606373" /><trkpt lat="35.100646" lon="-109.633988" /><trkpt lat="35.099451" lon="-109.64231" /><trkpt lat="35.096385" lon="-109.663301" /><trkpt lat="35.088058" lon="-109.695807" /><trkpt lat="35.083067" lon="-109.712755" /><trkpt lat="35.077311" lon="-109.732183" /><trkpt lat="35.070728" lon="-109.754357" /><trkpt lat="35.063583" lon="-109.775383" /><trkpt lat="35.058937" lon="-109.784057" /><trkpt lat="35.047964" lon="-109.803245" /><trkpt lat="35.033814" lon="-109.827938" /><trkpt lat="35.025421" lon="-109.842597" /><trkpt lat="35.014361" lon="-109.861239" /><trkpt lat="35.004083" lon="-109.885201" /><trkpt lat="35.000352" lon="-109.902496" /><trkpt lat="34.998048" lon="-109.915415" /><trkpt lat="34.993534" lon="-109.941692" /><trkpt lat="34.991059" lon="-109.967197" /><trkpt lat="34.991251" lon="-109.983512" /><trkpt lat="34.990455" lon="-110.00035" /><trkpt lat="34.980265" lon="-110.057905" /><trkpt lat="34.977042" lon="-110.075833" /><trkpt lat="34.972648" lon="-110.088891" /><trkpt lat="34.967729" lon="-110.097435" /><trkpt lat="34.944288" lon="-110.124869" /><trkpt lat="34.938614" lon="-110.129502" /><trkpt lat="34.930238" lon="-110.133031" /><trkpt lat="34.921737" lon="-110.139611" /><trkpt lat="34.914499" lon="-110.151842" /><trkpt lat="34.914474" lon="-110.153695" /><trkpt lat="34.913442" lon="-110.156243" /><trkpt lat="34.910853" lon="-110.157719" /><trkpt lat="34.908043" lon="-110.158065" /><trkpt lat="34.904794" lon="-110.15806" /><trkpt lat="34.903743" lon="-110.159548" /><trkpt lat="34.902723" lon="-110.158373" /><trkpt lat="34.901747" lon="-110.159661" /><trkpt lat="34.902261" lon="-110.164002" /><trkpt lat="34.902566" lon="-110.166543" /><trkpt lat="34.902725" lon="-110.167887" /><trkpt lat="34.902908" lon="-110.169432" /><trkpt lat="34.903718" lon="-110.176364" /><trkpt lat="34.904741" lon="-110.184361" /><trkpt lat="34.905855" lon="-110.185833" /><trkpt lat="34.906664" lon="-110.18661" /><trkpt lat="34.905319" lon="-110.190629" /><trkpt lat="34.905926" lon="-110.198993" /><trkpt lat="34.907776" lon="-110.214697" /><trkpt lat="34.909943" lon="-110.23304" /><trkpt lat="34.911637" lon="-110.240387" /><trkpt lat="34.914982" lon="-110.248164" /><trkpt lat="34.919428" lon="-110.25536" /><trkpt lat="34.925857" lon="-110.264555" /><trkpt lat="34.931708" lon="-110.272817" /><trkpt lat="34.937665" lon="-110.277944" /><trkpt lat="34.940525" lon="-110.281464" /><trkpt lat="34.946484" lon="-110.295615" /><trkpt lat="34.952785" lon="-110.310784" /><trkpt lat="34.955245" lon="-110.317203" /><trkpt lat="34.955552" lon="-110.320977" /><trkpt lat="34.954801" lon="-110.325612" /><trkpt lat="34.954545" lon="-110.33005" /><trkpt lat="34.954555" lon="-110.336084" /><trkpt lat="34.954695" lon="-110.340555" /><trkpt lat="34.955728" lon="-110.347305" /><trkpt lat="34.956822" lon="-110.354157" /><trkpt lat="34.95799" lon="-110.361458" /><trkpt lat="34.959985" lon="-110.374064" /><trkpt lat="34.964419" lon="-110.40199" /><trkpt lat="34.965463" lon="-110.40856" /><trkpt lat="34.968372" lon="-110.426941" /><trkpt lat="34.969658" lon="-110.435797" /><trkpt lat="34.970102" lon="-110.441864" /><trkpt lat="34.970334" lon="-110.44714" /><trkpt lat="34.971254" lon="-110.467517" /><trkpt lat="34.97158" lon="-110.474577" /><trkpt lat="34.972099" lon="-110.486255" /><trkpt lat="34.972488" lon="-110.495003" /><trkpt lat="34.973082" lon="-110.508225" /><trkpt lat="34.973769" lon="-110.515661" /><trkpt lat="34.974852" lon="-110.522003" /><trkpt lat="34.975988" lon="-110.526816" /><trkpt lat="34.978658" lon="-110.535265" /><trkpt lat="35.00107" lon="-110.600874" /><trkpt lat="35.006101" lon="-110.615669" /><trkpt lat="35.00701" lon="-110.623815" /><trkpt lat="35.006713" lon="-110.629855" /><trkpt lat="35.007156" lon="-110.634289" /><trkpt lat="35.008675" lon="-110.640373" /><trkpt lat="35.010898" lon="-110.648566" /><trkpt lat="35.014014" lon="-110.659945" /><trkpt lat="35.017622" lon="-110.673166" /><trkpt lat="35.018181" lon="-110.674641" /><trkpt lat="35.019254" lon="-110.676683" /><trkpt lat="35.020909" lon="-110.678865" /><trkpt lat="35.022961" lon="-110.680679" /><trkpt lat="35.024507" lon="-110.681584" /><trkpt lat="35.030294" lon="-110.684464" /><trkpt lat="35.033122" lon="-110.685891" /><trkpt lat="35.034809" lon="-110.686971" /><trkpt lat="35.036517" lon="-110.68864" /><trkpt lat="35.037831" lon="-110.690601" /><trkpt lat="35.039268" lon="-110.694435" /><trkpt lat="35.039632" lon="-110.699072" /><trkpt lat="35.039536" lon="-110.707163" /><trkpt lat="35.038985" lon="-110.712905" /><trkpt lat="35.037979" lon="-110.724035" /><trkpt lat="35.038093" lon="-110.727608" /><trkpt lat="35.038901" lon="-110.734042" /><trkpt lat="35.041633" lon="-110.746547" /><trkpt lat="35.050071" lon="-110.775533" /><trkpt lat="35.057161" lon="-110.799771" /><trkpt lat="35.061501" lon="-110.814588" /><trkpt lat="35.065691" lon="-110.828887" /><trkpt lat="35.067582" lon="-110.835366" /><trkpt lat="35.070295" lon="-110.844621" /><trkpt lat="35.074237" lon="-110.858102" /><trkpt lat="35.08314" lon="-110.887867" /><trkpt lat="35.088845" lon="-110.90471" /><trkpt lat="35.093003" lon="-110.921598" /><trkpt lat="35.094374" lon="-110.930534" /><trkpt lat="35.094777" lon="-110.933256" /><trkpt lat="35.096548" lon="-110.945317" /><trkpt lat="35.098827" lon="-110.960914" /><trkpt lat="35.100103" lon="-110.970138" /><trkpt lat="35.100263" lon="-110.972984" /><trkpt lat="35.10062" lon="-110.980297" /><trkpt lat="35.10109" lon="-110.983292" /><trkpt lat="35.103481" lon="-110.994462" /><trkpt lat="35.105566" lon="-111.004127" /><trkpt lat="35.108685" lon="-111.018859" /><trkpt lat="35.110248" lon="-111.029293" /><trkpt lat="35.110764" lon="-111.034126" /><trkpt lat="35.115985" lon="-111.079793" /><trkpt lat="35.117799" lon="-111.091615" /><trkpt lat="35.118106" lon="-111.094845" /><trkpt lat="35.117947" lon="-111.098241" /><trkpt lat="35.116624" lon="-111.107991" /><trkpt lat="35.120509" lon="-111.152926" /><trkpt lat="35.121423" lon="-111.158925" /><trkpt lat="35.122147" lon="-111.162382" /><trkpt lat="35.123481" lon="-111.167504" /><trkpt lat="35.124695" lon="-111.171336" /><trkpt lat="35.12913" lon="-111.183467" /><trkpt lat="35.131257" lon="-111.189153" /><trkpt lat="35.137247" lon="-111.205608" /><trkpt lat="35.158398" lon="-111.263258" /><trkpt lat="35.159877" lon="-111.267259" /><trkpt lat="35.161501" lon="-111.271791" /><trkpt lat="35.161894" lon="-111.273366" /><trkpt lat="35.162114" lon="-111.274941" /><trkpt lat="35.162175" lon="-111.275987" /><trkpt lat="35.16189" lon="-111.279262" /><trkpt lat="35.159837" lon="-111.285238" /><trkpt lat="35.157774" lon="-111.293244" /><trkpt lat="35.158541" lon="-111.298064" /><trkpt lat="35.174812" lon="-111.339346" /><trkpt lat="35.185811" lon="-111.367212" /><trkpt lat="35.196474" lon="-111.393655" /><trkpt lat="35.201924" lon="-111.407069" /><trkpt lat="35.202828" lon="-111.411085" /><trkpt lat="35.202657" lon="-111.418243" /><trkpt lat="35.201731" lon="-111.424592" /><trkpt lat="35.202362" lon="-111.449172" /><trkpt lat="35.202844" lon="-111.465647" /><trkpt lat="35.202642" lon="-111.468608" /><trkpt lat="35.201995" lon="-111.472494" /><trkpt lat="35.201893" lon="-111.474851" /><trkpt lat="35.202001" lon="-111.476956" /><trkpt lat="35.202192" lon="-111.47844" /><trkpt lat="35.202876" lon="-111.482066" /><trkpt lat="35.204598" lon="-111.491089" /><trkpt lat="35.206376" lon="-111.500528" /><trkpt lat="35.207111" lon="-111.507388" /><trkpt lat="35.207959" lon="-111.5129" /><trkpt lat="35.209755" lon="-111.520638" /><trkpt lat="35.213853" lon="-111.538177" /><trkpt lat="35.217271" lon="-111.554026" /><trkpt lat="35.218475" lon="-111.561036" /><trkpt lat="35.218829" lon="-111.566931" /><trkpt lat="35.218392" lon="-111.574626" /><trkpt lat="35.217814" lon="-111.578366" /><trkpt lat="35.215813" lon="-111.586028" /><trkpt lat="35.211393" lon="-111.595726" /><trkpt lat="35.197636" lon="-111.614302" /><trkpt lat="35.194579" lon="-111.618477" /><trkpt lat="35.193106" lon="-111.621195" /><trkpt lat="35.192052" lon="-111.623069" /><trkpt lat="35.192129" lon="-111.624163" /><trkpt lat="35.192117" lon="-111.625915" /><trkpt lat="35.192421" lon="-111.628018" /><trkpt lat="35.193798" lon="-111.628163" /><trkpt lat="35.194748" lon="-111.628187" /><trkpt lat="35.194971" lon="-111.628966" /><trkpt lat="35.195716" lon="-111.626246" /><trkpt lat="35.196973" lon="-111.622342" /><trkpt lat="35.198575" lon="-111.619999" /><trkpt lat="35.200388" lon="-111.618332" /><trkpt lat="35.203575" lon="-111.615581" /><trkpt lat="35.205211" lon="-111.614101" /><trkpt lat="35.207101" lon="-111.61162" /><trkpt lat="35.208492" lon="-111.609055" /><trkpt lat="35.210581" lon="-111.605192" /><trkpt lat="35.213396" lon="-111.599888" /><trkpt lat="35.215701" lon="-111.595561" /><trkpt lat="35.216705" lon="-111.594125" /><trkpt lat="35.219134" lon="-111.590834" /><trkpt lat="35.223694" lon="-111.584016" /><trkpt lat="35.22603" lon="-111.581068" /><trkpt lat="35.230763" lon="-111.577669" /><trkpt lat="35.233257" lon="-111.575926" /><trkpt lat="35.237871" lon="-111.572669" /><trkpt lat="35.241478" lon="-111.568943" /><trkpt lat="35.245387" lon="-111.564673" /><trkpt lat="35.253279" lon="-111.556895" /><trkpt lat="35.260696" lon="-111.550063" /><trkpt lat="35.268695" lon="-111.545897" /><trkpt lat="35.273838" lon="-111.54359" /><trkpt lat="35.286159" lon="-111.542292" /><trkpt lat="35.301089" lon="-111.54279" /><trkpt lat="35.311324" lon="-111.542665" /><trkpt lat="35.322434" lon="-111.542769" /><trkpt lat="35.328098" lon="-111.545413" /><trkpt lat="35.334509" lon="-111.549827" /><trkpt lat="35.340768" lon="-111.557687" /><trkpt lat="35.348887" lon="-111.564124" /><trkpt lat="35.352609" lon="-111.568797" /><trkpt lat="35.378305" lon="-111.579072" /><trkpt lat="35.398581" lon="-111.576392" /><trkpt lat="35.431887" lon="-111.567781" /><trkpt lat="35.461065" lon="-111.560198" /><trkpt lat="35.482794" lon="-111.556048" /><trkpt lat="35.493747" lon="-111.554026" /><trkpt lat="35.51596" lon="-111.544116" /><trkpt lat="35.527146" lon="-111.542058" /><trkpt lat="35.541163" lon="-111.539021" /><trkpt lat="35.564311" lon="-111.533395" /><trkpt lat="35.591123" lon="-111.5277" /><trkpt lat="35.609571" lon="-111.524126" /><trkpt lat="35.628626" lon="-111.520437" /><trkpt lat="35.650267" lon="-111.516105" /><trkpt lat="35.667934" lon="-111.511011" /><trkpt lat="35.689605" lon="-111.504771" /><trkpt lat="35.707632" lon="-111.494102" /><trkpt lat="35.730566" lon="-111.480489" /><trkpt lat="35.743129" lon="-111.474722" /><trkpt lat="35.752119" lon="-111.470611" /><trkpt lat="35.7655" lon="-111.46526" /><trkpt lat="35.779145" lon="-111.458511" /><trkpt lat="35.794867" lon="-111.448277" /><trkpt lat="35.811603" lon="-111.443223" /><trkpt lat="35.826311" lon="-111.439352" /><trkpt lat="35.843054" lon="-111.434287" /><trkpt lat="35.852982" lon="-111.426592" /><trkpt lat="35.854664" lon="-111.42503" /><trkpt lat="35.854906" lon="-111.424688" /><trkpt lat="35.861162" lon="-111.419014" /><trkpt lat="35.867559" lon="-111.414656" /><trkpt lat="35.87618" lon="-111.411599" /><trkpt lat="35.884841" lon="-111.409115" /><trkpt lat="35.893393" lon="-111.406691" /><trkpt lat="35.91397" lon="-111.403559" /><trkpt lat="35.934337" lon="-111.400783" /><trkpt lat="35.953886" lon="-111.398077" /><trkpt lat="35.976388" lon="-111.395068" /><trkpt lat="35.997652" lon="-111.393" /><trkpt lat="36.013479" lon="-111.395482" /><trkpt lat="36.027657" lon="-111.39783" /><trkpt lat="36.038249" lon="-111.397655" /><trkpt lat="36.063283" lon="-111.39378" /><trkpt lat="36.073829" lon="-111.392184" /><trkpt lat="36.082147" lon="-111.391734" /><trkpt lat="36.100109" lon="-111.396068" /><trkpt lat="36.120478" lon="-111.394759" /><trkpt lat="36.143839" lon="-111.396711" /><trkpt lat="36.169156" lon="-111.399154" /><trkpt lat="36.178891" lon="-111.398779" /><trkpt lat="36.188862" lon="-111.393875" /><trkpt lat="36.195681" lon="-111.393168" /><trkpt lat="36.212087" lon="-111.394778" /><trkpt lat="36.226992" lon="-111.401462" /><trkpt lat="36.240924" lon="-111.412641" /><trkpt lat="36.252199" lon="-111.41969" /><trkpt lat="36.264094" lon="-111.428466" /><trkpt lat="36.279197" lon="-111.440697" /><trkpt lat="36.296516" lon="-111.45386" /><trkpt lat="36.30411" lon="-111.460136" /><trkpt lat="36.305052" lon="-111.457346" /><trkpt lat="36.306115" lon="-111.452378" /><trkpt lat="36.300453" lon="-111.444515" /><trkpt lat="36.300443" lon="-111.44307" /><trkpt lat="36.302134" lon="-111.43905" /><trkpt lat="36.305192" lon="-111.43769" /><trkpt lat="36.318897" lon="-111.433649" /><trkpt lat="36.339287" lon="-111.429754" /><trkpt lat="36.35021" lon="-111.425806" /><trkpt lat="36.360518" lon="-111.423252" /><trkpt lat="36.376193" lon="-111.420639" /><trkpt lat="36.393833" lon="-111.417307" /><trkpt lat="36.40069" lon="-111.420429" /><trkpt lat="36.419283" lon="-111.423748" /><trkpt lat="36.446105" lon="-111.42412" /><trkpt lat="36.463837" lon="-111.421411" /><trkpt lat="36.474747" lon="-111.417155" /><trkpt lat="36.489561" lon="-111.41142" /><trkpt lat="36.497683" lon="-111.409113" /><trkpt lat="36.504876" lon="-111.408358" /><trkpt lat="36.519889" lon="-111.407511" /><trkpt lat="36.530853" lon="-111.403384" /><trkpt lat="36.541536" lon="-111.404566" /><trkpt lat="36.550951" lon="-111.405847" /><trkpt lat="36.560532" lon="-111.407394" /><trkpt lat="36.570993" lon="-111.411159" /><trkpt lat="36.582039" lon="-111.418155" /><trkpt lat="36.588391" lon="-111.42192" /><trkpt lat="36.595555" lon="-111.425708" /><trkpt lat="36.60119" lon="-111.428527" /><trkpt lat="36.605682" lon="-111.430747" /><trkpt lat="36.610705" lon="-111.433287" /><trkpt lat="36.61497" lon="-111.435092" /><trkpt lat="36.62111" lon="-111.436213" /><trkpt lat="36.625237" lon="-111.437214" /><trkpt lat="36.626794" lon="-111.440847" /><trkpt lat="36.630865" lon="-111.44387" /><trkpt lat="36.647152" lon="-111.438979" /><trkpt lat="36.657945" lon="-111.438357" /><trkpt lat="36.666302" lon="-111.440396" /><trkpt lat="36.677386" lon="-111.442698" /><trkpt lat="36.687461" lon="-111.443818" /><trkpt lat="36.697802" lon="-111.445234" /><trkpt lat="36.715237" lon="-111.441232" /><trkpt lat="36.733786" lon="-111.441704" /><trkpt lat="36.751479" lon="-111.442441" /><trkpt lat="36.791522" lon="-111.442584" /><trkpt lat="36.822186" lon="-111.44002" /><trkpt lat="36.831375" lon="-111.440578" /><trkpt lat="36.837317" lon="-111.444462" /><trkpt lat="36.844821" lon="-111.446908" /><trkpt lat="36.859639" lon="-111.443947" /><trkpt lat="36.867502" lon="-111.442522" /><trkpt lat="36.873114" lon="-111.438841" /><trkpt lat="36.881337" lon="-111.439205" /><trkpt lat="36.892234" lon="-111.443723" /><trkpt lat="36.895733" lon="-111.445419" /><trkpt lat="36.897114" lon="-111.446454" /><trkpt lat="36.897877" lon="-111.447984" /><trkpt lat="36.898204" lon="-111.450289" /><trkpt lat="36.899043" lon="-111.452062" /><trkpt lat="36.901784" lon="-111.453944" /><trkpt lat="36.909044" lon="-111.45544" /><trkpt lat="36.912345" lon="-111.45317" /><trkpt lat="36.914323" lon="-111.454738" /><trkpt lat="36.915043" lon="-111.456884" /><trkpt lat="36.919382" lon="-111.460509" /><trkpt lat="36.924153" lon="-111.464084" /><trkpt lat="36.926244" lon="-111.471984" /><trkpt lat="36.933457" lon="-111.474676" /><trkpt lat="36.936402" lon="-111.480094" /><trkpt lat="36.934456" lon="-111.487026" /><trkpt lat="36.937009" lon="-111.492733" /><trkpt lat="36.949477" lon="-111.49728" /><trkpt lat="36.964011" lon="-111.509866" /><trkpt lat="36.977007" lon="-111.519872" /><trkpt lat="36.982552" lon="-111.546941" /><trkpt lat="36.984797" lon="-111.553483" /><trkpt lat="36.996283" lon="-111.566989" /><trkpt lat="37.025771" lon="-111.599395" /><trkpt lat="37.044803" lon="-111.621794" /><trkpt lat="37.056412" lon="-111.637872" /><trkpt lat="37.073771" lon="-111.654046" /><trkpt lat="37.087383" lon="-111.698788" /><trkpt lat="37.105239" lon="-111.841388" /><trkpt lat="37.101758" lon="-111.877775" /><trkpt lat="37.112954" lon="-111.932039" /><trkpt lat="37.12584" lon="-111.968643" /><trkpt lat="37.125694" lon="-111.976584" /><trkpt lat="37.145197" lon="-111.972813" /><trkpt lat="37.167172" lon="-111.971476" /><trkpt lat="37.18092" lon="-111.977237" /><trkpt lat="37.185996" lon="-111.98646" /><trkpt lat="37.177241" lon="-112.012072" /><trkpt lat="37.157798" lon="-112.049934" /><trkpt lat="37.133248" lon="-112.087111" /><trkpt lat="37.105296" lon="-112.125495" /><trkpt lat="37.063323" lon="-112.185821" /><trkpt lat="37.046169" lon="-112.210412" /><trkpt lat="37.041052" lon="-112.224558" /><trkpt lat="37.039094" lon="-112.299132" /><trkpt lat="37.037601" lon="-112.355765" /><trkpt lat="37.034346" lon="-112.38505" /><trkpt lat="37.023627" lon="-112.432129" /><trkpt lat="37.023745" lon="-112.453567" /><trkpt lat="37.029426" lon="-112.487055" /><trkpt lat="37.035152" lon="-112.499762" /><trkpt lat="37.042314" lon="-112.513292" /><trkpt lat="37.042929" lon="-112.51594" /><trkpt lat="37.043001" lon="-112.523382" /><trkpt lat="37.047196" lon="-112.526431" /><trkpt lat="37.048145" lon="-112.527938" /><trkpt lat="37.048254" lon="-112.533843" /><trkpt lat="37.049241" lon="-112.534926" /><trkpt lat="37.054693" lon="-112.535243" /><trkpt lat="37.063823" lon="-112.536961" /><trkpt lat="37.074318" lon="-112.536212" /><trkpt lat="37.082966" lon="-112.539212" /><trkpt lat="37.095245" lon="-112.543231" /><trkpt lat="37.102538" lon="-112.548403" /><trkpt lat="37.113583" lon="-112.556844" /><trkpt lat="37.122991" lon="-112.564684" /><trkpt lat="37.133831" lon="-112.566343" /><trkpt lat="37.144076" lon="-112.568022" /><trkpt lat="37.155299" lon="-112.576039" /><trkpt lat="37.181688" lon="-112.640097" /><trkpt lat="37.195442" lon="-112.662181" /><trkpt lat="37.204154" lon="-112.676008" /><trkpt lat="37.213372" lon="-112.684375" /><trkpt lat="37.224127" lon="-112.680294" /><trkpt lat="37.235164" lon="-112.674697" /><trkpt lat="37.249415" lon="-112.662286" /><trkpt lat="37.264415" lon="-112.654085" /><trkpt lat="37.275397" lon="-112.642407" /><trkpt lat="37.276036" lon="-112.631948" /><trkpt lat="37.282074" lon="-112.626263" /><trkpt lat="37.294017" lon="-112.616364" /><trkpt lat="37.302011" lon="-112.60424" /><trkpt lat="37.311576" lon="-112.597633" /><trkpt lat="37.322289" lon="-112.597602" /><trkpt lat="37.329458" lon="-112.599777" /><trkpt lat="37.339262" lon="-112.605093" /><trkpt lat="37.348309" lon="-112.599274" /><trkpt lat="37.356763" lon="-112.599358" /><trkpt lat="37.363257" lon="-112.593757" /><trkpt lat="37.367756" lon="-112.593494" /><trkpt lat="37.373459" lon="-112.594572" /><trkpt lat="37.378959" lon="-112.584802" /><trkpt lat="37.383488" lon="-112.575934" /><trkpt lat="37.390851" lon="-112.563627" /><trkpt lat="37.403103" lon="-112.55564" /><trkpt lat="37.4141" lon="-112.54741" /><trkpt lat="37.425874" lon="-112.538599" /><trkpt lat="37.43808" lon="-112.538234" /><trkpt lat="37.451874" lon="-112.52937" /><trkpt lat="37.468987" lon="-112.517107" /><trkpt lat="37.484689" lon="-112.51419" /><trkpt lat="37.492298" lon="-112.510366" /><trkpt lat="37.499508" lon="-112.503549" /><trkpt lat="37.509343" lon="-112.497513" /><trkpt lat="37.519781" lon="-112.495077" /><trkpt lat="37.533518" lon="-112.487054" /><trkpt lat="37.556538" lon="-112.487864" /><trkpt lat="37.573832" lon="-112.479832" /><trkpt lat="37.587599" lon="-112.475741" /><trkpt lat="37.593012" lon="-112.471482" /><trkpt lat="37.600442" lon="-112.470751" /><trkpt lat="37.605996" lon="-112.467768" /><trkpt lat="37.620142" lon="-112.461664" /><trkpt lat="37.63375" lon="-112.450142" /><trkpt lat="37.640865" lon="-112.436988" /><trkpt lat="37.646743" lon="-112.434467" /><trkpt lat="37.657043" lon="-112.433786" /><trkpt lat="37.667746" lon="-112.419063" /><trkpt lat="37.686467" lon="-112.400591" /><trkpt lat="37.708038" lon="-112.392243" /><trkpt lat="37.736066" lon="-112.379683" /><trkpt lat="37.74965" lon="-112.376891" /><trkpt lat="37.766566" lon="-112.388282" /><trkpt lat="37.786967" lon="-112.393482" /><trkpt lat="37.816449" lon="-112.403848" /><trkpt lat="37.822953" lon="-112.418653" /><trkpt lat="37.822855" lon="-112.427172" /><trkpt lat="37.824716" lon="-112.435685" /><trkpt lat="37.83124" lon="-112.435759" /><trkpt lat="37.835695" lon="-112.437809" /><trkpt lat="37.861483" lon="-112.438179" /><trkpt lat="37.904883" lon="-112.430651" /><trkpt lat="37.934608" lon="-112.426039" /><trkpt lat="37.966187" lon="-112.42321" /><trkpt lat="37.969899" lon="-112.441201" /><trkpt lat="37.971588" lon="-112.450201" /><trkpt lat="37.965131" lon="-112.466062" /><trkpt lat="37.968264" lon="-112.476566" /><trkpt lat="37.981136" lon="-112.485988" /><trkpt lat="37.98939" lon="-112.499696" /><trkpt lat="37.995893" lon="-112.50717" /><trkpt lat="38.011875" lon="-112.509018" /><trkpt lat="38.024572" lon="-112.519465" /><trkpt lat="38.026916" lon="-112.525826" /><trkpt lat="38.02325" lon="-112.531896" /><trkpt lat="38.034064" lon="-112.533195" /><trkpt lat="38.038336" lon="-112.546519" /><trkpt lat="38.042122" lon="-112.559641" /><trkpt lat="38.044532" lon="-112.56817" /><trkpt lat="38.062191" lon="-112.591585" /><trkpt lat="38.065656" lon="-112.599087" /><trkpt lat="38.061513" lon="-112.607754" /><trkpt lat="38.061045" lon="-112.623872" /><trkpt lat="38.059881" lon="-112.63582" /><trkpt lat="38.05892" lon="-112.651347" /><trkpt lat="38.063453" lon="-112.6663" /><trkpt lat="38.071185" lon="-112.686843" /><trkpt lat="38.112469" lon="-112.643969" /><trkpt lat="38.148442" lon="-112.6113" /><trkpt lat="38.163069" lon="-112.619204" /><trkpt lat="38.18364" lon="-112.633642" /><trkpt lat="38.224047" lon="-112.64882" /><trkpt lat="38.249315" lon="-112.648827" /><trkpt lat="38.251268" lon="-112.646477" /><trkpt lat="38.254935" lon="-112.646224" /><trkpt lat="38.260938" lon="-112.644653" /><trkpt lat="38.265614" lon="-112.644574" /><trkpt lat="38.270268" lon="-112.64127" /><trkpt lat="38.276584" lon="-112.640532" /><trkpt lat="38.284451" lon="-112.641344" /><trkpt lat="38.291121" lon="-112.641792" /><trkpt lat="38.293466" lon="-112.645489" /><trkpt lat="38.296504" lon="-112.651024" /><trkpt lat="38.331466" lon="-112.656685" /><trkpt lat="38.36862" lon="-112.662433" /><trkpt lat="38.392815" lon="-112.658132" /><trkpt lat="38.417196" lon="-112.650991" /><trkpt lat="38.432406" lon="-112.636466" /><trkpt lat="38.443821" lon="-112.628767" /><trkpt lat="38.459071" lon="-112.621153" /><trkpt lat="38.473667" lon="-112.612655" /><trkpt lat="38.483178" lon="-112.617009" /><trkpt lat="38.505882" lon="-112.614961" /><trkpt lat="38.539791" lon="-112.609136" /><trkpt lat="38.567255" lon="-112.60443" /><trkpt lat="38.587688" lon="-112.605427" /><trkpt lat="38.617033" lon="-112.60945" /><trkpt lat="38.628515" lon="-112.608151" /><trkpt lat="38.63466" lon="-112.609416" /><trkpt lat="38.654467" lon="-112.597071" /><trkpt lat="38.66834" lon="-112.588259" /><trkpt lat="38.676667" lon="-112.593008" /><trkpt lat="38.684792" lon="-112.600928" /><trkpt lat="38.693008" lon="-112.600815" /><trkpt lat="38.707242" lon="-112.600038" /><trkpt lat="38.730256" lon="-112.591385" /><trkpt lat="38.750194" lon="-112.571121" /><trkpt lat="38.79697" lon="-112.519556" /><trkpt lat="38.84249" lon="-112.471749" /><trkpt lat="38.893789" lon="-112.411335" /><trkpt lat="38.945606" lon="-112.35117" /><trkpt lat="38.964664" lon="-112.344104" /><trkpt lat="38.984657" lon="-112.33202" /><trkpt lat="39.003123" lon="-112.313964" /><trkpt lat="39.078499" lon="-112.278594" /><trkpt lat="39.094085" lon="-112.264157" /><trkpt lat="39.141825" lon="-112.237283" /><trkpt lat="39.164408" lon="-112.218989" /><trkpt lat="39.199234" lon="-112.180379" /><trkpt lat="39.206141" lon="-112.164456" /><trkpt lat="39.217449" lon="-112.155747" /><trkpt lat="39.241894" lon="-112.125386" /><trkpt lat="39.256137" lon="-112.110743" /><trkpt lat="39.275548" lon="-112.094487" /><trkpt lat="39.331629" lon="-112.081705" /><trkpt lat="39.37739" lon="-112.078702" /><trkpt lat="39.411941" lon="-112.050018" /><trkpt lat="39.439939" lon="-112.027726" /><trkpt lat="39.478248" lon="-111.984193" /><trkpt lat="39.506207" lon="-111.963689" /><trkpt lat="39.552085" lon="-111.949519" /><trkpt lat="39.57892" lon="-111.931796" /><trkpt lat="39.595432" lon="-111.915482" /><trkpt lat="39.626842" lon="-111.904387" /><trkpt lat="39.649046" lon="-111.896575" /><trkpt lat="39.663869" lon="-111.873588" /><trkpt lat="39.679433" lon="-111.842591" /><trkpt lat="39.694247" lon="-111.825246" /><trkpt lat="39.708115" lon="-111.817561" /><trkpt lat="39.715191" lon="-111.816819" /><trkpt lat="39.740089" lon="-111.829045" /><trkpt lat="39.75107" lon="-111.834899" /><trkpt lat="39.762855" lon="-111.837663" /><trkpt lat="39.779278" lon="-111.83772" /><trkpt lat="39.796885" lon="-111.83826" /><trkpt lat="39.821574" lon="-111.833299" /><trkpt lat="39.8502" lon="-111.835598" /><trkpt lat="39.880304" lon="-111.827992" /><trkpt lat="39.906636" lon="-111.823183" /><trkpt lat="39.928426" lon="-111.810515" /><trkpt lat="39.941546" lon="-111.809733" /><trkpt lat="39.958062" lon="-111.795629" /><trkpt lat="39.975802" lon="-111.771958" /><trkpt lat="39.988495" lon="-111.76439" /><trkpt lat="40.006403" lon="-111.762325" /><trkpt lat="40.023422" lon="-111.762146" /><trkpt lat="40.027574" lon="-111.76032" /><trkpt lat="40.036771" lon="-111.75156" /><trkpt lat="40.050974" lon="-111.737228" /><trkpt lat="40.060513" lon="-111.727762" /><trkpt lat="40.078987" lon="-111.709091" /><trkpt lat="40.090036" lon="-111.697774" /><trkpt lat="40.107114" lon="-111.678824" /><trkpt lat="40.122554" lon="-111.658618" /><trkpt lat="40.128514" lon="-111.648697" /><trkpt lat="40.131655" lon="-111.646899" /><trkpt lat="40.139392" lon="-111.646681" /><trkpt lat="40.161132" lon="-111.646548" /><trkpt lat="40.188463" lon="-111.646384" /><trkpt lat="40.191998" lon="-111.647011" /><trkpt lat="40.195319" lon="-111.648645" /><trkpt lat="40.204642" lon="-111.656208" /><trkpt lat="40.211193" lon="-111.661482" /><trkpt lat="40.217827" lon="-111.667192" /><trkpt lat="40.231136" lon="-111.681955" /><trkpt lat="40.236676" lon="-111.687404" /><trkpt lat="40.243259" lon="-111.69402" /><trkpt lat="40.246196" lon="-111.695132" /><trkpt lat="40.250741" lon="-111.695282" /><trkpt lat="40.252895" lon="-111.696569" /><trkpt lat="40.266283" lon="-111.711066" /><trkpt lat="40.275594" lon="-111.718967" /><trkpt lat="40.282603" lon="-111.724541" /><trkpt lat="40.287373" lon="-111.725433" /><trkpt lat="40.302477" lon="-111.725652" /><trkpt lat="40.317721" lon="-111.725916" /><trkpt lat="40.320647" lon="-111.726477" /><trkpt lat="40.323453" lon="-111.728203" /><trkpt lat="40.325939" lon="-111.731221" /><trkpt lat="40.333485" lon="-111.743015" /><trkpt lat="40.33931" lon="-111.752105" /><trkpt lat="40.346988" lon="-111.763961" /><trkpt lat="40.353669" lon="-111.774489" /><trkpt lat="40.360581" lon="-111.785263" /><trkpt lat="40.368746" lon="-111.79801" /><trkpt lat="40.372249" lon="-111.804374" /><trkpt lat="40.375368" lon="-111.815476" /><trkpt lat="40.376774" lon="-111.818469" /><trkpt lat="40.380629" lon="-111.824968" /><trkpt lat="40.384162" lon="-111.83063" /><trkpt lat="40.386896" lon="-111.832835" /><trkpt lat="40.39211" lon="-111.835381" /><trkpt lat="40.394604" lon="-111.838117" /><trkpt lat="40.399867" lon="-111.84747" /><trkpt lat="40.412626" lon="-111.866728" /><trkpt lat="40.42018" lon="-111.877498" /><trkpt lat="40.4286" lon="-111.887796" /><trkpt lat="40.436341" lon="-111.895501" /><trkpt lat="40.449586" lon="-111.912216" /><trkpt lat="40.465383" lon="-111.91248" /><trkpt lat="40.490471" lon="-111.892142" /><trkpt lat="40.504138" lon="-111.890945" /><trkpt lat="40.529003" lon="-111.891104" /><trkpt lat="40.554725" lon="-111.897076" /><trkpt lat="40.563035" lon="-111.898944" /><trkpt lat="40.581422" lon="-111.899932" /><trkpt lat="40.590648" lon="-111.901126" /><trkpt lat="40.610586" lon="-111.905739" /><trkpt lat="40.622172" lon="-111.903432" /><trkpt lat="40.632594" lon="-111.904559" /><trkpt lat="40.643147" lon="-111.902749" /><trkpt lat="40.660818" lon="-111.901163" /><trkpt lat="40.685617" lon="-111.902564" /><trkpt lat="40.697021" lon="-111.901603" /><trkpt lat="40.711822" lon="-111.903905" /><trkpt lat="40.720475" lon="-111.904305" /><trkpt lat="40.733728" lon="-111.904459" /><trkpt lat="40.745905" lon="-111.904913" /><trkpt lat="40.751646" lon="-111.910506" /><trkpt lat="40.7554" lon="-111.910101" /><trkpt lat="40.756283" lon="-111.903293" /><trkpt lat="40.756274" lon="-111.899755" /><trkpt lat="40.756291" lon="-111.896792" /><trkpt lat="40.756309" lon="-111.893753" /><trkpt lat="40.7563" lon="-111.889511" /><trkpt lat="40.756728" lon="-111.885368" /><trkpt lat="40.758958" lon="-111.885369" /><trkpt lat="40.759621" lon="-111.886431" /><trkpt lat="40.759596" lon="-111.886431" /><trkpt lat="40.759568" lon="-111.886431" /><trkpt lat="40.759519" lon="-111.88643" /><trkpt lat="40.759508" lon="-111.886381" /><trkpt lat="40.75949" lon="-111.886302" /><trkpt lat="40.75947" lon="-111.886225" /><trkpt lat="40.759448" lon="-111.886107" /><trkpt lat="40.759442" lon="-111.886028" /><trkpt lat="40.75946" lon="-111.885844" /><trkpt lat="40.759485" lon="-111.88574" /><trkpt lat="40.759495" lon="-111.885644" /><trkpt lat="40.759495" lon="-111.88558" /><trkpt lat="40.759491" lon="-111.885369" /><trkpt lat="40.759452" lon="-111.885369" /><trkpt lat="40.759283" lon="-111.885369" /><trkpt lat="40.758958" lon="-111.885369" /><trkpt lat="40.758649" lon="-111.885368" /><trkpt lat="40.758464" lon="-111.885368" /><trkpt lat="40.758466" lon="-111.885582" /><trkpt lat="40.758467" lon="-111.886065" /><trkpt lat="40.758471" lon="-111.887242" /><trkpt lat="40.758474" lon="-111.888024" /><trkpt lat="40.758474" lon="-111.88815" /><trkpt lat="40.758475" lon="-111.888344" /><trkpt lat="40.758475" lon="-111.888439" /><trkpt lat="40.758473" lon="-111.889155" /><trkpt lat="40.758477" lon="-111.889408" /><trkpt lat="40.758479" lon="-111.889669" /><trkpt lat="40.75848" lon="-111.889929" /><trkpt lat="40.758484" lon="-111.89046" /><trkpt lat="40.758484" lon="-111.890822" /><trkpt lat="40.758485" lon="-111.890884" /><trkpt lat="40.758483" lon="-111.890994" /><trkpt lat="40.758483" lon="-111.891052" /><trkpt lat="40.758483" lon="-111.891141" /><trkpt lat="40.758483" lon="-111.891182" /><trkpt lat="40.758483" lon="-111.891197" /><trkpt lat="40.758483" lon="-111.891305" /><trkpt lat="40.758483" lon="-111.891549" /><trkpt lat="40.758481" lon="-111.892522" /><trkpt lat="40.75848" lon="-111.893351" /><trkpt lat="40.75848" lon="-111.893749" /><trkpt lat="40.75848" lon="-111.893948" /><trkpt lat="40.75848" lon="-111.894166" /><trkpt lat="40.75848" lon="-111.894285" /><trkpt lat="40.75848" lon="-111.894661" /><trkpt lat="40.75848" lon="-111.894693" /><trkpt lat="40.75848" lon="-111.89573" /><trkpt lat="40.75848" lon="-111.896187" /><trkpt lat="40.75848" lon="-111.896607" /><trkpt lat="40.758481" lon="-111.896808" /><trkpt lat="40.758481" lon="-111.896826" /><trkpt lat="40.758481" lon="-111.89683" /><trkpt lat="40.758479" lon="-111.89701" /><trkpt lat="40.758478" lon="-111.897186" /><trkpt lat="40.758476" lon="-111.89752" /><trkpt lat="40.758476" lon="-111.897776" /><trkpt lat="40.758476" lon="-111.898115" /><trkpt lat="40.75848" lon="-111.898708" /><trkpt lat="40.75848" lon="-111.898967" /><trkpt lat="40.758479" lon="-111.899041" /><trkpt lat="40.758479" lon="-111.899165" /><trkpt lat="40.758479" lon="-111.899294" /><trkpt lat="40.758479" lon="-111.899399" /><trkpt lat="40.758479" lon="-111.899439" /><trkpt lat="40.75848" lon="-111.899604" /><trkpt lat="40.75848" lon="-111.89962" /><trkpt lat="40.758481" lon="-111.899745" /><trkpt lat="40.758481" lon="-111.899767" /><trkpt lat="40.758462" lon="-111.899766" /><trkpt lat="40.758318" lon="-111.899759" /><trkpt lat="40.758005" lon="-111.899758" /><trkpt lat="40.757201" lon="-111.899758" /><trkpt lat="40.756931" lon="-111.899756" /><trkpt lat="40.756645" lon="-111.899756" /><trkpt lat="40.75648" lon="-111.899756" /><trkpt lat="40.756454" lon="-111.899756" /><trkpt lat="40.756274" lon="-111.899755" /><trkpt lat="40.756152" lon="-111.89976" /><trkpt lat="40.75596" lon="-111.899755" /><trkpt lat="40.755596" lon="-111.899756" /><trkpt lat="40.755318" lon="-111.899754" /><trkpt lat="40.754859" lon="-111.899754" /><trkpt lat="40.754313" lon="-111.899754" /><trkpt lat="40.75428" lon="-111.899754" /><trkpt lat="40.754121" lon="-111.899755" /><trkpt lat="40.753974" lon="-111.899757" /><trkpt lat="40.753455" lon="-111.899754" /><trkpt lat="40.752765" lon="-111.89961" /><trkpt lat="40.756152" lon="-111.899603" /><trkpt lat="40.75871" lon="-111.899605" /><trkpt lat="40.760638" lon="-111.899973" /><trkpt lat="40.760641" lon="-111.903624" /><trkpt lat="40.760669" lon="-111.907707" /><trkpt lat="40.760737" lon="-111.913312" /><trkpt lat="40.763682" lon="-111.913579" /><trkpt lat="40.769724" lon="-111.911053" /><trkpt lat="40.782295" lon="-111.910544" /><trkpt lat="40.793219" lon="-111.916529" /><trkpt lat="40.811044" lon="-111.923841" /><trkpt lat="40.819264" lon="-111.916799" /><trkpt lat="40.835566" lon="-111.915378" /><trkpt lat="40.846167" lon="-111.914578" /><trkpt lat="40.86385" lon="-111.899972" /><trkpt lat="40.880991" lon="-111.896598" /><trkpt lat="40.894006" lon="-111.895755" /><trkpt lat="40.902966" lon="-111.891225" /><trkpt lat="40.922773" lon="-111.890836" /><trkpt lat="40.954986" lon="-111.890876" /><trkpt lat="40.97048" lon="-111.892464" /><trkpt lat="40.986158" lon="-111.900126" /><trkpt lat="40.991586" lon="-111.909376" /><trkpt lat="41.005376" lon="-111.930956" /><trkpt lat="41.012881" lon="-111.938939" /><trkpt lat="41.032525" lon="-111.947481" /><trkpt lat="41.04185" lon="-111.952855" /><trkpt lat="41.054084" lon="-111.960872" /><trkpt lat="41.060074" lon="-111.963002" /><trkpt lat="41.073654" lon="-111.976281" /><trkpt lat="41.09302" lon="-111.994165" /><trkpt lat="41.110756" lon="-112.010416" /><trkpt lat="41.123812" lon="-112.023653" /><trkpt lat="41.131956" lon="-112.024804" /><trkpt lat="41.141602" lon="-112.023071" /><trkpt lat="41.152671" lon="-112.024924" /><trkpt lat="41.163524" lon="-112.022095" /><trkpt lat="41.170882" lon="-112.019632" /><trkpt lat="41.176466" lon="-112.01872" /><trkpt lat="41.178934" lon="-112.017932" /><trkpt lat="41.180206" lon="-112.01703" /><trkpt lat="41.181386" lon="-112.015757" /><trkpt lat="41.185603" lon="-112.010327" /><trkpt lat="41.18973" lon="-112.006568" /><trkpt lat="41.201267" lon="-111.994437" /><trkpt lat="41.206717" lon="-111.994643" /><trkpt lat="41.219078" lon="-112.004286" /><trkpt lat="41.228914" lon="-112.012314" /><trkpt lat="41.244931" lon="-112.015934" /><trkpt lat="41.260319" lon="-112.024022" /><trkpt lat="41.27945" lon="-112.02596" /><trkpt lat="41.317281" lon="-112.025943" /><trkpt lat="41.338634" lon="-112.035072" /><trkpt lat="41.34211" lon="-112.037794" /><trkpt lat="41.351943" lon="-112.041199" /><trkpt lat="41.38914" lon="-112.041681" /><trkpt lat="41.416757" lon="-112.050697" /><trkpt lat="41.427121" lon="-112.05621" /><trkpt lat="41.447835" lon="-112.056034" /><trkpt lat="41.478183" lon="-112.053596" /><trkpt lat="41.487009" lon="-112.052827" /><trkpt lat="41.503826" lon="-112.057783" /><trkpt lat="41.520021" lon="-112.063781" /><trkpt lat="41.557293" lon="-112.069015" /><trkpt lat="41.605605" lon="-112.080857" /><trkpt lat="41.631371" lon="-112.097367" /><trkpt lat="41.658232" lon="-112.119341" /><trkpt lat="41.676407" lon="-112.134603" /><trkpt lat="41.679445" lon="-112.139832" /><trkpt lat="41.698819" lon="-112.180304" /><trkpt lat="41.706439" lon="-112.196253" /><trkpt lat="41.711557" lon="-112.207242" /><trkpt lat="41.720912" lon="-112.229081" /><trkpt lat="41.726527" lon="-112.240625" /><trkpt lat="41.741899" lon="-112.255826" /><trkpt lat="41.758253" lon="-112.261551" /><trkpt lat="41.780332" lon="-112.27125" /><trkpt lat="41.793061" lon="-112.284459" /><trkpt lat="41.800759" lon="-112.307083" /><trkpt lat="41.807048" lon="-112.333142" /><trkpt lat="41.814328" lon="-112.35272" /><trkpt lat="41.81642" lon="-112.385585" /><trkpt lat="41.815061" lon="-112.406197" /><trkpt lat="41.822977" lon="-112.420861" /><trkpt lat="41.845347" lon="-112.441057" /><trkpt lat="41.870726" lon="-112.463862" /><trkpt lat="41.881309" lon="-112.479235" /><trkpt lat="41.889475" lon="-112.506512" /><trkpt lat="41.897518" lon="-112.538362" /><trkpt lat="41.894861" lon="-112.563117" /><trkpt lat="41.895314" lon="-112.572985" /><trkpt lat="41.898496" lon="-112.57782" /><trkpt lat="41.906316" lon="-112.585965" /><trkpt lat="41.912422" lon="-112.610436" /><trkpt lat="41.923168" lon="-112.632562" /><trkpt lat="41.932619" lon="-112.649728" /><trkpt lat="41.95326" lon="-112.67372" /><trkpt lat="41.961659" lon="-112.697177" /><trkpt lat="41.961832" lon="-112.742376" /><trkpt lat="41.966363" lon="-112.760572" /><trkpt lat="41.972802" lon="-112.780356" /><trkpt lat="41.986362" lon="-112.814826" /><trkpt lat="41.999348" lon="-112.832466" /><trkpt lat="42.057282" lon="-112.891085" /><trkpt lat="42.070804" lon="-112.904745" /><trkpt lat="42.084007" lon="-112.91813" /><trkpt lat="42.09683" lon="-112.93144" /><trkpt lat="42.114864" lon="-112.951972" /><trkpt lat="42.131616" lon="-112.970275" /><trkpt lat="42.150512" lon="-112.98404" /><trkpt lat="42.164273" lon="-112.995745" /><trkpt lat="42.177411" lon="-113.008595" /><trkpt lat="42.186594" lon="-113.019181" /><trkpt lat="42.195772" lon="-113.023569" /><trkpt lat="42.201103" lon="-113.027288" /><trkpt lat="42.204593" lon="-113.040649" /><trkpt lat="42.208911" lon="-113.046176" /><trkpt lat="42.2192" lon="-113.054918" /><trkpt lat="42.220769" lon="-113.063629" /><trkpt lat="42.221555" lon="-113.076677" /><trkpt lat="42.227996" lon="-113.080556" /><trkpt lat="42.240089" lon="-113.087987" /><trkpt lat="42.249989" lon="-113.100261" /><trkpt lat="42.260139" lon="-113.124449" /><trkpt lat="42.267055" lon="-113.143041" /><trkpt lat="42.28155" lon="-113.15906" /><trkpt lat="42.311499" lon="-113.190455" /><trkpt lat="42.327538" lon="-113.212395" /><trkpt lat="42.34016" lon="-113.230308" /><trkpt lat="42.353223" lon="-113.246463" /><trkpt lat="42.382769" lon="-113.281062" /><trkpt lat="42.415536" lon="-113.319393" /><trkpt lat="42.435631" lon="-113.342934" /><trkpt lat="42.443432" lon="-113.352058" /><trkpt lat="42.456618" lon="-113.367475" /><trkpt lat="42.483456" lon="-113.390465" /><trkpt lat="42.507217" lon="-113.41044" /><trkpt lat="42.521051" lon="-113.430226" /><trkpt lat="42.568891" lon="-113.514888" /><trkpt lat="42.570087" lon="-113.519705" /><trkpt lat="42.570218" lon="-113.523002" /><trkpt lat="42.568771" lon="-113.542882" /><trkpt lat="42.568836" lon="-113.58696" /><trkpt lat="42.568947" lon="-113.627005" /><trkpt lat="42.568984" lon="-113.645304" /><trkpt lat="42.568996" lon="-113.667831" /><trkpt lat="42.568945" lon="-113.715601" /><trkpt lat="42.56862" lon="-113.754069" /><trkpt lat="42.568423" lon="-113.770439" /><trkpt lat="42.568853" lon="-113.785988" /><trkpt lat="42.566477" lon="-113.789303" /><trkpt lat="42.562181" lon="-113.792642" /><trkpt lat="42.558599" lon="-113.79339" /><trkpt lat="42.55129" lon="-113.793279" /><trkpt lat="42.548264" lon="-113.793263" /><trkpt lat="42.543366" lon="-113.793257" /><trkpt lat="42.538616" lon="-113.793277" /><trkpt lat="42.535743" lon="-113.792608" /><trkpt lat="42.538211" lon="-113.793277" /><trkpt lat="42.542005" lon="-113.793286" /><trkpt lat="42.546465" lon="-113.793251" /><trkpt lat="42.548971" lon="-113.793261" /><trkpt lat="42.551753" lon="-113.793267" /><trkpt lat="42.557469" lon="-113.793112" /><trkpt lat="42.563572" lon="-113.791213" /><trkpt lat="42.566762" lon="-113.788758" /><trkpt lat="42.569106" lon="-113.788231" /><trkpt lat="42.568582" lon="-113.797779" /><trkpt lat="42.568861" lon="-113.815639" /><trkpt lat="42.568955" lon="-113.833029" /><trkpt lat="42.570463" lon="-113.844962" /><trkpt lat="42.574122" lon="-113.852465" /><trkpt lat="42.576438" lon="-113.867983" /><trkpt lat="42.576651" lon="-113.894659" /><trkpt lat="42.57682" lon="-113.915888" /><trkpt lat="42.576688" lon="-113.932448" /><trkpt lat="42.576338" lon="-113.991424" /><trkpt lat="42.576338" lon="-114.026981" /><trkpt lat="42.576233" lon="-114.060659" /><trkpt lat="42.576241" lon="-114.077464" /><trkpt lat="42.575966" lon="-114.098924" /><trkpt lat="42.576066" lon="-114.114058" /><trkpt lat="42.575873" lon="-114.134014" /><trkpt lat="42.574562" lon="-114.147661" /><trkpt lat="42.576206" lon="-114.161252" /><trkpt lat="42.576136" lon="-114.18594" /><trkpt lat="42.576167" lon="-114.20682" /><trkpt lat="42.576252" lon="-114.220575" /><trkpt lat="42.576361" lon="-114.243883" /><trkpt lat="42.576443" lon="-114.270347" /><trkpt lat="42.57676" lon="-114.29052" /><trkpt lat="42.577704" lon="-114.298004" /><trkpt lat="42.579819" lon="-114.304597" /><trkpt lat="42.590706" lon="-114.32391" /><trkpt lat="42.611149" lon="-114.359759" /><trkpt lat="42.61965" lon="-114.381444" /><trkpt lat="42.627528" lon="-114.403608" /><trkpt lat="42.638064" lon="-114.433326" /><trkpt lat="42.645733" lon="-114.455003" /><trkpt lat="42.661778" lon="-114.487006" /><trkpt lat="42.677481" lon="-114.507214" /><trkpt lat="42.689929" lon="-114.518964" /><trkpt lat="42.709842" lon="-114.533399" /><trkpt lat="42.724788" lon="-114.546719" /><trkpt lat="42.732276" lon="-114.564356" /><trkpt lat="42.73693" lon="-114.595601" /><trkpt lat="42.743508" lon="-114.622369" /><trkpt lat="42.753407" lon="-114.654653" /><trkpt lat="42.763893" lon="-114.69145" /><trkpt lat="42.767297" lon="-114.708853" /><trkpt lat="42.772641" lon="-114.720553" /><trkpt lat="42.777321" lon="-114.726845" /><trkpt lat="42.788022" lon="-114.741227" /><trkpt lat="42.802495" lon="-114.762246" /><trkpt lat="42.815731" lon="-114.78159" /><trkpt lat="42.832195" lon="-114.809229" /><trkpt lat="42.844627" lon="-114.824581" /><trkpt lat="42.852841" lon="-114.834777" /><trkpt lat="42.856097" lon="-114.843103" /><trkpt lat="42.862384" lon="-114.8476" /><trkpt lat="42.866563" lon="-114.851562" /><trkpt lat="42.870613" lon="-114.85802" /><trkpt lat="42.87814" lon="-114.87166" /><trkpt lat="42.884964" lon="-114.880672" /><trkpt lat="42.89424" lon="-114.892852" /><trkpt lat="42.905709" lon="-114.907905" /><trkpt lat="42.918916" lon="-114.925534" /><trkpt lat="42.925165" lon="-114.93645" /><trkpt lat="42.931712" lon="-114.945457" /><trkpt lat="42.937294" lon="-114.954222" /><trkpt lat="42.938264" lon="-114.978025" /><trkpt lat="42.938222" lon="-114.999372" /><trkpt lat="42.938154" lon="-115.027885" /><trkpt lat="42.93814" lon="-115.064616" /><trkpt lat="42.940674" lon="-115.079375" /><trkpt lat="42.94421" lon="-115.092467" /><trkpt lat="42.951573" lon="-115.120946" /><trkpt lat="42.953289" lon="-115.140188" /><trkpt lat="42.955373" lon="-115.166954" /><trkpt lat="42.956984" lon="-115.177895" /><trkpt lat="42.962245" lon="-115.185067" /><trkpt lat="42.969471" lon="-115.193196" /><trkpt lat="42.973123" lon="-115.201366" /><trkpt lat="42.97412" lon="-115.211112" /><trkpt lat="42.973934" lon="-115.219163" /><trkpt lat="42.972411" lon="-115.228557" /><trkpt lat="42.968473" lon="-115.242739" /><trkpt lat="42.965377" lon="-115.253462" /><trkpt lat="42.961981" lon="-115.261846" /><trkpt lat="42.961245" lon="-115.271504" /><trkpt lat="42.960404" lon="-115.284864" /><trkpt lat="42.960097" lon="-115.298606" /><trkpt lat="42.962119" lon="-115.312501" /><trkpt lat="42.964748" lon="-115.330019" /><trkpt lat="42.960586" lon="-115.341773" /><trkpt lat="42.957325" lon="-115.351922" /><trkpt lat="42.957508" lon="-115.36599" /><trkpt lat="42.954666" lon="-115.376553" /><trkpt lat="42.948982" lon="-115.388601" /><trkpt lat="42.946214" lon="-115.405457" /><trkpt lat="42.946139" lon="-115.421121" /><trkpt lat="42.948263" lon="-115.43015" /><trkpt lat="42.956169" lon="-115.44518" /><trkpt lat="42.958872" lon="-115.461312" /><trkpt lat="42.958699" lon="-115.481077" /><trkpt lat="42.967485" lon="-115.494779" /><trkpt lat="42.978895" lon="-115.509255" /><trkpt lat="42.990114" lon="-115.524309" /><trkpt lat="43.001112" lon="-115.537038" /><trkpt lat="43.009191" lon="-115.548303" /><trkpt lat="43.026413" lon="-115.559897" /><trkpt lat="43.043538" lon="-115.574356" /><trkpt lat="43.073231" lon="-115.602089" /><trkpt lat="43.086344" lon="-115.612863" /><trkpt lat="43.092231" lon="-115.617399" /><trkpt lat="43.101183" lon="-115.625001" /><trkpt lat="43.111906" lon="-115.639221" /><trkpt lat="43.123865" lon="-115.650042" /><trkpt lat="43.140745" lon="-115.664846" /><trkpt lat="43.150153" lon="-115.677358" /><trkpt lat="43.158667" lon="-115.693707" /><trkpt lat="43.165931" lon="-115.711247" /><trkpt lat="43.170024" lon="-115.727499" /><trkpt lat="43.17497" lon="-115.753481" /><trkpt lat="43.183749" lon="-115.777786" /><trkpt lat="43.241933" lon="-115.842378" /><trkpt lat="43.344454" lon="-115.952672" /><trkpt lat="43.38911" lon="-116.000855" /><trkpt lat="43.417946" lon="-116.032071" /><trkpt lat="43.435819" lon="-116.062261" /><trkpt lat="43.467384" lon="-116.095769" /><trkpt lat="43.484268" lon="-116.114587" /><trkpt lat="43.503415" lon="-116.139037" /><trkpt lat="43.513817" lon="-116.146078" /><trkpt lat="43.540002" lon="-116.159005" /><trkpt lat="43.545189" lon="-116.164228" /><trkpt lat="43.562131" lon="-116.188262" /><trkpt lat="43.565171" lon="-116.193498" /><trkpt lat="43.567191" lon="-116.198859" /><trkpt lat="43.57018" lon="-116.210631" /><trkpt lat="43.571411" lon="-116.215621" /><trkpt lat="43.572171" lon="-116.221761" /><trkpt lat="43.572558" lon="-116.237116" /><trkpt lat="43.575586" lon="-116.243802" /><trkpt lat="43.580413" lon="-116.253708" /><trkpt lat="43.588248" lon="-116.269827" /><trkpt lat="43.593875" lon="-116.28076" /><trkpt lat="43.597011" lon="-116.285973" /><trkpt lat="43.600583" lon="-116.283973" /><trkpt lat="43.604228" lon="-116.278857" /><trkpt lat="43.613923" lon="-116.262354" /><trkpt lat="43.616642" lon="-116.253651" /><trkpt lat="43.618838" lon="-116.253487" /><trkpt lat="43.618994" lon="-116.249797" /><trkpt lat="43.618983" lon="-116.246473" /><trkpt lat="43.618908" lon="-116.243834" /><trkpt lat="43.620708" lon="-116.243413" /><trkpt lat="43.618966" lon="-116.243661" /><trkpt lat="43.618983" lon="-116.246255" /><trkpt lat="43.618992" lon="-116.249124" /><trkpt lat="43.619067" lon="-116.253015" /><trkpt lat="43.617627" lon="-116.253658" /><trkpt lat="43.613884" lon="-116.26299" /><trkpt lat="43.605516" lon="-116.27739" /><trkpt lat="43.601188" lon="-116.283877" /><trkpt lat="43.597777" lon="-116.289655" /><trkpt lat="43.597401" lon="-116.295457" /><trkpt lat="43.597404" lon="-116.334235" /><trkpt lat="43.597394" lon="-116.346775" /><trkpt lat="43.596626" lon="-116.354221" /><trkpt lat="43.594725" lon="-116.361215" /><trkpt lat="43.59357" lon="-116.374767" /><trkpt lat="43.593597" lon="-116.393142" /><trkpt lat="43.593551" lon="-116.401316" /><trkpt lat="43.59355" lon="-116.433596" /><trkpt lat="43.593639" lon="-116.441841" /><trkpt lat="43.596602" lon="-116.468257" /><trkpt lat="43.599491" lon="-116.496146" /><trkpt lat="43.598385" lon="-116.53495" /><trkpt lat="43.598984" lon="-116.553039" /><trkpt lat="43.600698" lon="-116.573503" /><trkpt lat="43.602176" lon="-116.583396" /><trkpt lat="43.610705" lon="-116.59751" /><trkpt lat="43.622043" lon="-116.613167" /><trkpt lat="43.636287" lon="-116.635882" /><trkpt lat="43.644637" lon="-116.647506" /><trkpt lat="43.652813" lon="-116.65279" /><trkpt lat="43.66241" lon="-116.659343" /><trkpt lat="43.66645" lon="-116.668656" /><trkpt lat="43.669648" lon="-116.67622" /><trkpt lat="43.675836" lon="-116.685366" /><trkpt lat="43.680204" lon="-116.689068" /><trkpt lat="43.686606" lon="-116.690269" /><trkpt lat="43.69289" lon="-116.695019" /><trkpt lat="43.701154" lon="-116.698856" /><trkpt lat="43.709702" lon="-116.699488" /><trkpt lat="43.722727" lon="-116.704064" /><trkpt lat="43.736941" lon="-116.709288" /><trkpt lat="43.747796" lon="-116.713258" /><trkpt lat="43.756081" lon="-116.716297" /><trkpt lat="43.76907" lon="-116.721059" /><trkpt lat="43.778836" lon="-116.725869" /><trkpt lat="43.787955" lon="-116.734591" /><trkpt lat="43.798019" lon="-116.744766" /><trkpt lat="43.805288" lon="-116.751111" /><trkpt lat="43.811718" lon="-116.754229" /><trkpt lat="43.824915" lon="-116.759509" /><trkpt lat="43.834383" lon="-116.762331" /><trkpt lat="43.847957" lon="-116.76565" /><trkpt lat="43.85772" lon="-116.769674" /><trkpt lat="43.865149" lon="-116.776514" /><trkpt lat="43.869617" lon="-116.783056" /><trkpt lat="43.877621" lon="-116.794872" /><trkpt lat="43.883592" lon="-116.800403" /><trkpt lat="43.891203" lon="-116.804506" /><trkpt lat="43.900843" lon="-116.809472" /><trkpt lat="43.90649" lon="-116.814651" /><trkpt lat="43.913174" lon="-116.82292" /><trkpt lat="43.925352" lon="-116.838249" /><trkpt lat="43.934345" lon="-116.854231" /><trkpt lat="43.94218" lon="-116.868935" /><trkpt lat="43.955209" lon="-116.893057" /><trkpt lat="43.963834" lon="-116.904575" /><trkpt lat="43.971539" lon="-116.914162" /><trkpt lat="43.979343" lon="-116.923294" /><trkpt lat="43.988869" lon="-116.931565" /><trkpt lat="44.00097" lon="-116.938488" /><trkpt lat="44.017227" lon="-116.945411" /><trkpt lat="44.02488" lon="-116.948724" /><trkpt lat="44.032948" lon="-116.953073" /><trkpt lat="44.042357" lon="-116.968188" /><trkpt lat="44.053813" lon="-116.982772" /><trkpt lat="44.067886" lon="-116.996512" /><trkpt lat="44.082579" lon="-117.0155" /><trkpt lat="44.118069" lon="-117.06486" /><trkpt lat="44.140963" lon="-117.101483" /><trkpt lat="44.162117" lon="-117.11719" /><trkpt lat="44.175662" lon="-117.133497" /><trkpt lat="44.191455" lon="-117.138814" /><trkpt lat="44.205233" lon="-117.144301" /><trkpt lat="44.220536" lon="-117.153678" /><trkpt lat="44.231645" lon="-117.16783" /><trkpt lat="44.251781" lon="-117.176163" /><trkpt lat="44.25682" lon="-117.176682" /><trkpt lat="44.26088" lon="-117.18263" /><trkpt lat="44.263369" lon="-117.189655" /><trkpt lat="44.267437" lon="-117.19429" /><trkpt lat="44.270025" lon="-117.198476" /><trkpt lat="44.27296" lon="-117.203999" /><trkpt lat="44.277118" lon="-117.207971" /><trkpt lat="44.28206" lon="-117.211375" /><trkpt lat="44.287319" lon="-117.219085" /><trkpt lat="44.298129" lon="-117.233064" /><trkpt lat="44.328153" lon="-117.278726" /><trkpt lat="44.352056" lon="-117.289572" /><trkpt lat="44.376525" lon="-117.29958" /><trkpt lat="44.38308" lon="-117.308284" /><trkpt lat="44.39829" lon="-117.307951" /><trkpt lat="44.406392" lon="-117.312876" /><trkpt lat="44.413489" lon="-117.30749" /><trkpt lat="44.426003" lon="-117.313817" /><trkpt lat="44.435601" lon="-117.322004" /><trkpt lat="44.442922" lon="-117.324966" /><trkpt lat="44.445945" lon="-117.327057" /><trkpt lat="44.448941" lon="-117.331157" /><trkpt lat="44.453368" lon="-117.329141" /><trkpt lat="44.45782" lon="-117.32956" /><trkpt lat="44.462251" lon="-117.335185" /><trkpt lat="44.465138" lon="-117.335816" /><trkpt lat="44.468909" lon="-117.335983" /><trkpt lat="44.474802" lon="-117.341903" /><trkpt lat="44.480986" lon="-117.344979" /><trkpt lat="44.483704" lon="-117.346988" /><trkpt lat="44.484438" lon="-117.357209" /><trkpt lat="44.485827" lon="-117.360525" /><trkpt lat="44.496829" lon="-117.368556" /><trkpt lat="44.501045" lon="-117.370295" /><trkpt lat="44.505776" lon="-117.369438" /><trkpt lat="44.510634" lon="-117.37593" /><trkpt lat="44.514468" lon="-117.375205" /><trkpt lat="44.517553" lon="-117.375286" /><trkpt lat="44.519825" lon="-117.381391" /><trkpt lat="44.521872" lon="-117.386317" /><trkpt lat="44.523725" lon="-117.393304" /><trkpt lat="44.525676" lon="-117.398702" /><trkpt lat="44.530648" lon="-117.402403" /><trkpt lat="44.533249" lon="-117.409205" /><trkpt lat="44.540182" lon="-117.416017" /><trkpt lat="44.560879" lon="-117.428903" /><trkpt lat="44.585076" lon="-117.459152" /><trkpt lat="44.593268" lon="-117.469671" /><trkpt lat="44.604626" lon="-117.476159" /><trkpt lat="44.621895" lon="-117.501065" /><trkpt lat="44.628365" lon="-117.515921" /><trkpt lat="44.641885" lon="-117.540056" /><trkpt lat="44.647228" lon="-117.553939" /><trkpt lat="44.658372" lon="-117.598872" /><trkpt lat="44.665189" lon="-117.616437" /><trkpt lat="44.669392" lon="-117.622392" /><trkpt lat="44.683024" lon="-117.659464" /><trkpt lat="44.693002" lon="-117.688167" /><trkpt lat="44.716304" lon="-117.753013" /><trkpt lat="44.740529" lon="-117.796704" /><trkpt lat="44.748131" lon="-117.80391" /><trkpt lat="44.749149" lon="-117.807051" /><trkpt lat="44.752257" lon="-117.810975" /><trkpt lat="44.758381" lon="-117.817604" /><trkpt lat="44.764068" lon="-117.825332" /><trkpt lat="44.76947" lon="-117.826846" /><trkpt lat="44.772417" lon="-117.826828" /><trkpt lat="44.773126" lon="-117.827246" /><trkpt lat="44.773968" lon="-117.828631" /><trkpt lat="44.774517" lon="-117.829065" /><trkpt lat="44.774515" lon="-117.829958" /><trkpt lat="44.774509" lon="-117.832249" /><trkpt lat="44.774875" lon="-117.834434" /><trkpt lat="44.776703" lon="-117.834407" /><trkpt lat="44.778118" lon="-117.834261" /><trkpt lat="44.778116" lon="-117.831955" /><trkpt lat="44.778201" lon="-117.829734" /><trkpt lat="44.779827" lon="-117.829725" /><trkpt lat="44.780956" lon="-117.829719" /><trkpt lat="44.7817" lon="-117.826105" /><trkpt lat="44.781672" lon="-117.819915" /><trkpt lat="44.781634" lon="-117.815721" /><trkpt lat="44.782672" lon="-117.811077" /><trkpt lat="44.800379" lon="-117.81262" /><trkpt lat="44.823314" lon="-117.815382" /><trkpt lat="44.858054" lon="-117.816176" /><trkpt lat="44.863548" lon="-117.816433" /><trkpt lat="44.906116" lon="-117.819289" /><trkpt lat="44.922391" lon="-117.824363" /><trkpt lat="44.938402" lon="-117.841454" /><trkpt lat="44.955183" lon="-117.856842" /><trkpt lat="44.966462" lon="-117.871312" /><trkpt lat="44.980983" lon="-117.889038" /><trkpt lat="45.004748" lon="-117.908531" /><trkpt lat="45.020748" lon="-117.923232" /><trkpt lat="45.026419" lon="-117.926307" /><trkpt lat="45.04813" lon="-117.937432" /><trkpt lat="45.063311" lon="-117.943474" /><trkpt lat="45.097359" lon="-117.953018" /><trkpt lat="45.123917" lon="-117.962463" /><trkpt lat="45.149989" lon="-117.971651" /><trkpt lat="45.159122" lon="-117.964827" /><trkpt lat="45.171452" lon="-117.97031" /><trkpt lat="45.182844" lon="-117.986692" /><trkpt lat="45.188785" lon="-117.994793" /><trkpt lat="45.201487" lon="-118.016669" /><trkpt lat="45.21315" lon="-118.025756" /><trkpt lat="45.216075" lon="-118.021862" /><trkpt lat="45.226368" lon="-118.012238" /><trkpt lat="45.242453" lon="-118.01654" /><trkpt lat="45.279102" lon="-118.031239" /><trkpt lat="45.293728" lon="-118.037033" /><trkpt lat="45.300116" lon="-118.040332" /><trkpt lat="45.31828" lon="-118.058651" /><trkpt lat="45.331348" lon="-118.071928" /><trkpt lat="45.338362" lon="-118.079304" /><trkpt lat="45.340432" lon="-118.086126" /><trkpt lat="45.343129" lon="-118.102096" /><trkpt lat="45.344036" lon="-118.111644" /><trkpt lat="45.342885" lon="-118.116724" /><trkpt lat="45.343046" lon="-118.118646" /><trkpt lat="45.344931" lon="-118.122422" /><trkpt lat="45.346235" lon="-118.125384" /><trkpt lat="45.345985" lon="-118.128231" /><trkpt lat="45.343933" lon="-118.137302" /><trkpt lat="45.345198" lon="-118.140994" /><trkpt lat="45.347434" lon="-118.145429" /><trkpt lat="45.347189" lon="-118.147976" /><trkpt lat="45.345828" lon="-118.152718" /><trkpt lat="45.346199" lon="-118.158831" /><trkpt lat="45.345123" lon="-118.162858" /><trkpt lat="45.345368" lon="-118.166006" /><trkpt lat="45.34882" lon="-118.169262" /><trkpt lat="45.351475" lon="-118.170766" /><trkpt lat="45.35246" lon="-118.17325" /><trkpt lat="45.352902" lon="-118.182913" /><trkpt lat="45.354727" lon="-118.187548" /><trkpt lat="45.354565" lon="-118.190225" /><trkpt lat="45.352492" lon="-118.196449" /><trkpt lat="45.348886" lon="-118.20013" /><trkpt lat="45.347638" lon="-118.202582" /><trkpt lat="45.348786" lon="-118.207068" /><trkpt lat="45.349629" lon="-118.210203" /><trkpt lat="45.348513" lon="-118.21772" /><trkpt lat="45.347367" lon="-118.221617" /><trkpt lat="45.345702" lon="-118.224216" /><trkpt lat="45.34256" lon="-118.227999" /><trkpt lat="45.342203" lon="-118.230301" /><trkpt lat="45.343544" lon="-118.237325" /><trkpt lat="45.347687" lon="-118.245635" /><trkpt lat="45.355193" lon="-118.256668" /><trkpt lat="45.358495" lon="-118.263802" /><trkpt lat="45.361452" lon="-118.268729" /><trkpt lat="45.370336" lon="-118.294681" /><trkpt lat="45.37321" lon="-118.300139" /><trkpt lat="45.376018" lon="-118.30333" /><trkpt lat="45.382026" lon="-118.309536" /><trkpt lat="45.387188" lon="-118.317024" /><trkpt lat="45.394157" lon="-118.327145" /><trkpt lat="45.398939" lon="-118.333848" /><trkpt lat="45.405431" lon="-118.339427" /><trkpt lat="45.411611" lon="-118.343816" /><trkpt lat="45.419202" lon="-118.349155" /><trkpt lat="45.425134" lon="-118.353902" /><trkpt lat="45.431123" lon="-118.360405" /><trkpt lat="45.443613" lon="-118.374079" /><trkpt lat="45.447743" lon="-118.377481" /><trkpt lat="45.451583" lon="-118.37823" /><trkpt lat="45.454648" lon="-118.378953" /><trkpt lat="45.459407" lon="-118.382718" /><trkpt lat="45.467851" lon="-118.390429" /><trkpt lat="45.477849" lon="-118.39961" /><trkpt lat="45.489147" lon="-118.409813" /><trkpt lat="45.498873" lon="-118.418751" /><trkpt lat="45.5302" lon="-118.447555" /><trkpt lat="45.537541" lon="-118.456004" /><trkpt lat="45.542989" lon="-118.461939" /><trkpt lat="45.547119" lon="-118.464031" /><trkpt lat="45.551976" lon="-118.464316" /><trkpt lat="45.554838" lon="-118.463451" /><trkpt lat="45.562997" lon="-118.459568" /><trkpt lat="45.569444" lon="-118.456454" /><trkpt lat="45.575493" lon="-118.454137" /><trkpt lat="45.580551" lon="-118.454973" /><trkpt lat="45.585281" lon="-118.458973" /><trkpt lat="45.591335" lon="-118.470364" /><trkpt lat="45.599645" lon="-118.499519" /><trkpt lat="45.600125" lon="-118.503637" /><trkpt lat="45.599666" lon="-118.507459" /><trkpt lat="45.598839" lon="-118.509862" /><trkpt lat="45.596388" lon="-118.515158" /><trkpt lat="45.593897" lon="-118.528037" /><trkpt lat="45.58882" lon="-118.5579" /><trkpt lat="45.58638" lon="-118.57213" /><trkpt lat="45.585092" lon="-118.576697" /><trkpt lat="45.582483" lon="-118.582469" /><trkpt lat="45.58195" lon="-118.58616" /><trkpt lat="45.582194" lon="-118.588046" /><trkpt lat="45.585438" lon="-118.598808" /><trkpt lat="45.585892" lon="-118.603191" /><trkpt lat="45.58479" lon="-118.606786" /><trkpt lat="45.58286" lon="-118.611432" /><trkpt lat="45.582322" lon="-118.619255" /><trkpt lat="45.583151" lon="-118.621981" /><trkpt lat="45.58518" lon="-118.623134" /><trkpt lat="45.587143" lon="-118.622206" /><trkpt lat="45.588294" lon="-118.618687" /><trkpt lat="45.590064" lon="-118.612658" /><trkpt lat="45.592273" lon="-118.610082" /><trkpt lat="45.594143" lon="-118.610547" /><trkpt lat="45.595531" lon="-118.613607" /><trkpt lat="45.595453" lon="-118.62035" /><trkpt lat="45.598397" lon="-118.625774" /><trkpt lat="45.60103" lon="-118.632144" /><trkpt lat="45.601625" lon="-118.639228" /><trkpt lat="45.60224" lon="-118.643559" /><trkpt lat="45.604014" lon="-118.646161" /><trkpt lat="45.607213" lon="-118.646824" /><trkpt lat="45.612114" lon="-118.645343" /><trkpt lat="45.619071" lon="-118.653962" /><trkpt lat="45.628525" lon="-118.668498" /><trkpt lat="45.639824" lon="-118.685863" /><trkpt lat="45.647427" lon="-118.697576" /><trkpt lat="45.654809" lon="-118.709075" /><trkpt lat="45.657467" lon="-118.721046" /><trkpt lat="45.66356" lon="-118.755812" /><trkpt lat="45.664203" lon="-118.775278" /><trkpt lat="45.667079" lon="-118.781818" /><trkpt lat="45.669414" lon="-118.785503" /><trkpt lat="45.67063" lon="-118.786259" /><trkpt lat="45.671423" lon="-118.787889" /><trkpt lat="45.672018" lon="-118.788788" /><trkpt lat="45.671534" lon="-118.791289" /><trkpt lat="45.669826" lon="-118.796887" /><trkpt lat="45.668524" lon="-118.801146" /><trkpt lat="45.668041" lon="-118.802774" /><trkpt lat="45.666858" lon="-118.806155" /><trkpt lat="45.664597" lon="-118.805223" /><trkpt lat="45.664745" lon="-118.809616" /><trkpt lat="45.666334" lon="-118.816021" /><trkpt lat="45.674806" lon="-118.84202" /><trkpt lat="45.676898" lon="-118.848388" /><trkpt lat="45.679328" lon="-118.859629" /><trkpt lat="45.676489" lon="-118.871909" /><trkpt lat="45.676125" lon="-118.880801" /><trkpt lat="45.680007" lon="-118.895022" /><trkpt lat="45.689748" lon="-118.92492" /><trkpt lat="45.711447" lon="-118.991433" /><trkpt lat="45.718842" lon="-119.014049" /><trkpt lat="45.742194" lon="-119.085756" /><trkpt lat="45.747908" lon="-119.115756" /><trkpt lat="45.763968" lon="-119.208916" /><trkpt lat="45.770501" lon="-119.247" /><trkpt lat="45.782914" lon="-119.319528" /><trkpt lat="45.792108" lon="-119.373431" /><trkpt lat="45.794613" lon="-119.386918" /><trkpt lat="45.797476" lon="-119.389138" /><trkpt lat="45.8015" lon="-119.385253" /><trkpt lat="45.806152" lon="-119.383266" /><trkpt lat="45.830914" lon="-119.383167" /><trkpt lat="45.839083" lon="-119.378566" /><trkpt lat="45.864222" lon="-119.346052" /><trkpt lat="45.873861" lon="-119.334973" /><trkpt lat="45.885675" lon="-119.329245" /><trkpt lat="45.895747" lon="-119.329677" /><trkpt lat="45.903868" lon="-119.331286" /><trkpt lat="45.914537" lon="-119.322553" /><trkpt lat="45.918466" lon="-119.321007" /><trkpt lat="45.921744" lon="-119.322825" /><trkpt lat="45.931583" lon="-119.328298" /><trkpt lat="45.9434" lon="-119.33372" /><trkpt lat="45.94541" lon="-119.335498" /><trkpt lat="45.943932" lon="-119.342802" /><trkpt lat="45.944647" lon="-119.351377" /><trkpt lat="45.959557" lon="-119.3511" /><trkpt lat="45.998746" lon="-119.350381" /><trkpt lat="46.01503" lon="-119.356682" /><trkpt lat="46.049768" lon="-119.370388" /><trkpt lat="46.053343" lon="-119.371613" /><trkpt lat="46.07636" lon="-119.370609" /><trkpt lat="46.100455" lon="-119.370049" /><trkpt lat="46.107832" lon="-119.369956" /><trkpt lat="46.127339" lon="-119.369467" /><trkpt lat="46.129718" lon="-119.370514" /><trkpt lat="46.130712" lon="-119.372492" /><trkpt lat="46.130629" lon="-119.390786" /><trkpt lat="46.129682" lon="-119.432902" /><trkpt lat="46.13046" lon="-119.517396" /><trkpt lat="46.143378" lon="-119.601046" /><trkpt lat="46.185528" lon="-119.602033" /><trkpt lat="46.186682" lon="-119.622057" /><trkpt lat="46.18731" lon="-119.674977" /><trkpt lat="46.187359" lon="-119.701263" /><trkpt lat="46.188301" lon="-119.704494" /><trkpt lat="46.190567" lon="-119.705905" /><trkpt lat="46.204126" lon="-119.705814" /><trkpt lat="46.205043" lon="-119.70653" /><trkpt lat="46.205187" lon="-119.70787" /><trkpt lat="46.20474" lon="-119.708753" /><trkpt lat="46.200346" lon="-119.71292" /><trkpt lat="46.199549" lon="-119.714574" /><trkpt lat="46.199256" lon="-119.716577" /><trkpt lat="46.1995" lon="-119.718434" /><trkpt lat="46.201777" lon="-119.723017" /><trkpt lat="46.206875" lon="-119.725276" /><trkpt lat="46.208112" lon="-119.726486" /><trkpt lat="46.208645" lon="-119.728037" /><trkpt lat="46.20862" lon="-119.729876" /><trkpt lat="46.207751" lon="-119.738467" /><trkpt lat="46.20754" lon="-119.740173" /><trkpt lat="46.206004" lon="-119.746903" /><trkpt lat="46.206032" lon="-119.748624" /><trkpt lat="46.208648" lon="-119.747566" /><trkpt lat="46.214027" lon="-119.747638" /><trkpt lat="46.215226" lon="-119.741297" /><trkpt lat="46.214074" lon="-119.74146" /><trkpt lat="46.214767" lon="-119.743253" /><trkpt lat="46.218002" lon="-119.748231" /><trkpt lat="46.221221" lon="-119.755441" /><trkpt lat="46.221938" lon="-119.787692" /><trkpt lat="46.223914" lon="-119.79526" /><trkpt lat="46.229131" lon="-119.804377" /><trkpt lat="46.237713" lon="-119.816898" /><trkpt lat="46.246285" lon="-119.849065" /><trkpt lat="46.253217" lon="-119.873318" /><trkpt lat="46.262532" lon="-119.891314" /><trkpt lat="46.264839" lon="-119.897072" /><trkpt lat="46.269919" lon="-119.920028" /><trkpt lat="46.272611" lon="-119.928597" /><trkpt lat="46.279067" lon="-119.93542" /><trkpt lat="46.304588" lon="-119.969023" /><trkpt lat="46.306577" lon="-119.975581" /><trkpt lat="46.306143" lon="-119.995972" /><trkpt lat="46.306261" lon="-120.019811" /><trkpt lat="46.306717" lon="-120.040381" /><trkpt lat="46.309876" lon="-120.047352" /><trkpt lat="46.320046" lon="-120.059502" /><trkpt lat="46.324828" lon="-120.074959" /><trkpt lat="46.327959" lon="-120.081688" /><trkpt lat="46.330484" lon="-120.111076" /><trkpt lat="46.331655" lon="-120.119697" /><trkpt lat="46.337332" lon="-120.131604" /><trkpt lat="46.338461" lon="-120.15573" /><trkpt lat="46.340425" lon="-120.167349" /><trkpt lat="46.345664" lon="-120.177317" /><trkpt lat="46.351205" lon="-120.18586" /><trkpt lat="46.355228" lon="-120.196216" /><trkpt lat="46.367125" lon="-120.210878" /><trkpt lat="46.375449" lon="-120.218621" /><trkpt lat="46.386663" lon="-120.232361" /><trkpt lat="46.393618" lon="-120.243081" /><trkpt lat="46.394889" lon="-120.249899" /><trkpt lat="46.399942" lon="-120.263069" /><trkpt lat="46.40364" lon="-120.278298" /><trkpt lat="46.405638" lon="-120.283648" /><trkpt lat="46.410987" lon="-120.290007" /><trkpt lat="46.416085" lon="-120.312272" /><trkpt lat="46.417633" lon="-120.322937" /><trkpt lat="46.423102" lon="-120.336452" /><trkpt lat="46.430672" lon="-120.342957" /><trkpt lat="46.439183" lon="-120.345008" /><trkpt lat="46.444689" lon="-120.347927" /><trkpt lat="46.455203" lon="-120.366394" /><trkpt lat="46.468494" lon="-120.390139" /><trkpt lat="46.47208" lon="-120.397323" /><trkpt lat="46.486701" lon="-120.415004" /><trkpt lat="46.491996" lon="-120.429113" /><trkpt lat="46.495359" lon="-120.436418" /><trkpt lat="46.501917" lon="-120.446913" /><trkpt lat="46.508538" lon="-120.450968" /><trkpt lat="46.51783" lon="-120.456433" /><trkpt lat="46.52003" lon="-120.46067" /><trkpt lat="46.521963" lon="-120.468575" /><trkpt lat="46.528292" lon="-120.470947" /><trkpt lat="46.535696" lon="-120.471359" /><trkpt lat="46.548128" lon="-120.470373" /><trkpt lat="46.557104" lon="-120.470269" /><trkpt lat="46.561126" lon="-120.471596" /><trkpt lat="46.563013" lon="-120.472116" /><trkpt lat="46.579799" lon="-120.471725" /><trkpt lat="46.584787" lon="-120.472808" /><trkpt lat="46.597485" lon="-120.479359" /><trkpt lat="46.60558" lon="-120.485234" /><trkpt lat="46.606091" lon="-120.486674" /><trkpt lat="46.605363" lon="-120.489761" /><trkpt lat="46.605205" lon="-120.49278" /><trkpt lat="46.604718" lon="-120.495343" /><trkpt lat="46.604351" lon="-120.496957" /><trkpt lat="46.603943" lon="-120.498661" /><trkpt lat="46.60359" lon="-120.500187" /><trkpt lat="46.603011" lon="-120.502706" /><trkpt lat="46.604061" lon="-120.498177" /><trkpt lat="46.605201" lon="-120.492068" /><trkpt lat="46.605844" lon="-120.484596" /><trkpt lat="46.622796" lon="-120.499468" /><trkpt lat="46.63614" lon="-120.522817" /><trkpt lat="46.648547" lon="-120.499631" /><trkpt lat="46.67762" lon="-120.481076" /><trkpt lat="46.70253" lon="-120.439343" /><trkpt lat="46.713573" lon="-120.414434" /><trkpt lat="46.730986" lon="-120.385424" /><trkpt lat="46.747043" lon="-120.388905" /><trkpt lat="46.757253" lon="-120.381757" /><trkpt lat="46.771214" lon="-120.376178" /><trkpt lat="46.785911" lon="-120.365655" /><trkpt lat="46.800122" lon="-120.358933" /><trkpt lat="46.812027" lon="-120.352266" /><trkpt lat="46.837621" lon="-120.370221" /><trkpt lat="46.843465" lon="-120.375315" /><trkpt lat="46.846063" lon="-120.381133" /><trkpt lat="46.857283" lon="-120.393009" /><trkpt lat="46.885005" lon="-120.42614" /><trkpt lat="46.895247" lon="-120.445375" /><trkpt lat="46.915771" lon="-120.481398" /><trkpt lat="46.933052" lon="-120.5038" /><trkpt lat="46.959877" lon="-120.506452" /><trkpt lat="46.97164" lon="-120.511436" /><trkpt lat="46.971686" lon="-120.519731" /><trkpt lat="46.972395" lon="-120.532523" /><trkpt lat="46.977352" lon="-120.555574" /><trkpt lat="47.013179" lon="-120.601278" /><trkpt lat="47.036937" lon="-120.626252" /><trkpt lat="47.049458" lon="-120.651876" /><trkpt lat="47.063258" lon="-120.692044" /><trkpt lat="47.081204" lon="-120.732471" /><trkpt lat="47.089386" lon="-120.743328" /><trkpt lat="47.097622" lon="-120.760722" /><trkpt lat="47.114641" lon="-120.790369" /><trkpt lat="47.122361" lon="-120.800795" /><trkpt lat="47.144844" lon="-120.814607" /><trkpt lat="47.158358" lon="-120.83325" /><trkpt lat="47.162028" lon="-120.855509" /><trkpt lat="47.173991" lon="-120.889508" /><trkpt lat="47.183426" lon="-120.902973" /><trkpt lat="47.192975" lon="-120.950068" /><trkpt lat="47.194905" lon="-120.962158" /><trkpt lat="47.18382" lon="-121.014822" /><trkpt lat="47.183607" lon="-121.041367" /><trkpt lat="47.19493" lon="-121.051951" /><trkpt lat="47.212412" lon="-121.103691" /><trkpt lat="47.217934" lon="-121.131197" /><trkpt lat="47.22079" lon="-121.14905" /><trkpt lat="47.23631" lon="-121.173284" /><trkpt lat="47.255683" lon="-121.19623" /><trkpt lat="47.257368" lon="-121.206213" /><trkpt lat="47.261356" lon="-121.211699" /><trkpt lat="47.265219" lon="-121.22144" /><trkpt lat="47.270019" lon="-121.235251" /><trkpt lat="47.268598" lon="-121.242249" /><trkpt lat="47.267575" lon="-121.253641" /><trkpt lat="47.270325" lon="-121.26623" /><trkpt lat="47.278607" lon="-121.279735" /><trkpt lat="47.285836" lon="-121.282251" /><trkpt lat="47.29491" lon="-121.285819" /><trkpt lat="47.299477" lon="-121.29144" /><trkpt lat="47.303351" lon="-121.303199" /><trkpt lat="47.310139" lon="-121.312459" /><trkpt lat="47.322485" lon="-121.3247" /><trkpt lat="47.326468" lon="-121.330399" /><trkpt lat="47.331707" lon="-121.344298" /><trkpt lat="47.3399" lon="-121.352125" /><trkpt lat="47.340664" lon="-121.35927" /><trkpt lat="47.342983" lon="-121.363607" /><trkpt lat="47.34977" lon="-121.363589" /><trkpt lat="47.35651" lon="-121.366758" /><trkpt lat="47.361207" lon="-121.372423" /><trkpt lat="47.368225" lon="-121.372793" /><trkpt lat="47.373491" lon="-121.376537" /><trkpt lat="47.387081" lon="-121.379386" /><trkpt lat="47.391678" lon="-121.385388" /><trkpt lat="47.395733" lon="-121.396043" /><trkpt lat="47.400891" lon="-121.402436" /><trkpt lat="47.407699" lon="-121.405229" /><trkpt lat="47.415975" lon="-121.411042" /><trkpt lat="47.426866" lon="-121.415082" /><trkpt lat="47.429224" lon="-121.42527" /><trkpt lat="47.422863" lon="-121.438543" /><trkpt lat="47.418425" lon="-121.445018" /><trkpt lat="47.407474" lon="-121.446588" /><trkpt lat="47.401409" lon="-121.451451" /><trkpt lat="47.395459" lon="-121.475894" /><trkpt lat="47.397098" lon="-121.487669" /><trkpt lat="47.396168" lon="-121.515521" /><trkpt lat="47.397766" lon="-121.544497" /><trkpt lat="47.403884" lon="-121.561569" /><trkpt lat="47.411501" lon="-121.580167" /><trkpt lat="47.41855" lon="-121.587847" /><trkpt lat="47.425197" lon="-121.598272" /><trkpt lat="47.429261" lon="-121.616115" /><trkpt lat="47.429792" lon="-121.632065" /><trkpt lat="47.43317" lon="-121.639674" /><trkpt lat="47.44343" lon="-121.665238" /><trkpt lat="47.443947" lon="-121.677423" /><trkpt lat="47.444196" lon="-121.690109" /><trkpt lat="47.455311" lon="-121.701885" /><trkpt lat="47.463866" lon="-121.70941" /><trkpt lat="47.471856" lon="-121.73578" /><trkpt lat="47.473602" lon="-121.774795" /><trkpt lat="47.47562" lon="-121.783272" /><trkpt lat="47.491377" lon="-121.800474" /><trkpt lat="47.5072" lon="-121.825972" /><trkpt lat="47.515227" lon="-121.838844" /><trkpt lat="47.511817" lon="-121.854995" /><trkpt lat="47.511411" lon="-121.8666" /><trkpt lat="47.507141" lon="-121.899535" /><trkpt lat="47.510987" lon="-121.909111" /><trkpt lat="47.521491" lon="-121.932792" /><trkpt lat="47.527412" lon="-121.939349" /><trkpt lat="47.53196" lon="-121.9464" /><trkpt lat="47.536221" lon="-121.969884" /><trkpt lat="47.532536" lon="-121.977651" /><trkpt lat="47.53202" lon="-121.99376" /><trkpt lat="47.537052" lon="-122.008881" /><trkpt lat="47.533315" lon="-122.018832" /><trkpt lat="47.532108" lon="-122.021598" /><trkpt lat="47.532195" lon="-122.02654" /><trkpt lat="47.539355" lon="-122.03447" /><trkpt lat="47.544571" lon="-122.044338" /><trkpt lat="47.551397" lon="-122.068133" /><trkpt lat="47.562585" lon="-122.094416" /><trkpt lat="47.576278" lon="-122.125814" /><trkpt lat="47.579347" lon="-122.137215" /><trkpt lat="47.580658" lon="-122.138103" /><trkpt lat="47.580673" lon="-122.14169" /><trkpt lat="47.579725" lon="-122.145698" /><trkpt lat="47.580079" lon="-122.15478" /><trkpt lat="47.583908" lon="-122.154808" /><trkpt lat="47.586375" lon="-122.155631" /><trkpt lat="47.587363" lon="-122.156293" /><trkpt lat="47.587335" lon="-122.162005" /><trkpt lat="47.591228" lon="-122.164306" /><trkpt lat="47.594118" lon="-122.165242" /><trkpt lat="47.59801" lon="-122.167693" /><trkpt lat="47.600348" lon="-122.169487" /><trkpt lat="47.603343" lon="-122.178254" /><trkpt lat="47.603465" lon="-122.183513" /><trkpt lat="47.610237" lon="-122.188423" /><trkpt lat="47.616903" lon="-122.18852" /><trkpt lat="47.623924" lon="-122.188567" /><trkpt lat="47.634339" lon="-122.187048" /><trkpt lat="47.650852" lon="-122.186816" /><trkpt lat="47.669486" lon="-122.186886" /><trkpt lat="47.676733" lon="-122.184021" /><trkpt lat="47.679214" lon="-122.183581" /><trkpt lat="47.679389" lon="-122.185139" /><trkpt lat="47.679269" lon="-122.188018" /><trkpt lat="47.679337" lon="-122.197036" /><trkpt lat="47.678281" lon="-122.200657" /><trkpt lat="47.677124" lon="-122.20478" /><trkpt lat="47.676563" lon="-122.207118" /></trkseg></trk><wpt lat="33.8166258" lon="-98.194682"><name>Henrietta, TX</name><desc>30.016 kWh</desc></wpt><wpt lat="34.5196569" lon="-100.2067656"><name>Childress, TX</name><desc>52.292 kWh</desc></wpt><wpt lat="35.1919954" lon="-101.8286328"><name>Amarillo, TX - East Interstate 40</name><desc>41.462 kWh</desc></wpt><wpt lat="35.1719425" lon="-103.72504"><name>Tucumcari, NM</name><desc>53.498 kWh</desc></wpt><wpt lat="35.1800918" lon="-106.5687024"><name>Albuquerque, NM - Louisiana Boulevard Northeast</name><desc>58.621 kWh</desc></wpt><wpt lat="35.1697175" lon="-107.8908919"><name>Milan, NM</name><desc>39.18 kWh</desc></wpt><wpt lat="34.9037105" lon="-110.1593261"><name>Holbrook, AZ</name><desc>56.229 kWh</desc></wpt><wpt lat="35.1949783" lon="-111.6289385"><name>Flagstaff, AZ - US-89</name><desc>29.86 kWh</desc></wpt><wpt lat="36.9148305" lon="-111.457294"><name>Page, AZ</name><desc>33.478 kWh</desc></wpt><wpt lat="38.2765305" lon="-112.640278"><name>Beaver, UT - 525 W</name><desc>66.043 kWh</desc></wpt><wpt lat="40.7596198" lon="-111.886797"><name>Salt Lake City, UT</name><desc>1.069 kWh</desc></wpt><wpt lat="40.7534546" lon="-111.8997545"><name>Salt Lake City, UT - S 300 W</name><desc>51.898 kWh</desc></wpt><wpt lat="42.5357428" lon="-113.792794"><name>Burley, ID</name><desc>57.529 kWh</desc></wpt><wpt lat="43.6207082" lon="-116.2434129"><name>Boise, ID - North Orchard Street</name><desc>58.234 kWh</desc></wpt><wpt lat="44.7748748" lon="-117.834384"><name>Baker City, OR</name><desc>28.915 kWh</desc></wpt><wpt lat="45.672075" lon="-118.7885967"><name>Pendleton, OR</name><desc>54.795 kWh</desc></wpt><wpt lat="46.6030113" lon="-120.5027063"><name>Yakima, WA - East Yakima Avenue</name><desc>49.557 kWh</desc></wpt><wpt lat="47.6765382" lon="-122.2070775"><name>Kirkland, WA</name><desc>47.46 kWh</desc></wpt></gpx>