<?xml version='1.0' encoding='utf-8'?>
<gpx version="1.1" creator="Tesla Travel Map" xmlns="http://www.topografix.com/GPX/1/1"><metadata><name>May 2026 — Kelso → Tumwater (via WA, OR, CA)</name></metadata><trk><name>May 2026 — Kelso → Tumwater (via WA, OR, CA)</name><trkseg><trkpt lat="46.1421249" lon="-122.905299" /><trkpt lat="46.143672" lon="-122.900495" /><trkpt lat="46.142559" lon="-122.897888" /><trkpt lat="46.128732" lon="-122.898473" /><trkpt lat="46.122624" lon="-122.889657" /><trkpt lat="46.093761" lon="-122.872143" /><trkpt lat="46.068533" lon="-122.868324" /><trkpt lat="46.036565" lon="-122.857773" /><trkpt lat="46.0075" lon="-122.845656" /><trkpt lat="45.980476" lon="-122.825322" /><trkpt lat="45.958843" lon="-122.805217" /><trkpt lat="45.935163" lon="-122.76568" /><trkpt lat="45.90847" lon="-122.744415" /><trkpt lat="45.873522" lon="-122.712422" /><trkpt lat="45.844604" lon="-122.699541" /><trkpt lat="45.795218" lon="-122.6768" /><trkpt lat="45.779024" lon="-122.672811" /><trkpt lat="45.754601" lon="-122.664105" /><trkpt lat="45.73452" lon="-122.657911" /><trkpt lat="45.722732" lon="-122.654955" /><trkpt lat="45.718138" lon="-122.655024" /><trkpt lat="45.710475" lon="-122.653079" /><trkpt lat="45.686245" lon="-122.664523" /><trkpt lat="45.670872" lon="-122.665031" /><trkpt lat="45.664016" lon="-122.66733" /><trkpt lat="45.647066" lon="-122.661883" /><trkpt lat="45.636249" lon="-122.662454" /><trkpt lat="45.626227" lon="-122.668352" /><trkpt lat="45.623368" lon="-122.671427" /><trkpt lat="45.621573" lon="-122.673321" /><trkpt lat="45.609047" lon="-122.680649" /><trkpt lat="45.601498" lon="-122.683626" /><trkpt lat="45.595891" lon="-122.684465" /><trkpt lat="45.583182" lon="-122.678945" /><trkpt lat="45.56899" lon="-122.678727" /><trkpt lat="45.555994" lon="-122.678718" /><trkpt lat="45.546413" lon="-122.678466" /><trkpt lat="45.543041" lon="-122.676996" /><trkpt lat="45.535604" lon="-122.685898" /><trkpt lat="45.532765" lon="-122.687155" /><trkpt lat="45.524925" lon="-122.686852" /><trkpt lat="45.522089" lon="-122.685762" /><trkpt lat="45.516071" lon="-122.688665" /><trkpt lat="45.515742" lon="-122.694811" /><trkpt lat="45.514976" lon="-122.700583" /><trkpt lat="45.510508" lon="-122.707223" /><trkpt lat="45.506654" lon="-122.714151" /><trkpt lat="45.507629" lon="-122.720572" /><trkpt lat="45.509609" lon="-122.72635" /><trkpt lat="45.508803" lon="-122.732338" /><trkpt lat="45.508735" lon="-122.740286" /><trkpt lat="45.506564" lon="-122.74991" /><trkpt lat="45.505858" lon="-122.764332" /><trkpt lat="45.509436" lon="-122.781184" /><trkpt lat="45.516615" lon="-122.800557" /><trkpt lat="45.523682" lon="-122.819002" /><trkpt lat="45.532349" lon="-122.841967" /><trkpt lat="45.544079" lon="-122.873091" /><trkpt lat="45.556242" lon="-122.905295" /><trkpt lat="45.572016" lon="-122.947205" /><trkpt lat="45.596007" lon="-123.011105" /><trkpt lat="45.607675" lon="-123.042193" /><trkpt lat="45.61602" lon="-123.064966" /><trkpt lat="45.614793" lon="-123.073527" /><trkpt lat="45.608902" lon="-123.101799" /><trkpt lat="45.608604" lon="-123.108222" /><trkpt lat="45.610717" lon="-123.13087" /><trkpt lat="45.611279" lon="-123.158521" /><trkpt lat="45.613658" lon="-123.165504" /><trkpt lat="45.615128" lon="-123.182265" /><trkpt lat="45.616878" lon="-123.20017" /><trkpt lat="45.620174" lon="-123.206544" /><trkpt lat="45.620452" lon="-123.215696" /><trkpt lat="45.619187" lon="-123.222058" /><trkpt lat="45.610453" lon="-123.230933" /><trkpt lat="45.609186" lon="-123.235376" /><trkpt lat="45.61022" lon="-123.240289" /><trkpt lat="45.613839" lon="-123.245492" /><trkpt lat="45.617108" lon="-123.249453" /><trkpt lat="45.618714" lon="-123.254667" /><trkpt lat="45.624942" lon="-123.263697" /><trkpt lat="45.628702" lon="-123.268313" /><trkpt lat="45.631424" lon="-123.267954" /><trkpt lat="45.635573" lon="-123.267394" /><trkpt lat="45.639586" lon="-123.266698" /><trkpt lat="45.642525" lon="-123.268516" /><trkpt lat="45.646459" lon="-123.269314" /><trkpt lat="45.650037" lon="-123.274726" /><trkpt lat="45.652806" lon="-123.291518" /><trkpt lat="45.654725" lon="-123.3054" /><trkpt lat="45.653926" lon="-123.308537" /><trkpt lat="45.6507" lon="-123.314475" /><trkpt lat="45.649413" lon="-123.321715" /><trkpt lat="45.649096" lon="-123.326974" /><trkpt lat="45.648391" lon="-123.331276" /><trkpt lat="45.649148" lon="-123.334845" /><trkpt lat="45.648755" lon="-123.340578" /><trkpt lat="45.647535" lon="-123.343873" /><trkpt lat="45.645359" lon="-123.346003" /><trkpt lat="45.644202" lon="-123.349983" /><trkpt lat="45.641603" lon="-123.354183" /><trkpt lat="45.639531" lon="-123.355871" /><trkpt lat="45.635391" lon="-123.358877" /><trkpt lat="45.63311" lon="-123.361512" /><trkpt lat="45.631379" lon="-123.365142" /><trkpt lat="45.630199" lon="-123.368656" /><trkpt lat="45.626967" lon="-123.369592" /><trkpt lat="45.62358" lon="-123.37591" /><trkpt lat="45.621303" lon="-123.37761" /><trkpt lat="45.617635" lon="-123.385017" /><trkpt lat="45.618415" lon="-123.397724" /><trkpt lat="45.620671" lon="-123.405443" /><trkpt lat="45.621229" lon="-123.416006" /><trkpt lat="45.612808" lon="-123.423687" /><trkpt lat="45.608815" lon="-123.433065" /><trkpt lat="45.605229" lon="-123.443873" /><trkpt lat="45.60675" lon="-123.456224" /><trkpt lat="45.607351" lon="-123.468778" /><trkpt lat="45.60716" lon="-123.475271" /><trkpt lat="45.605176" lon="-123.484687" /><trkpt lat="45.605583" lon="-123.493212" /><trkpt lat="45.601896" lon="-123.493586" /><trkpt lat="45.599812" lon="-123.500365" /><trkpt lat="45.595587" lon="-123.510538" /><trkpt lat="45.591166" lon="-123.526449" /><trkpt lat="45.58638" lon="-123.5426" /><trkpt lat="45.585999" lon="-123.558547" /><trkpt lat="45.575644" lon="-123.560141" /><trkpt lat="45.570157" lon="-123.570098" /><trkpt lat="45.56388" lon="-123.572914" /><trkpt lat="45.563368" lon="-123.583257" /><trkpt lat="45.558696" lon="-123.590983" /><trkpt lat="45.558349" lon="-123.60248" /><trkpt lat="45.548927" lon="-123.602557" /><trkpt lat="45.542083" lon="-123.609744" /><trkpt lat="45.533159" lon="-123.605731" /><trkpt lat="45.527257" lon="-123.610323" /><trkpt lat="45.51859" lon="-123.617432" /><trkpt lat="45.512675" lon="-123.618359" /><trkpt lat="45.509646" lon="-123.613844" /><trkpt lat="45.506098" lon="-123.609859" /><trkpt lat="45.500262" lon="-123.605324" /><trkpt lat="45.495535" lon="-123.601522" /><trkpt lat="45.494262" lon="-123.624911" /><trkpt lat="45.490132" lon="-123.642318" /><trkpt lat="45.492635" lon="-123.660917" /><trkpt lat="45.496394" lon="-123.668358" /><trkpt lat="45.492653" lon="-123.681551" /><trkpt lat="45.488272" lon="-123.687963" /><trkpt lat="45.481828" lon="-123.698743" /><trkpt lat="45.484578" lon="-123.712193" /><trkpt lat="45.480307" lon="-123.721663" /><trkpt lat="45.472218" lon="-123.735736" /><trkpt lat="45.470838" lon="-123.731373" /><trkpt lat="45.468836" lon="-123.728895" /><trkpt lat="45.467079" lon="-123.722247" /><trkpt lat="45.467451" lon="-123.714294" /><trkpt lat="45.467884" lon="-123.709984" /><trkpt lat="45.463001" lon="-123.716321" /><trkpt lat="45.459174" lon="-123.725357" /><trkpt lat="45.462751" lon="-123.716612" /><trkpt lat="45.465102" lon="-123.711953" /><trkpt lat="45.468074" lon="-123.711073" /><trkpt lat="45.468037" lon="-123.716841" /><trkpt lat="45.467962" lon="-123.723431" /><trkpt lat="45.468969" lon="-123.729366" /><trkpt lat="45.470675" lon="-123.731473" /><trkpt lat="45.471307" lon="-123.737732" /><trkpt lat="45.467074" lon="-123.749227" /><trkpt lat="45.465402" lon="-123.769005" /><trkpt lat="45.457605" lon="-123.801241" /><trkpt lat="45.434413" lon="-123.803281" /><trkpt lat="45.434291" lon="-123.824311" /><trkpt lat="45.424842" lon="-123.824208" /><trkpt lat="45.40871" lon="-123.823753" /><trkpt lat="45.396976" lon="-123.804398" /><trkpt lat="45.383307" lon="-123.804172" /><trkpt lat="45.363949" lon="-123.804397" /><trkpt lat="45.360493" lon="-123.806265" /><trkpt lat="45.356201" lon="-123.809685" /><trkpt lat="45.345288" lon="-123.816713" /><trkpt lat="45.340491" lon="-123.827479" /><trkpt lat="45.334311" lon="-123.837111" /><trkpt lat="45.327948" lon="-123.836677" /><trkpt lat="45.319156" lon="-123.84157" /><trkpt lat="45.313652" lon="-123.837125" /><trkpt lat="45.309612" lon="-123.836165" /><trkpt lat="45.30328" lon="-123.833364" /><trkpt lat="45.297999" lon="-123.824393" /><trkpt lat="45.291753" lon="-123.822274" /><trkpt lat="45.28777" lon="-123.822319" /><trkpt lat="45.283429" lon="-123.824147" /><trkpt lat="45.279111" lon="-123.824735" /><trkpt lat="45.277084" lon="-123.827032" /><trkpt lat="45.276567" lon="-123.830678" /><trkpt lat="45.273831" lon="-123.834517" /><trkpt lat="45.269841" lon="-123.83542" /><trkpt lat="45.268648" lon="-123.845891" /><trkpt lat="45.263277" lon="-123.849717" /><trkpt lat="45.255829" lon="-123.84832" /><trkpt lat="45.248282" lon="-123.848329" /><trkpt lat="45.244608" lon="-123.854448" /><trkpt lat="45.244089" lon="-123.858572" /><trkpt lat="45.235034" lon="-123.863778" /><trkpt lat="45.230281" lon="-123.861364" /><trkpt lat="45.229256" lon="-123.866645" /><trkpt lat="45.227896" lon="-123.872215" /><trkpt lat="45.222945" lon="-123.875357" /><trkpt lat="45.217806" lon="-123.875425" /><trkpt lat="45.214704" lon="-123.876026" /><trkpt lat="45.211437" lon="-123.878406" /><trkpt lat="45.208336" lon="-123.883218" /><trkpt lat="45.207036" lon="-123.88762" /><trkpt lat="45.205114" lon="-123.890823" /><trkpt lat="45.201731" lon="-123.892368" /><trkpt lat="45.197705" lon="-123.89575" /><trkpt lat="45.18542" lon="-123.908934" /><trkpt lat="45.184073" lon="-123.919521" /><trkpt lat="45.179189" lon="-123.922812" /><trkpt lat="45.174802" lon="-123.929172" /><trkpt lat="45.163431" lon="-123.932345" /><trkpt lat="45.15798" lon="-123.949731" /><trkpt lat="45.151274" lon="-123.956529" /><trkpt lat="45.145192" lon="-123.967996" /><trkpt lat="45.138584" lon="-123.967781" /><trkpt lat="45.129169" lon="-123.969094" /><trkpt lat="45.120594" lon="-123.967884" /><trkpt lat="45.107348" lon="-123.976872" /><trkpt lat="45.096895" lon="-123.978467" /><trkpt lat="45.08394" lon="-123.961532" /><trkpt lat="45.08008" lon="-123.950264" /><trkpt lat="45.073237" lon="-123.946831" /><trkpt lat="45.064275" lon="-123.94903" /><trkpt lat="45.055775" lon="-123.954504" /><trkpt lat="45.044956" lon="-123.954722" /><trkpt lat="45.034593" lon="-123.952249" /><trkpt lat="45.022177" lon="-123.972134" /><trkpt lat="45.016331" lon="-123.975692" /><trkpt lat="45.012768" lon="-123.978898" /><trkpt lat="45.010044" lon="-123.977856" /><trkpt lat="45.005773" lon="-123.980499" /><trkpt lat="45.001808" lon="-123.986688" /><trkpt lat="44.997893" lon="-123.995981" /><trkpt lat="44.997213" lon="-124.000556" /><trkpt lat="44.996005" lon="-124.004496" /><trkpt lat="44.993656" lon="-124.006459" /><trkpt lat="44.989693" lon="-124.005814" /><trkpt lat="44.987746" lon="-124.005614" /><trkpt lat="44.985122" lon="-124.00716" /><trkpt lat="44.982666" lon="-124.007273" /><trkpt lat="44.981186" lon="-124.008047" /><trkpt lat="44.979687" lon="-124.010108" /><trkpt lat="44.978072" lon="-124.011101" /><trkpt lat="44.975708" lon="-124.012462" /><trkpt lat="44.973296" lon="-124.013647" /><trkpt lat="44.970528" lon="-124.014718" /><trkpt lat="44.967504" lon="-124.016318" /><trkpt lat="44.965835" lon="-124.017814" /><trkpt lat="44.964168" lon="-124.017606" /><trkpt lat="44.962041" lon="-124.015936" /><trkpt lat="44.95907" lon="-124.013729" /><trkpt lat="44.956016" lon="-124.013793" /><trkpt lat="44.952864" lon="-124.013977" /><trkpt lat="44.948563" lon="-124.01555" /><trkpt lat="44.944575" lon="-124.019313" /><trkpt lat="44.942063" lon="-124.021255" /><trkpt lat="44.93852" lon="-124.022662" /><trkpt lat="44.935086" lon="-124.023074" /><trkpt lat="44.931578" lon="-124.01974" /><trkpt lat="44.930021" lon="-124.017656" /><trkpt lat="44.928653" lon="-124.015307" /><trkpt lat="44.927152" lon="-124.01388" /><trkpt lat="44.923121" lon="-124.014611" /><trkpt lat="44.920983" lon="-124.012597" /><trkpt lat="44.915523" lon="-124.005942" /><trkpt lat="44.901781" lon="-124.007293" /><trkpt lat="44.894628" lon="-124.011818" /><trkpt lat="44.889297" lon="-124.024773" /><trkpt lat="44.882096" lon="-124.030887" /><trkpt lat="44.864245" lon="-124.036524" /><trkpt lat="44.855685" lon="-124.04103" /><trkpt lat="44.848112" lon="-124.045279" /><trkpt lat="44.841497" lon="-124.049337" /><trkpt lat="44.829748" lon="-124.057938" /><trkpt lat="44.828462" lon="-124.063894" /><trkpt lat="44.82656" lon="-124.06581" /><trkpt lat="44.818919" lon="-124.063406" /><trkpt lat="44.816146" lon="-124.062547" /><trkpt lat="44.812161" lon="-124.06235" /><trkpt lat="44.807988" lon="-124.061498" /><trkpt lat="44.80446" lon="-124.061053" /><trkpt lat="44.799458" lon="-124.063769" /><trkpt lat="44.787845" lon="-124.06613" /><trkpt lat="44.78631" lon="-124.070543" /><trkpt lat="44.781134" lon="-124.072834" /><trkpt lat="44.778416" lon="-124.070331" /><trkpt lat="44.77475" lon="-124.071589" /><trkpt lat="44.768912" lon="-124.066798" /><trkpt lat="44.76275" lon="-124.062826" /><trkpt lat="44.759823" lon="-124.062339" /><trkpt lat="44.755415" lon="-124.059596" /><trkpt lat="44.751049" lon="-124.052335" /><trkpt lat="44.745463" lon="-124.052645" /><trkpt lat="44.739426" lon="-124.056141" /><trkpt lat="44.725109" lon="-124.058081" /><trkpt lat="44.711596" lon="-124.058825" /><trkpt lat="44.70144" lon="-124.061305" /><trkpt lat="44.694547" lon="-124.062619" /><trkpt lat="44.684532" lon="-124.063473" /><trkpt lat="44.679123" lon="-124.062003" /><trkpt lat="44.670839" lon="-124.058499" /><trkpt lat="44.663677" lon="-124.05545" /><trkpt lat="44.653179" lon="-124.053008" /><trkpt lat="44.649068" lon="-124.053021" /><trkpt lat="44.647402" lon="-124.053032" /><trkpt lat="44.644348" lon="-124.053051" /><trkpt lat="44.642741" lon="-124.053062" /><trkpt lat="44.638533" lon="-124.053089" /><trkpt lat="44.636755" lon="-124.053392" /><trkpt lat="44.634363" lon="-124.054503" /><trkpt lat="44.631665" lon="-124.059446" /><trkpt lat="44.628974" lon="-124.061528" /><trkpt lat="44.625801" lon="-124.060532" /><trkpt lat="44.615901" lon="-124.050496" /><trkpt lat="44.611644" lon="-124.050758" /><trkpt lat="44.604525" lon="-124.055329" /><trkpt lat="44.592054" lon="-124.063484" /><trkpt lat="44.585281" lon="-124.064423" /><trkpt lat="44.57627" lon="-124.065919" /><trkpt lat="44.561925" lon="-124.06997" /><trkpt lat="44.531001" lon="-124.074866" /><trkpt lat="44.521998" lon="-124.07015" /><trkpt lat="44.519358" lon="-124.072554" /><trkpt lat="44.508767" lon="-124.079928" /><trkpt lat="44.500105" lon="-124.081761" /><trkpt lat="44.491853" lon="-124.083268" /><trkpt lat="44.475619" lon="-124.07959" /><trkpt lat="44.46623" lon="-124.078521" /><trkpt lat="44.452367" lon="-124.073619" /><trkpt lat="44.437666" lon="-124.07507" /><trkpt lat="44.427393" lon="-124.067178" /><trkpt lat="44.42437" lon="-124.068871" /><trkpt lat="44.419558" lon="-124.076858" /><trkpt lat="44.414256" lon="-124.082698" /><trkpt lat="44.4024" lon="-124.08569" /><trkpt lat="44.393363" lon="-124.086313" /><trkpt lat="44.387607" lon="-124.088308" /><trkpt lat="44.378009" lon="-124.088236" /><trkpt lat="44.370611" lon="-124.089841" /><trkpt lat="44.359363" lon="-124.092283" /><trkpt lat="44.350627" lon="-124.094179" /><trkpt lat="44.343704" lon="-124.09568" /><trkpt lat="44.335732" lon="-124.097407" /><trkpt lat="44.328989" lon="-124.099409" /><trkpt lat="44.322851" lon="-124.101812" /><trkpt lat="44.316006" lon="-124.104495" /><trkpt lat="44.312323" lon="-124.104364" /><trkpt lat="44.310346" lon="-124.102382" /><trkpt lat="44.308356" lon="-124.099283" /><trkpt lat="44.305507" lon="-124.102853" /><trkpt lat="44.301716" lon="-124.107076" /><trkpt lat="44.296963" lon="-124.109338" /><trkpt lat="44.295424" lon="-124.108926" /><trkpt lat="44.294113" lon="-124.111197" /><trkpt lat="44.291843" lon="-124.108608" /><trkpt lat="44.289696" lon="-124.110405" /><trkpt lat="44.287989" lon="-124.112987" /><trkpt lat="44.284886" lon="-124.109474" /><trkpt lat="44.283608" lon="-124.10944" /><trkpt lat="44.281831" lon="-124.107932" /><trkpt lat="44.280216" lon="-124.109676" /><trkpt lat="44.276607" lon="-124.112871" /><trkpt lat="44.270378" lon="-124.108264" /><trkpt lat="44.262104" lon="-124.109694" /><trkpt lat="44.249928" lon="-124.111942" /><trkpt lat="44.238748" lon="-124.111487" /><trkpt lat="44.232823" lon="-124.109641" /><trkpt lat="44.226571" lon="-124.109164" /><trkpt lat="44.221038" lon="-124.111589" /><trkpt lat="44.210805" lon="-124.113249" /><trkpt lat="44.204455" lon="-124.11469" /><trkpt lat="44.197348" lon="-124.112588" /><trkpt lat="44.191106" lon="-124.11422" /><trkpt lat="44.181912" lon="-124.115182" /><trkpt lat="44.16548" lon="-124.113353" /><trkpt lat="44.147403" lon="-124.117347" /><trkpt lat="44.138718" lon="-124.118092" /><trkpt lat="44.13779" lon="-124.124855" /><trkpt lat="44.136118" lon="-124.122033" /><trkpt lat="44.126616" lon="-124.124069" /><trkpt lat="44.123431" lon="-124.126133" /><trkpt lat="44.118689" lon="-124.120543" /><trkpt lat="44.117327" lon="-124.119113" /><trkpt lat="44.112849" lon="-124.123498" /><trkpt lat="44.106128" lon="-124.121548" /><trkpt lat="44.100909" lon="-124.120538" /><trkpt lat="44.094326" lon="-124.113132" /><trkpt lat="44.074036" lon="-124.101227" /><trkpt lat="44.062484" lon="-124.098851" /><trkpt lat="44.054628" lon="-124.09835" /><trkpt lat="44.030003" lon="-124.10037" /><trkpt lat="44.010197" lon="-124.101617" /><trkpt lat="43.999618" lon="-124.101476" /><trkpt lat="43.988881" lon="-124.101328" /><trkpt lat="43.982988" lon="-124.101247" /><trkpt lat="43.978968" lon="-124.101209" /><trkpt lat="43.975569" lon="-124.10249" /><trkpt lat="43.970198" lon="-124.106393" /><trkpt lat="43.968385" lon="-124.107765" /><trkpt lat="43.963141" lon="-124.108708" /><trkpt lat="43.958611" lon="-124.104506" /><trkpt lat="43.941881" lon="-124.104113" /><trkpt lat="43.919742" lon="-124.10882" /><trkpt lat="43.901114" lon="-124.116135" /><trkpt lat="43.88302" lon="-124.126515" /><trkpt lat="43.869649" lon="-124.133831" /><trkpt lat="43.837059" lon="-124.150512" /><trkpt lat="43.823685" lon="-124.148306" /><trkpt lat="43.812661" lon="-124.15313" /><trkpt lat="43.80259" lon="-124.147731" /><trkpt lat="43.788916" lon="-124.150126" /><trkpt lat="43.778488" lon="-124.142676" /><trkpt lat="43.77091" lon="-124.141575" /><trkpt lat="43.762615" lon="-124.127209" /><trkpt lat="43.754866" lon="-124.125235" /><trkpt lat="43.745138" lon="-124.115064" /><trkpt lat="43.733383" lon="-124.111568" /><trkpt lat="43.72852" lon="-124.111375" /><trkpt lat="43.721018" lon="-124.106651" /><trkpt lat="43.715293" lon="-124.098911" /><trkpt lat="43.708272" lon="-124.101864" /><trkpt lat="43.697836" lon="-124.112228" /><trkpt lat="43.69532" lon="-124.122226" /><trkpt lat="43.68746" lon="-124.14423" /><trkpt lat="43.674468" lon="-124.162091" /><trkpt lat="43.67286" lon="-124.178631" /><trkpt lat="43.660213" lon="-124.187632" /><trkpt lat="43.655098" lon="-124.189683" /><trkpt lat="43.638215" lon="-124.188622" /><trkpt lat="43.614211" lon="-124.181093" /><trkpt lat="43.587863" lon="-124.18403" /><trkpt lat="43.578286" lon="-124.188132" /><trkpt lat="43.561425" lon="-124.206037" /><trkpt lat="43.533797" lon="-124.215455" /><trkpt lat="43.494807" lon="-124.218895" /><trkpt lat="43.480253" lon="-124.223569" /><trkpt lat="43.466166" lon="-124.225291" /><trkpt lat="43.45631" lon="-124.229238" /><trkpt lat="43.440478" lon="-124.220307" /><trkpt lat="43.418707" lon="-124.223933" /><trkpt lat="43.407917" lon="-124.224027" /><trkpt lat="43.40233" lon="-124.222063" /><trkpt lat="43.39146" lon="-124.220155" /><trkpt lat="43.383674" lon="-124.2207" /><trkpt lat="43.376425" lon="-124.214598" /><trkpt lat="43.368885" lon="-124.213109" /><trkpt lat="43.361133" lon="-124.21326" /><trkpt lat="43.355875" lon="-124.207211" /><trkpt lat="43.351611" lon="-124.199076" /><trkpt lat="43.341651" lon="-124.1987" /><trkpt lat="43.327097" lon="-124.203497" /><trkpt lat="43.318654" lon="-124.206529" /><trkpt lat="43.303804" lon="-124.211753" /><trkpt lat="43.293438" lon="-124.219257" /><trkpt lat="43.289376" lon="-124.225605" /><trkpt lat="43.289499" lon="-124.240553" /><trkpt lat="43.282452" lon="-124.258236" /><trkpt lat="43.257016" lon="-124.270821" /><trkpt lat="43.255154" lon="-124.281449" /><trkpt lat="43.238036" lon="-124.289036" /><trkpt lat="43.212737" lon="-124.307348" /><trkpt lat="43.192743" lon="-124.320158" /><trkpt lat="43.190715" lon="-124.338363" /><trkpt lat="43.185877" lon="-124.356816" /><trkpt lat="43.156843" lon="-124.393445" /><trkpt lat="43.141038" lon="-124.396935" /><trkpt lat="43.119604" lon="-124.398783" /><trkpt lat="43.119821" lon="-124.409414" /><trkpt lat="43.11848" lon="-124.412439" /><trkpt lat="43.115462" lon="-124.41495" /><trkpt lat="43.106353" lon="-124.415042" /><trkpt lat="43.095421" lon="-124.415114" /><trkpt lat="43.081191" lon="-124.415153" /><trkpt lat="43.069193" lon="-124.415219" /><trkpt lat="43.055941" lon="-124.415232" /><trkpt lat="43.04681" lon="-124.414262" /><trkpt lat="43.039697" lon="-124.414903" /><trkpt lat="43.034738" lon="-124.415542" /><trkpt lat="43.026075" lon="-124.415326" /><trkpt lat="43.016804" lon="-124.415122" /><trkpt lat="43.006494" lon="-124.415575" /><trkpt lat="42.997208" lon="-124.41744" /><trkpt lat="42.978811" lon="-124.423638" /><trkpt lat="42.973669" lon="-124.42573" /><trkpt lat="42.964976" lon="-124.429552" /><trkpt lat="42.959519" lon="-124.43437" /><trkpt lat="42.953115" lon="-124.439105" /><trkpt lat="42.932563" lon="-124.449371" /><trkpt lat="42.923433" lon="-124.450029" /><trkpt lat="42.910168" lon="-124.456091" /><trkpt lat="42.893381" lon="-124.461945" /><trkpt lat="42.879841" lon="-124.467103" /><trkpt lat="42.870402" lon="-124.467797" /><trkpt lat="42.866193" lon="-124.466516" /><trkpt lat="42.860063" lon="-124.469943" /><trkpt lat="42.853471" lon="-124.472419" /><trkpt lat="42.84118" lon="-124.476583" /><trkpt lat="42.830191" lon="-124.480464" /><trkpt lat="42.821655" lon="-124.483019" /><trkpt lat="42.811046" lon="-124.482218" /><trkpt lat="42.797387" lon="-124.486715" /><trkpt lat="42.78898" lon="-124.493852" /><trkpt lat="42.77381" lon="-124.496534" /><trkpt lat="42.752738" lon="-124.497369" /><trkpt lat="42.744645" lon="-124.496926" /><trkpt lat="42.743384" lon="-124.491349" /><trkpt lat="42.738221" lon="-124.481885" /><trkpt lat="42.736663" lon="-124.474788" /><trkpt lat="42.723592" lon="-124.466187" /><trkpt lat="42.717222" lon="-124.463106" /><trkpt lat="42.701449" lon="-124.455897" /><trkpt lat="42.694131" lon="-124.453236" /><trkpt lat="42.687466" lon="-124.446896" /><trkpt lat="42.687912" lon="-124.439721" /><trkpt lat="42.687173" lon="-124.431533" /><trkpt lat="42.684332" lon="-124.427022" /><trkpt lat="42.682505" lon="-124.419226" /><trkpt lat="42.671343" lon="-124.419374" /><trkpt lat="42.659881" lon="-124.411222" /><trkpt lat="42.650376" lon="-124.407928" /><trkpt lat="42.640771" lon="-124.404862" /><trkpt lat="42.633926" lon="-124.400484" /><trkpt lat="42.628249" lon="-124.398768" /><trkpt lat="42.621675" lon="-124.39839" /><trkpt lat="42.617115" lon="-124.396772" /><trkpt lat="42.613891" lon="-124.394525" /><trkpt lat="42.610514" lon="-124.391678" /><trkpt lat="42.603647" lon="-124.395566" /><trkpt lat="42.5963" lon="-124.398716" /><trkpt lat="42.591585" lon="-124.395232" /><trkpt lat="42.584647" lon="-124.393111" /><trkpt lat="42.579395" lon="-124.391094" /><trkpt lat="42.574275" lon="-124.388205" /><trkpt lat="42.565474" lon="-124.384791" /><trkpt lat="42.553117" lon="-124.393043" /><trkpt lat="42.536765" lon="-124.398922" /><trkpt lat="42.510581" lon="-124.410306" /><trkpt lat="42.490257" lon="-124.415221" /><trkpt lat="42.475489" lon="-124.418338" /><trkpt lat="42.444133" lon="-124.425831" /><trkpt lat="42.432088" lon="-124.430914" /><trkpt lat="42.429339" lon="-124.428688" /><trkpt lat="42.429711" lon="-124.421605" /><trkpt lat="42.430159" lon="-124.414245" /><trkpt lat="42.423949" lon="-124.413468" /><trkpt lat="42.417706" lon="-124.419289" /><trkpt lat="42.411679" lon="-124.420533" /><trkpt lat="42.407359" lon="-124.420968" /><trkpt lat="42.400644" lon="-124.421971" /><trkpt lat="42.392367" lon="-124.422398" /><trkpt lat="42.385801" lon="-124.423347" /><trkpt lat="42.375426" lon="-124.420144" /><trkpt lat="42.365362" lon="-124.417766" /><trkpt lat="42.360266" lon="-124.414451" /><trkpt lat="42.354747" lon="-124.412241" /><trkpt lat="42.3474" lon="-124.417596" /><trkpt lat="42.34091" lon="-124.414273" /><trkpt lat="42.336336" lon="-124.413144" /><trkpt lat="42.329813" lon="-124.42319" /><trkpt lat="42.324699" lon="-124.418144" /><trkpt lat="42.317261" lon="-124.416238" /><trkpt lat="42.308674" lon="-124.412522" /><trkpt lat="42.302844" lon="-124.41096" /><trkpt lat="42.294802" lon="-124.407182" /><trkpt lat="42.285433" lon="-124.405021" /><trkpt lat="42.260434" lon="-124.399507" /><trkpt lat="42.250814" lon="-124.392878" /><trkpt lat="42.237782" lon="-124.392243" /><trkpt lat="42.232559" lon="-124.385651" /><trkpt lat="42.226712" lon="-124.380784" /><trkpt lat="42.221147" lon="-124.374462" /><trkpt lat="42.218575" lon="-124.3716" /><trkpt lat="42.213421" lon="-124.375205" /><trkpt lat="42.20808" lon="-124.373288" /><trkpt lat="42.198917" lon="-124.372893" /><trkpt lat="42.192541" lon="-124.367172" /><trkpt lat="42.186321" lon="-124.361395" /><trkpt lat="42.179847" lon="-124.358588" /><trkpt lat="42.173562" lon="-124.357739" /><trkpt lat="42.167493" lon="-124.359919" /><trkpt lat="42.158676" lon="-124.359266" /><trkpt lat="42.149206" lon="-124.358132" /><trkpt lat="42.141641" lon="-124.352288" /><trkpt lat="42.135599" lon="-124.349895" /><trkpt lat="42.128828" lon="-124.348452" /><trkpt lat="42.114759" lon="-124.34889" /><trkpt lat="42.101075" lon="-124.341362" /><trkpt lat="42.084535" lon="-124.325707" /><trkpt lat="42.07646" lon="-124.312745" /><trkpt lat="42.063162" lon="-124.302299" /><trkpt lat="42.058444" lon="-124.29861" /><trkpt lat="42.05624" lon="-124.295373" /><trkpt lat="42.055323" lon="-124.291344" /><trkpt lat="42.053421" lon="-124.286309" /><trkpt lat="42.052291" lon="-124.283002" /><trkpt lat="42.053793" lon="-124.277363" /><trkpt lat="42.055056" lon="-124.271201" /><trkpt lat="42.053786" lon="-124.263997" /><trkpt lat="42.046049" lon="-124.254597" /><trkpt lat="42.036649" lon="-124.243335" /><trkpt lat="42.025346" lon="-124.229686" /><trkpt lat="42.011212" lon="-124.214655" /><trkpt lat="42.001371" lon="-124.208704" /><trkpt lat="41.994932" lon="-124.208047" /><trkpt lat="41.989487" lon="-124.20726" /><trkpt lat="41.977188" lon="-124.203129" /><trkpt lat="41.966747" lon="-124.202682" /><trkpt lat="41.959175" lon="-124.203637" /><trkpt lat="41.954182" lon="-124.204616" /><trkpt lat="41.947926" lon="-124.197047" /><trkpt lat="41.936895" lon="-124.175337" /><trkpt lat="41.931301" lon="-124.150879" /><trkpt lat="41.928711" lon="-124.143735" /><trkpt lat="41.919694" lon="-124.136555" /><trkpt lat="41.88121" lon="-124.136778" /><trkpt lat="41.870301" lon="-124.139263" /><trkpt lat="41.858501" lon="-124.141808" /><trkpt lat="41.811479" lon="-124.146855" /><trkpt lat="41.802571" lon="-124.149064" /><trkpt lat="41.778199" lon="-124.182268" /><trkpt lat="41.771971" lon="-124.187932" /><trkpt lat="41.767777" lon="-124.191877" /><trkpt lat="41.765313" lon="-124.195262" /><trkpt lat="41.761621" lon="-124.197695" /><trkpt lat="41.758323" lon="-124.198153" /><trkpt lat="41.75495" lon="-124.195087" /><trkpt lat="41.75222" lon="-124.197893" /><trkpt lat="41.753431" lon="-124.193648" /><trkpt lat="41.753179" lon="-124.190841" /><trkpt lat="41.752389" lon="-124.186347" /><trkpt lat="41.750604" lon="-124.182625" /><trkpt lat="41.746699" lon="-124.177352" /><trkpt lat="41.743213" lon="-124.168947" /><trkpt lat="41.733615" lon="-124.14877" /><trkpt lat="41.726897" lon="-124.142075" /><trkpt lat="41.72191" lon="-124.138524" /><trkpt lat="41.715015" lon="-124.1356" /><trkpt lat="41.713045" lon="-124.130377" /><trkpt lat="41.711333" lon="-124.128103" /><trkpt lat="41.709855" lon="-124.127272" /><trkpt lat="41.708292" lon="-124.131487" /><trkpt lat="41.705875" lon="-124.127575" /><trkpt lat="41.69881" lon="-124.120218" /><trkpt lat="41.69439" lon="-124.113306" /><trkpt lat="41.689812" lon="-124.106374" /><trkpt lat="41.685412" lon="-124.107254" /><trkpt lat="41.682718" lon="-124.113767" /><trkpt lat="41.677424" lon="-124.112848" /><trkpt lat="41.667969" lon="-124.113022" /><trkpt lat="41.660954" lon="-124.11602" /><trkpt lat="41.656993" lon="-124.115438" /><trkpt lat="41.649652" lon="-124.11455" /><trkpt lat="41.646696" lon="-124.112336" /><trkpt lat="41.641204" lon="-124.115417" /><trkpt lat="41.637545" lon="-124.114943" /><trkpt lat="41.632946" lon="-124.114802" /><trkpt lat="41.628638" lon="-124.112281" /><trkpt lat="41.623912" lon="-124.111298" /><trkpt lat="41.619024" lon="-124.109336" /><trkpt lat="41.615774" lon="-124.106695" /><trkpt lat="41.611134" lon="-124.105262" /><trkpt lat="41.605315" lon="-124.102017" /><trkpt lat="41.602146" lon="-124.099946" /><trkpt lat="41.595525" lon="-124.100558" /><trkpt lat="41.591169" lon="-124.096323" /><trkpt lat="41.584883" lon="-124.090009" /><trkpt lat="41.581614" lon="-124.079827" /><trkpt lat="41.576678" lon="-124.073732" /><trkpt lat="41.566857" lon="-124.068218" /><trkpt lat="41.56151" lon="-124.062621" /><trkpt lat="41.553621" lon="-124.055009" /><trkpt lat="41.5434" lon="-124.051062" /><trkpt lat="41.536822" lon="-124.047322" /><trkpt lat="41.514544" lon="-124.02898" /><trkpt lat="41.510938" lon="-124.028883" /><trkpt lat="41.503334" lon="-124.032833" /><trkpt lat="41.496128" lon="-124.043089" /><trkpt lat="41.491062" lon="-124.047218" /><trkpt lat="41.483526" lon="-124.050745" /><trkpt lat="41.46797" lon="-124.040015" /><trkpt lat="41.460746" lon="-124.034262" /><trkpt lat="41.456649" lon="-124.031271" /><trkpt lat="41.453261" lon="-124.029199" /><trkpt lat="41.448017" lon="-124.024035" /><trkpt lat="41.443886" lon="-124.020258" /><trkpt lat="41.434912" lon="-124.022559" /><trkpt lat="41.431375" lon="-124.019213" /><trkpt lat="41.428187" lon="-124.014111" /><trkpt lat="41.425997" lon="-124.0079" /><trkpt lat="41.423538" lon="-123.998869" /><trkpt lat="41.421061" lon="-123.997163" /><trkpt lat="41.414332" lon="-124.002136" /><trkpt lat="41.408645" lon="-124.00287" /><trkpt lat="41.406064" lon="-123.999074" /><trkpt lat="41.402834" lon="-123.993814" /><trkpt lat="41.397411" lon="-123.993781" /><trkpt lat="41.390946" lon="-123.994347" /><trkpt lat="41.380013" lon="-123.995079" /><trkpt lat="41.373954" lon="-123.992606" /><trkpt lat="41.369252" lon="-123.991322" /><trkpt lat="41.364258" lon="-123.989582" /><trkpt lat="41.359357" lon="-123.991625" /><trkpt lat="41.359239" lon="-123.998966" /><trkpt lat="41.358081" lon="-124.011208" /><trkpt lat="41.354298" lon="-124.015341" /><trkpt lat="41.350354" lon="-124.024638" /><trkpt lat="41.346998" lon="-124.02888" /><trkpt lat="41.34114" lon="-124.033547" /><trkpt lat="41.337806" lon="-124.031047" /><trkpt lat="41.333278" lon="-124.031087" /><trkpt lat="41.329015" lon="-124.029849" /><trkpt lat="41.325817" lon="-124.033676" /><trkpt lat="41.321246" lon="-124.039187" /><trkpt lat="41.313656" lon="-124.043325" /><trkpt lat="41.306571" lon="-124.045215" /><trkpt lat="41.303698" lon="-124.044262" /><trkpt lat="41.301121" lon="-124.049165" /><trkpt lat="41.296375" lon="-124.054201" /><trkpt lat="41.290902" lon="-124.057909" /><trkpt lat="41.288479" lon="-124.05868" /><trkpt lat="41.284874" lon="-124.061746" /><trkpt lat="41.284711" lon="-124.072004" /><trkpt lat="41.286535" lon="-124.080572" /><trkpt lat="41.283942" lon="-124.090464" /><trkpt lat="41.27687" lon="-124.094267" /><trkpt lat="41.266147" lon="-124.097723" /><trkpt lat="41.258323" lon="-124.095435" /><trkpt lat="41.249887" lon="-124.087275" /><trkpt lat="41.245931" lon="-124.088103" /><trkpt lat="41.243216" lon="-124.085098" /><trkpt lat="41.237186" lon="-124.083516" /><trkpt lat="41.23184" lon="-124.08354" /><trkpt lat="41.223967" lon="-124.091796" /><trkpt lat="41.21958" lon="-124.099284" /><trkpt lat="41.217934" lon="-124.10621" /><trkpt lat="41.207539" lon="-124.109987" /><trkpt lat="41.201013" lon="-124.110426" /><trkpt lat="41.197317" lon="-124.110328" /><trkpt lat="41.195196" lon="-124.111072" /><trkpt lat="41.193199" lon="-124.110291" /><trkpt lat="41.188691" lon="-124.108164" /><trkpt lat="41.186045" lon="-124.108073" /><trkpt lat="41.180751" lon="-124.106218" /><trkpt lat="41.176208" lon="-124.103029" /><trkpt lat="41.168615" lon="-124.102193" /><trkpt lat="41.163763" lon="-124.108511" /><trkpt lat="41.158458" lon="-124.122475" /><trkpt lat="41.149307" lon="-124.13565" /><trkpt lat="41.141253" lon="-124.137169" /><trkpt lat="41.137312" lon="-124.143936" /><trkpt lat="41.133227" lon="-124.149844" /><trkpt lat="41.120003" lon="-124.151151" /><trkpt lat="41.103657" lon="-124.154571" /><trkpt lat="41.087179" lon="-124.147869" /><trkpt lat="41.070911" lon="-124.141455" /><trkpt lat="41.062493" lon="-124.139754" /><trkpt lat="41.05628" lon="-124.127955" /><trkpt lat="41.038661" lon="-124.113649" /><trkpt lat="41.028029" lon="-124.107426" /><trkpt lat="41.022337" lon="-124.107257" /><trkpt lat="41.013228" lon="-124.108169" /><trkpt lat="41.00496" lon="-124.111781" /><trkpt lat="40.993856" lon="-124.113509" /><trkpt lat="40.979869" lon="-124.117589" /><trkpt lat="40.967283" lon="-124.116113" /><trkpt lat="40.938491" lon="-124.116402" /><trkpt lat="40.927614" lon="-124.112284" /><trkpt lat="40.919357" lon="-124.095524" /><trkpt lat="40.909827" lon="-124.089672" /><trkpt lat="40.89549" lon="-124.08251" /><trkpt lat="40.886014" lon="-124.08003" /><trkpt lat="40.875643" lon="-124.082769" /><trkpt lat="40.870066" lon="-124.083102" /><trkpt lat="40.863602" lon="-124.082892" /><trkpt lat="40.853844" lon="-124.082165" /><trkpt lat="40.846164" lon="-124.082077" /><trkpt lat="40.83156" lon="-124.082434" /><trkpt lat="40.824454" lon="-124.086824" /><trkpt lat="40.806642" lon="-124.120387" /><trkpt lat="40.804823" lon="-124.127749" /><trkpt lat="40.805906" lon="-124.136615" /><trkpt lat="40.805107" lon="-124.142106" /><trkpt lat="40.804676" lon="-124.146985" /><trkpt lat="40.804698" lon="-124.14988" /><trkpt lat="40.804715" lon="-124.153209" /><trkpt lat="40.80474" lon="-124.155178" /><trkpt lat="40.803121" lon="-124.163765" /><trkpt lat="40.802052" lon="-124.171444" /><trkpt lat="40.798342" lon="-124.175092" /><trkpt lat="40.792365" lon="-124.177857" /><trkpt lat="40.784693" lon="-124.182436" /><trkpt lat="40.777038" lon="-124.189906" /><trkpt lat="40.76711" lon="-124.191628" /><trkpt lat="40.751624" lon="-124.192904" /><trkpt lat="40.732004" lon="-124.21408" /><trkpt lat="40.704665" lon="-124.209763" /><trkpt lat="40.679987" lon="-124.200862" /><trkpt lat="40.652267" lon="-124.211661" /><trkpt lat="40.624329" lon="-124.215568" /><trkpt lat="40.6177" lon="-124.201953" /><trkpt lat="40.605571" lon="-124.180411" /><trkpt lat="40.600348" lon="-124.168954" /><trkpt lat="40.593231" lon="-124.15808" /><trkpt lat="40.584451" lon="-124.152434" /><trkpt lat="40.564577" lon="-124.1482" /><trkpt lat="40.532866" lon="-124.150462" /><trkpt lat="40.513989" lon="-124.128482" /><trkpt lat="40.504526" lon="-124.103624" /><trkpt lat="40.491988" lon="-124.097897" /><trkpt lat="40.479347" lon="-124.100307" /><trkpt lat="40.462545" lon="-124.089209" /><trkpt lat="40.454147" lon="-124.062982" /><trkpt lat="40.444767" lon="-124.039568" /><trkpt lat="40.440187" lon="-124.026543" /><trkpt lat="40.43728" lon="-123.998485" /><trkpt lat="40.432987" lon="-123.985847" /><trkpt lat="40.413784" lon="-123.972216" /><trkpt lat="40.397869" lon="-123.948481" /><trkpt lat="40.39148" lon="-123.932707" /><trkpt lat="40.373234" lon="-123.926331" /><trkpt lat="40.358428" lon="-123.921345" /><trkpt lat="40.344653" lon="-123.931586" /><trkpt lat="40.330579" lon="-123.926417" /><trkpt lat="40.316555" lon="-123.919124" /><trkpt lat="40.305326" lon="-123.899968" /><trkpt lat="40.293302" lon="-123.894166" /><trkpt lat="40.282403" lon="-123.887415" /><trkpt lat="40.269222" lon="-123.874213" /><trkpt lat="40.266795" lon="-123.865981" /><trkpt lat="40.270814" lon="-123.852932" /><trkpt lat="40.260008" lon="-123.844848" /><trkpt lat="40.249315" lon="-123.831585" /><trkpt lat="40.226765" lon="-123.829031" /><trkpt lat="40.216384" lon="-123.813831" /><trkpt lat="40.218559" lon="-123.795222" /><trkpt lat="40.202229" lon="-123.785016" /><trkpt lat="40.192881" lon="-123.771077" /><trkpt lat="40.179616" lon="-123.778945" /><trkpt lat="40.169227" lon="-123.781197" /><trkpt lat="40.162188" lon="-123.78809" /><trkpt lat="40.15206" lon="-123.795312" /><trkpt lat="40.138301" lon="-123.808982" /><trkpt lat="40.108164" lon="-123.794018" /><trkpt lat="40.091416" lon="-123.791051" /><trkpt lat="40.073291" lon="-123.791075" /><trkpt lat="40.062725" lon="-123.78338" /><trkpt lat="40.051187" lon="-123.792494" /><trkpt lat="40.037333" lon="-123.7762" /><trkpt lat="40.032798" lon="-123.783566" /><trkpt lat="40.032681" lon="-123.793267" /><trkpt lat="40.022732" lon="-123.793924" /><trkpt lat="40.013959" lon="-123.791291" /><trkpt lat="40.008405" lon="-123.789685" /><trkpt lat="40.001102" lon="-123.783765" /><trkpt lat="39.985986" lon="-123.79644" /><trkpt lat="39.965644" lon="-123.794825" /><trkpt lat="39.954357" lon="-123.779917" /><trkpt lat="39.93143" lon="-123.763985" /><trkpt lat="39.919547" lon="-123.765273" /><trkpt lat="39.913551" lon="-123.759313" /><trkpt lat="39.906215" lon="-123.757312" /><trkpt lat="39.905609" lon="-123.749429" /><trkpt lat="39.900619" lon="-123.754375" /><trkpt lat="39.894189" lon="-123.753983" /><trkpt lat="39.888966" lon="-123.747983" /><trkpt lat="39.884917" lon="-123.735953" /><trkpt lat="39.87794" lon="-123.723154" /><trkpt lat="39.878724" lon="-123.715036" /><trkpt lat="39.872706" lon="-123.71082" /><trkpt lat="39.866085" lon="-123.717402" /><trkpt lat="39.864098" lon="-123.723755" /><trkpt lat="39.858539" lon="-123.728866" /><trkpt lat="39.853896" lon="-123.729423" /><trkpt lat="39.850145" lon="-123.730627" /><trkpt lat="39.852675" lon="-123.736454" /><trkpt lat="39.851937" lon="-123.735653" /><trkpt lat="39.849572" lon="-123.73852" /><trkpt lat="39.851037" lon="-123.741066" /><trkpt lat="39.854264" lon="-123.743369" /><trkpt lat="39.8586" lon="-123.743848" /><trkpt lat="39.8607" lon="-123.750471" /><trkpt lat="39.856556" lon="-123.759159" /><trkpt lat="39.854449" lon="-123.76325" /><trkpt lat="39.851396" lon="-123.764763" /><trkpt lat="39.849201" lon="-123.766851" /><trkpt lat="39.846589" lon="-123.77047" /><trkpt lat="39.839944" lon="-123.773092" /><trkpt lat="39.832861" lon="-123.774709" /><trkpt lat="39.827549" lon="-123.777914" /><trkpt lat="39.820005" lon="-123.783173" /><trkpt lat="39.813562" lon="-123.78755" /><trkpt lat="39.808887" lon="-123.794814" /><trkpt lat="39.808824" lon="-123.801399" /><trkpt lat="39.809368" lon="-123.806158" /><trkpt lat="39.80368" lon="-123.805707" /><trkpt lat="39.80127" lon="-123.808947" /><trkpt lat="39.797424" lon="-123.809535" /><trkpt lat="39.794786" lon="-123.813292" /><trkpt lat="39.796953" lon="-123.81752" /><trkpt lat="39.796602" lon="-123.819103" /><trkpt lat="39.788108" lon="-123.817477" /><trkpt lat="39.780722" lon="-123.828643" /><trkpt lat="39.776604" lon="-123.83289" /><trkpt lat="39.761785" lon="-123.823622" /><trkpt lat="39.750218" lon="-123.818276" /><trkpt lat="39.742638" lon="-123.816233" /><trkpt lat="39.735367" lon="-123.812462" /><trkpt lat="39.732801" lon="-123.808938" /><trkpt lat="39.729098" lon="-123.813494" /><trkpt lat="39.725423" lon="-123.813886" /><trkpt lat="39.726048" lon="-123.810142" /><trkpt lat="39.72305" lon="-123.808239" /><trkpt lat="39.722609" lon="-123.805669" /><trkpt lat="39.724559" lon="-123.802807" /><trkpt lat="39.717104" lon="-123.801314" /><trkpt lat="39.711948" lon="-123.803249" /><trkpt lat="39.709386" lon="-123.806556" /><trkpt lat="39.70038" lon="-123.802989" /><trkpt lat="39.694139" lon="-123.797807" /><trkpt lat="39.677131" lon="-123.789857" /><trkpt lat="39.658896" lon="-123.785055" /><trkpt lat="39.649457" lon="-123.779979" /><trkpt lat="39.647066" lon="-123.784392" /><trkpt lat="39.636309" lon="-123.78493" /><trkpt lat="39.62897" lon="-123.782409" /><trkpt lat="39.622386" lon="-123.781198" /><trkpt lat="39.61593" lon="-123.780835" /><trkpt lat="39.612345" lon="-123.778914" /><trkpt lat="39.607957" lon="-123.782572" /><trkpt lat="39.595557" lon="-123.782259" /><trkpt lat="39.579342" lon="-123.772087" /><trkpt lat="39.566199" lon="-123.768106" /><trkpt lat="39.565859" lon="-123.765704" /><trkpt lat="39.557582" lon="-123.764608" /><trkpt lat="39.547444" lon="-123.762382" /><trkpt lat="39.534495" lon="-123.756415" /><trkpt lat="39.524263" lon="-123.760947" /><trkpt lat="39.50876" lon="-123.765355" /><trkpt lat="39.499026" lon="-123.774243" /><trkpt lat="39.490999" lon="-123.784635" /><trkpt lat="39.478703" lon="-123.796996" /><trkpt lat="39.469246" lon="-123.8017" /><trkpt lat="39.458937" lon="-123.806509" /><trkpt lat="39.450563" lon="-123.805903" /><trkpt lat="39.443656" lon="-123.805761" /><trkpt lat="39.431665" lon="-123.806243" /><trkpt lat="39.419782" lon="-123.806022" /><trkpt lat="39.416385" lon="-123.790268" /><trkpt lat="39.415329" lon="-123.771868" /><trkpt lat="39.409379" lon="-123.746448" /><trkpt lat="39.403863" lon="-123.735682" /><trkpt lat="39.406312" lon="-123.73209" /><trkpt lat="39.405558" lon="-123.724163" /><trkpt lat="39.399594" lon="-123.715537" /><trkpt lat="39.393927" lon="-123.710719" /><trkpt lat="39.390282" lon="-123.704528" /><trkpt lat="39.385377" lon="-123.696443" /><trkpt lat="39.377819" lon="-123.689581" /><trkpt lat="39.371996" lon="-123.681281" /><trkpt lat="39.36536" lon="-123.673202" /><trkpt lat="39.363394" lon="-123.664843" /><trkpt lat="39.359234" lon="-123.658486" /><trkpt lat="39.358921" lon="-123.648238" /><trkpt lat="39.357776" lon="-123.637541" /><trkpt lat="39.357526" lon="-123.627746" /><trkpt lat="39.359451" lon="-123.619933" /><trkpt lat="39.354511" lon="-123.614583" /><trkpt lat="39.347804" lon="-123.601109" /><trkpt lat="39.348975" lon="-123.580804" /><trkpt lat="39.346717" lon="-123.562594" /><trkpt lat="39.352686" lon="-123.555907" /><trkpt lat="39.349521" lon="-123.548463" /><trkpt lat="39.346823" lon="-123.535801" /><trkpt lat="39.347388" lon="-123.525234" /><trkpt lat="39.348058" lon="-123.513869" /><trkpt lat="39.352325" lon="-123.510412" /><trkpt lat="39.357572" lon="-123.509085" /><trkpt lat="39.360863" lon="-123.507213" /><trkpt lat="39.362959" lon="-123.502526" /><trkpt lat="39.365812" lon="-123.499386" /><trkpt lat="39.369773" lon="-123.497536" /><trkpt lat="39.3729" lon="-123.495608" /><trkpt lat="39.376057" lon="-123.492351" /><trkpt lat="39.37707" lon="-123.487744" /><trkpt lat="39.379887" lon="-123.484946" /><trkpt lat="39.382914" lon="-123.480659" /><trkpt lat="39.385093" lon="-123.474153" /><trkpt lat="39.38859" lon="-123.467557" /><trkpt lat="39.393484" lon="-123.465662" /><trkpt lat="39.393364" lon="-123.458319" /><trkpt lat="39.397126" lon="-123.453848" /><trkpt lat="39.393146" lon="-123.447197" /><trkpt lat="39.388371" lon="-123.440029" /><trkpt lat="39.387579" lon="-123.427975" /><trkpt lat="39.3899" lon="-123.407907" /><trkpt lat="39.393932" lon="-123.396927" /><trkpt lat="39.400894" lon="-123.390188" /><trkpt lat="39.407512" lon="-123.379584" /><trkpt lat="39.405847" lon="-123.369669" /><trkpt lat="39.404034" lon="-123.352693" /><trkpt lat="39.396395" lon="-123.349386" /><trkpt lat="39.388145" lon="-123.345484" /><trkpt lat="39.375528" lon="-123.33135" /><trkpt lat="39.373927" lon="-123.323956" /><trkpt lat="39.364558" lon="-123.315471" /><trkpt lat="39.34752" lon="-123.321517" /><trkpt lat="39.334398" lon="-123.304193" /><trkpt lat="39.321322" lon="-123.300832" /><trkpt lat="39.31461" lon="-123.298608" /><trkpt lat="39.301359" lon="-123.296193" /><trkpt lat="39.295981" lon="-123.278952" /><trkpt lat="39.288119" lon="-123.264279" /><trkpt lat="39.27361" lon="-123.250235" /><trkpt lat="39.262562" lon="-123.223752" /><trkpt lat="39.251556" lon="-123.211804" /><trkpt lat="39.232431" lon="-123.208266" /><trkpt lat="39.207966" lon="-123.205693" /><trkpt lat="39.174185" lon="-123.213021" /><trkpt lat="39.170362" lon="-123.21039" /><trkpt lat="39.16003" lon="-123.198563" /><trkpt lat="39.14116" lon="-123.196222" /><trkpt lat="39.118346" lon="-123.195454" /><trkpt lat="39.109133" lon="-123.195277" /><trkpt lat="39.099135" lon="-123.190826" /><trkpt lat="39.0791" lon="-123.179656" /><trkpt lat="39.06822" lon="-123.168507" /><trkpt lat="39.058046" lon="-123.159846" /><trkpt lat="39.035457" lon="-123.144205" /><trkpt lat="39.021243" lon="-123.133585" /><trkpt lat="38.997659" lon="-123.117666" /><trkpt lat="38.976268" lon="-123.114847" /><trkpt lat="38.970782" lon="-123.116608" /><trkpt lat="38.956131" lon="-123.107455" /><trkpt lat="38.944916" lon="-123.080727" /><trkpt lat="38.937602" lon="-123.066243" /><trkpt lat="38.918257" lon="-123.058554" /><trkpt lat="38.907248" lon="-123.056308" /><trkpt lat="38.895674" lon="-123.056759" /><trkpt lat="38.881982" lon="-123.054104" /><trkpt lat="38.873875" lon="-123.044749" /><trkpt lat="38.855948" lon="-123.036738" /><trkpt lat="38.843534" lon="-123.027018" /><trkpt lat="38.834356" lon="-123.019638" /><trkpt lat="38.822517" lon="-123.015229" /><trkpt lat="38.797592" lon="-123.013076" /><trkpt lat="38.766411" lon="-122.99339" /><trkpt lat="38.741452" lon="-122.949817" /><trkpt lat="38.716746" lon="-122.922044" /><trkpt lat="38.701534" lon="-122.897379" /><trkpt lat="38.682206" lon="-122.880804" /><trkpt lat="38.654396" lon="-122.87211" /><trkpt lat="38.612847" lon="-122.877969" /><trkpt lat="38.5907" lon="-122.846519" /><trkpt lat="38.545502" lon="-122.807252" /><trkpt lat="38.499673" lon="-122.761213" /><trkpt lat="38.460173" lon="-122.726373" /><trkpt lat="38.437211" lon="-122.718133" /><trkpt lat="38.429759" lon="-122.715223" /><trkpt lat="38.397687" lon="-122.716208" /><trkpt lat="38.368502" lon="-122.712496" /><trkpt lat="38.331522" lon="-122.712915" /><trkpt lat="38.31092" lon="-122.714296" /><trkpt lat="38.270613" lon="-122.668292" /><trkpt lat="38.246158" lon="-122.629114" /><trkpt lat="38.24301" lon="-122.631582" /><trkpt lat="38.239823" lon="-122.634516" /><trkpt lat="38.236836" lon="-122.634108" /><trkpt lat="38.23283" lon="-122.636698" /><trkpt lat="38.227806" lon="-122.639789" /><trkpt lat="38.220331" lon="-122.643631" /><trkpt lat="38.21539" lon="-122.642698" /><trkpt lat="38.210415" lon="-122.646382" /><trkpt lat="38.204527" lon="-122.642766" /><trkpt lat="38.197354" lon="-122.653223" /><trkpt lat="38.190864" lon="-122.662028" /><trkpt lat="38.184077" lon="-122.667748" /><trkpt lat="38.176292" lon="-122.670555" /><trkpt lat="38.170235" lon="-122.673455" /><trkpt lat="38.167161" lon="-122.676524" /><trkpt lat="38.164818" lon="-122.679108" /><trkpt lat="38.163157" lon="-122.681232" /><trkpt lat="38.161796" lon="-122.685792" /><trkpt lat="38.15803" lon="-122.693482" /><trkpt lat="38.13678" lon="-122.709153" /><trkpt lat="38.124704" lon="-122.715307" /><trkpt lat="38.119973" lon="-122.714069" /><trkpt lat="38.113659" lon="-122.715534" /><trkpt lat="38.107381" lon="-122.724244" /><trkpt lat="38.101907" lon="-122.73025" /><trkpt lat="38.095957" lon="-122.734706" /><trkpt lat="38.092478" lon="-122.750234" /><trkpt lat="38.084714" lon="-122.752947" /><trkpt lat="38.071262" lon="-122.761087" /><trkpt lat="38.069931" lon="-122.768502" /><trkpt lat="38.064927" lon="-122.771803" /><trkpt lat="38.059206" lon="-122.770555" /><trkpt lat="38.056376" lon="-122.759745" /><trkpt lat="38.050061" lon="-122.75903" /><trkpt lat="38.047972" lon="-122.765233" /><trkpt lat="38.04644" lon="-122.770076" /><trkpt lat="38.047298" lon="-122.77432" /><trkpt lat="38.044799" lon="-122.778428" /><trkpt lat="38.043618" lon="-122.783317" /><trkpt lat="38.040708" lon="-122.788125" /><trkpt lat="38.042885" lon="-122.785168" /><trkpt lat="38.043684" lon="-122.782505" /><trkpt lat="38.044542" lon="-122.778883" /><trkpt lat="38.045814" lon="-122.777502" /><trkpt lat="38.047361" lon="-122.774428" /><trkpt lat="38.046544" lon="-122.771808" /><trkpt lat="38.047" lon="-122.769663" /><trkpt lat="38.047686" lon="-122.76628" /><trkpt lat="38.049678" lon="-122.761016" /><trkpt lat="38.049901" lon="-122.759005" /><trkpt lat="38.049034" lon="-122.755872" /><trkpt lat="38.048157" lon="-122.753001" /><trkpt lat="38.045822" lon="-122.751112" /><trkpt lat="38.043201" lon="-122.745378" /><trkpt lat="38.038396" lon="-122.745587" /><trkpt lat="38.035495" lon="-122.744538" /><trkpt lat="38.030853" lon="-122.742478" /><trkpt lat="38.029616" lon="-122.741452" /><trkpt lat="38.029733" lon="-122.736645" /><trkpt lat="38.025536" lon="-122.73641" /><trkpt lat="38.020802" lon="-122.733551" /><trkpt lat="38.019698" lon="-122.729604" /><trkpt lat="38.019083" lon="-122.72427" /><trkpt lat="38.016419" lon="-122.723444" /><trkpt lat="38.015765" lon="-122.720307" /><trkpt lat="38.011955" lon="-122.714481" /><trkpt lat="38.008297" lon="-122.711527" /><trkpt lat="38.00464" lon="-122.708355" /><trkpt lat="38.00553" lon="-122.705682" /><trkpt lat="38.008131" lon="-122.704919" /><trkpt lat="38.011238" lon="-122.702369" /><trkpt lat="38.0125" lon="-122.701145" /><trkpt lat="38.014713" lon="-122.695363" /><trkpt lat="38.015301" lon="-122.690056" /><trkpt lat="38.01567" lon="-122.685122" /><trkpt lat="38.016785" lon="-122.678467" /><trkpt lat="38.015406" lon="-122.670768" /><trkpt lat="38.014476" lon="-122.664094" /><trkpt lat="38.015009" lon="-122.647197" /><trkpt lat="38.015132" lon="-122.634253" /><trkpt lat="38.011154" lon="-122.627545" /><trkpt lat="38.011719" lon="-122.62238" /><trkpt lat="38.011247" lon="-122.618232" /><trkpt lat="38.008056" lon="-122.61708" /><trkpt lat="38.005744" lon="-122.614568" /><trkpt lat="38.002274" lon="-122.612037" /><trkpt lat="38.000404" lon="-122.607596" /><trkpt lat="38.00037" lon="-122.606907" /><trkpt lat="37.99991" lon="-122.601649" /><trkpt lat="37.997867" lon="-122.599648" /><trkpt lat="37.995197" lon="-122.595789" /><trkpt lat="37.991416" lon="-122.5927" /><trkpt lat="37.989583" lon="-122.591461" /><trkpt lat="37.987918" lon="-122.590652" /><trkpt lat="37.987382" lon="-122.589229" /><trkpt lat="37.987103" lon="-122.58646" /><trkpt lat="37.986617" lon="-122.579922" /><trkpt lat="37.98674" lon="-122.577481" /><trkpt lat="37.983223" lon="-122.570389" /><trkpt lat="37.980325" lon="-122.565651" /><trkpt lat="37.978132" lon="-122.563904" /><trkpt lat="37.976731" lon="-122.561826" /><trkpt lat="37.974727" lon="-122.561877" /><trkpt lat="37.968526" lon="-122.560298" /><trkpt lat="37.964093" lon="-122.556922" /><trkpt lat="37.960823" lon="-122.554432" /><trkpt lat="37.957202" lon="-122.549639" /><trkpt lat="37.954324" lon="-122.54598" /><trkpt lat="37.953726" lon="-122.542358" /><trkpt lat="37.952693" lon="-122.537742" /><trkpt lat="37.950309" lon="-122.533273" /><trkpt lat="37.948872" lon="-122.52876" /><trkpt lat="37.947605" lon="-122.5255" /><trkpt lat="37.945218" lon="-122.519347" /><trkpt lat="37.944186" lon="-122.517257" /><trkpt lat="37.943305" lon="-122.516317" /><trkpt lat="37.941492" lon="-122.515942" /><trkpt lat="37.93708" lon="-122.516895" /><trkpt lat="37.931291" lon="-122.51607" /><trkpt lat="37.92696" lon="-122.515137" /><trkpt lat="37.920985" lon="-122.512057" /><trkpt lat="37.918425" lon="-122.511282" /><trkpt lat="37.915812" lon="-122.511572" /><trkpt lat="37.909983" lon="-122.513623" /><trkpt lat="37.904955" lon="-122.515611" /><trkpt lat="37.900304" lon="-122.516023" /><trkpt lat="37.887906" lon="-122.516853" /><trkpt lat="37.879991" lon="-122.516288" /><trkpt lat="37.877697" lon="-122.51346" /><trkpt lat="37.87453" lon="-122.50901" /><trkpt lat="37.872215" lon="-122.507473" /><trkpt lat="37.865004" lon="-122.507148" /><trkpt lat="37.86259" lon="-122.505867" /><trkpt lat="37.860903" lon="-122.503307" /><trkpt lat="37.859014" lon="-122.500411" /><trkpt lat="37.856829" lon="-122.497261" /><trkpt lat="37.855187" lon="-122.493843" /><trkpt lat="37.852238" lon="-122.491835" /><trkpt lat="37.850221" lon="-122.489875" /><trkpt lat="37.84744" lon="-122.487724" /><trkpt lat="37.84259" lon="-122.485804" /><trkpt lat="37.839886" lon="-122.486946" /><trkpt lat="37.836397" lon="-122.48527" /><trkpt lat="37.833465" lon="-122.482872" /><trkpt lat="37.83161" lon="-122.480249" /><trkpt lat="37.808634" lon="-122.477042" /><trkpt lat="37.806412" lon="-122.474782" /><trkpt lat="37.80498" lon="-122.473256" /><trkpt lat="37.803532" lon="-122.471202" /><trkpt lat="37.802639" lon="-122.469738" /><trkpt lat="37.799471" lon="-122.469531" /><trkpt lat="37.790826" lon="-122.470113" /><trkpt lat="37.787712" lon="-122.472297" /><trkpt lat="37.785231" lon="-122.472729" /><trkpt lat="37.776866" lon="-122.472127" /><trkpt lat="37.772655" lon="-122.471975" /><trkpt lat="37.772612" lon="-122.475005" /><trkpt lat="37.772325" lon="-122.478763" /><trkpt lat="37.771248" lon="-122.479538" /><trkpt lat="37.76812" lon="-122.478368" /><trkpt lat="37.766495" lon="-122.477569" /><trkpt lat="37.763567" lon="-122.477258" /><trkpt lat="37.760164" lon="-122.476928" /><trkpt lat="37.756021" lon="-122.476633" /><trkpt lat="37.750389" lon="-122.476238" /><trkpt lat="37.744775" lon="-122.475845" /><trkpt lat="37.741285" lon="-122.475635" /><trkpt lat="37.737459" lon="-122.475383" /><trkpt lat="37.734203" lon="-122.475163" /><trkpt lat="37.73002" lon="-122.474875" /><trkpt lat="37.727061" lon="-122.475049" /><trkpt lat="37.720993" lon="-122.475368" /><trkpt lat="37.718056" lon="-122.473617" /><trkpt lat="37.716352" lon="-122.472501" /><trkpt lat="37.713262" lon="-122.471461" /><trkpt lat="37.710734" lon="-122.471251" /><trkpt lat="37.704457" lon="-122.471798" /><trkpt lat="37.699588" lon="-122.471679" /><trkpt lat="37.694745" lon="-122.470668" /><trkpt lat="37.687418" lon="-122.471279" /><trkpt lat="37.679739" lon="-122.471851" /><trkpt lat="37.677394" lon="-122.471349" /><trkpt lat="37.673303" lon="-122.468199" /><trkpt lat="37.66851" lon="-122.466" /><trkpt lat="37.661954" lon="-122.465569" /><trkpt lat="37.659699" lon="-122.463961" /><trkpt lat="37.650536" lon="-122.452935" /><trkpt lat="37.645" lon="-122.449287" /><trkpt lat="37.642882" lon="-122.445736" /><trkpt lat="37.641079" lon="-122.443525" /><trkpt lat="37.637389" lon="-122.440273" /><trkpt lat="37.633355" lon="-122.438199" /><trkpt lat="37.629951" lon="-122.434551" /><trkpt lat="37.627458" lon="-122.431851" /><trkpt lat="37.627474" lon="-122.429681" /><trkpt lat="37.62954" lon="-122.426279" /><trkpt lat="37.631675" lon="-122.421156" /><trkpt lat="37.631523" lon="-122.41953" /><trkpt lat="37.630173" lon="-122.417569" /><trkpt lat="37.62633" lon="-122.423413" /><trkpt lat="37.625259" lon="-122.426997" /><trkpt lat="37.623062" lon="-122.428048" /><trkpt lat="37.617271" lon="-122.424433" /><trkpt lat="37.613608" lon="-122.425089" /><trkpt lat="37.609481" lon="-122.427614" /><trkpt lat="37.605604" lon="-122.428241" /><trkpt lat="37.602174" lon="-122.426683" /><trkpt lat="37.596148" lon="-122.419546" /><trkpt lat="37.586378" lon="-122.40959" /><trkpt lat="37.582092" lon="-122.405022" /><trkpt lat="37.568658" lon="-122.39522" /><trkpt lat="37.566034" lon="-122.390269" /><trkpt lat="37.558679" lon="-122.381755" /><trkpt lat="37.551606" lon="-122.376728" /><trkpt lat="37.540655" lon="-122.366777" /><trkpt lat="37.531284" lon="-122.361112" /><trkpt lat="37.519813" lon="-122.354418" /><trkpt lat="37.510334" lon="-122.344313" /><trkpt lat="37.502202" lon="-122.331661" /><trkpt lat="37.500193" lon="-122.321641" /><trkpt lat="37.496422" lon="-122.312446" /><trkpt lat="37.492544" lon="-122.301619" /><trkpt lat="37.485299" lon="-122.298671" /><trkpt lat="37.473462" lon="-122.297401" /><trkpt lat="37.466834" lon="-122.291612" /><trkpt lat="37.458103" lon="-122.289597" /><trkpt lat="37.444219" lon="-122.269009" /><trkpt lat="37.443991" lon="-122.257265" /><trkpt lat="37.430433" lon="-122.237425" /><trkpt lat="37.418142" lon="-122.214909" /><trkpt lat="37.409267" lon="-122.195505" /><trkpt lat="37.39351" lon="-122.17588" /><trkpt lat="37.389476" lon="-122.163179" /><trkpt lat="37.385783" lon="-122.153125" /><trkpt lat="37.373841" lon="-122.145505" /><trkpt lat="37.363945" lon="-122.12395" /><trkpt lat="37.35767" lon="-122.11799" /><trkpt lat="37.352751" lon="-122.107276" /><trkpt lat="37.341672" lon="-122.091671" /><trkpt lat="37.333453" lon="-122.076516" /><trkpt lat="37.333898" lon="-122.065047" /><trkpt lat="37.329093" lon="-122.052576" /><trkpt lat="37.31879" lon="-122.048491" /><trkpt lat="37.294093" lon="-122.026166" /><trkpt lat="37.274853" lon="-122.003987" /><trkpt lat="37.259765" lon="-121.969004" /><trkpt lat="37.254843" lon="-121.95697" /><trkpt lat="37.240404" lon="-121.967545" /><trkpt lat="37.22748" lon="-121.974465" /><trkpt lat="37.22487" lon="-121.977226" /><trkpt lat="37.218922" lon="-121.986617" /><trkpt lat="37.21753" lon="-121.988141" /><trkpt lat="37.215821" lon="-121.988499" /><trkpt lat="37.213115" lon="-121.987913" /><trkpt lat="37.211326" lon="-121.989601" /><trkpt lat="37.208904" lon="-121.98967" /><trkpt lat="37.204745" lon="-121.991855" /><trkpt lat="37.194245" lon="-121.993953" /><trkpt lat="37.18926" lon="-121.992319" /><trkpt lat="37.185115" lon="-121.991605" /><trkpt lat="37.175588" lon="-121.99594" /><trkpt lat="37.171412" lon="-121.990639" /><trkpt lat="37.168012" lon="-121.989025" /><trkpt lat="37.165268" lon="-121.988393" /><trkpt lat="37.163964" lon="-121.991005" /><trkpt lat="37.161818" lon="-121.988878" /><trkpt lat="37.159593" lon="-121.983823" /><trkpt lat="37.156655" lon="-121.982463" /><trkpt lat="37.153744" lon="-121.985517" /><trkpt lat="37.148855" lon="-121.987194" /><trkpt lat="37.146041" lon="-121.985874" /><trkpt lat="37.144546" lon="-121.984697" /><trkpt lat="37.138643" lon="-121.984245" /><trkpt lat="37.133372" lon="-121.981653" /><trkpt lat="37.126068" lon="-121.973713" /><trkpt lat="37.121305" lon="-121.975387" /><trkpt lat="37.11801" lon="-121.975181" /><trkpt lat="37.113524" lon="-121.974803" /><trkpt lat="37.1063" lon="-121.975615" /><trkpt lat="37.103111" lon="-121.977097" /><trkpt lat="37.097656" lon="-121.975175" /><trkpt lat="37.09214" lon="-121.978623" /><trkpt lat="37.088454" lon="-121.978055" /><trkpt lat="37.083869" lon="-121.977248" /><trkpt lat="37.08013" lon="-121.978132" /><trkpt lat="37.076847" lon="-121.983736" /><trkpt lat="37.07533" lon="-121.987697" /><trkpt lat="37.069097" lon="-121.994171" /><trkpt lat="37.064595" lon="-122.002047" /><trkpt lat="37.061606" lon="-122.004475" /><trkpt lat="37.047119" lon="-122.013381" /><trkpt lat="37.036763" lon="-122.019424" /><trkpt lat="37.03371" lon="-122.022502" /><trkpt lat="37.026256" lon="-122.02607" /><trkpt lat="37.021813" lon="-122.026847" /><trkpt lat="37.017378" lon="-122.027691" /><trkpt lat="37.007584" lon="-122.021271" /><trkpt lat="37.001138" lon="-122.021306" /><trkpt lat="36.997416" lon="-122.02096" /><trkpt lat="36.993844" lon="-122.019129" /><trkpt lat="36.991827" lon="-122.020995" /><trkpt lat="36.990366" lon="-122.022392" /><trkpt lat="36.989036" lon="-122.018214" /><trkpt lat="36.988302" lon="-122.006865" /><trkpt lat="36.987956" lon="-121.993353" /><trkpt lat="36.98584" lon="-121.981587" /><trkpt lat="36.982826" lon="-121.967432" /><trkpt lat="36.982887" lon="-121.960104" /><trkpt lat="36.983902" lon="-121.937353" /><trkpt lat="36.981537" lon="-121.917723" /><trkpt lat="36.975866" lon="-121.906383" /><trkpt lat="36.974818" lon="-121.899028" /><trkpt lat="36.975249" lon="-121.887937" /><trkpt lat="36.971931" lon="-121.87748" /><trkpt lat="36.969341" lon="-121.871858" /><trkpt lat="36.958655" lon="-121.860754" /><trkpt lat="36.948008" lon="-121.849364" /><trkpt lat="36.940389" lon="-121.838194" /><trkpt lat="36.938384" lon="-121.834138" /><trkpt lat="36.930558" lon="-121.807991" /><trkpt lat="36.925922" lon="-121.79952" /><trkpt lat="36.92112" lon="-121.791765" /><trkpt lat="36.911491" lon="-121.785171" /><trkpt lat="36.895193" lon="-121.774752" /><trkpt lat="36.886678" lon="-121.772977" /><trkpt lat="36.87279" lon="-121.770348" /><trkpt lat="36.869138" lon="-121.770332" /><trkpt lat="36.862088" lon="-121.771094" /><trkpt lat="36.843069" lon="-121.771091" /><trkpt lat="36.83119" lon="-121.77101" /><trkpt lat="36.825816" lon="-121.77575" /><trkpt lat="36.823496" lon="-121.779697" /><trkpt lat="36.819381" lon="-121.785882" /><trkpt lat="36.811604" lon="-121.785421" /><trkpt lat="36.805372" lon="-121.783737" /><trkpt lat="36.799171" lon="-121.78318" /><trkpt lat="36.790076" lon="-121.783274" /><trkpt lat="36.780399" lon="-121.777791" /><trkpt lat="36.771633" lon="-121.766108" /><trkpt lat="36.768856" lon="-121.765113" /><trkpt lat="36.760086" lon="-121.765835" /><trkpt lat="36.753104" lon="-121.766438" /><trkpt lat="36.737367" lon="-121.777736" /><trkpt lat="36.726203" lon="-121.789075" /><trkpt lat="36.718789" lon="-121.793672" /><trkpt lat="36.698821" lon="-121.803928" /><trkpt lat="36.687662" lon="-121.809064" /><trkpt lat="36.679862" lon="-121.807682" /><trkpt lat="36.676462" lon="-121.808316" /><trkpt lat="36.672185" lon="-121.811589" /><trkpt lat="36.657005" lon="-121.816824" /><trkpt lat="36.650562" lon="-121.814986" /><trkpt lat="36.647232" lon="-121.81576" /><trkpt lat="36.645696" lon="-121.818775" /><trkpt lat="36.647307" lon="-121.816616" /><trkpt lat="36.647626" lon="-121.812798" /><trkpt lat="36.645079" lon="-121.806157" /><trkpt lat="36.625534" lon="-121.815702" /><trkpt lat="36.618887" lon="-121.818628" /><trkpt lat="36.608391" lon="-121.823096" /><trkpt lat="36.603942" lon="-121.825234" /><trkpt lat="36.600045" lon="-121.827159" /><trkpt lat="36.596873" lon="-121.828903" /><trkpt lat="36.595872" lon="-121.829926" /><trkpt lat="36.591153" lon="-121.832325" /><trkpt lat="36.581288" lon="-121.827798" /><trkpt lat="36.573598" lon="-121.819816" /><trkpt lat="36.569164" lon="-121.79606" /><trkpt lat="36.570051" lon="-121.788028" /><trkpt lat="36.56794" lon="-121.775948" /><trkpt lat="36.570273" lon="-121.772023" /><trkpt lat="36.570271" lon="-121.759624" /><trkpt lat="36.572705" lon="-121.739397" /><trkpt lat="36.578415" lon="-121.728715" /><trkpt lat="36.579611" lon="-121.721097" /><trkpt lat="36.584283" lon="-121.713109" /><trkpt lat="36.588428" lon="-121.710989" /><trkpt lat="36.598844" lon="-121.698632" /><trkpt lat="36.621691" lon="-121.684674" /><trkpt lat="36.622091" lon="-121.678151" /><trkpt lat="36.622151" lon="-121.66635" /><trkpt lat="36.616936" lon="-121.659585" /><trkpt lat="36.606951" lon="-121.64443" /><trkpt lat="36.601499" lon="-121.633543" /><trkpt lat="36.597023" lon="-121.62455" /><trkpt lat="36.595711" lon="-121.619372" /><trkpt lat="36.588968" lon="-121.604511" /><trkpt lat="36.575179" lon="-121.586201" /><trkpt lat="36.571768" lon="-121.573374" /><trkpt lat="36.563401" lon="-121.563436" /><trkpt lat="36.562194" lon="-121.558438" /><trkpt lat="36.555988" lon="-121.549289" /><trkpt lat="36.561893" lon="-121.523155" /><trkpt lat="36.56836" lon="-121.519131" /><trkpt lat="36.559752" lon="-121.508674" /><trkpt lat="36.53229" lon="-121.476449" /><trkpt lat="36.522765" lon="-121.459582" /><trkpt lat="36.517658" lon="-121.440948" /><trkpt lat="36.50648" lon="-121.434276" /><trkpt lat="36.491466" lon="-121.426363" /><trkpt lat="36.478542" lon="-121.409917" /><trkpt lat="36.466415" lon="-121.390826" /><trkpt lat="36.457964" lon="-121.377653" /><trkpt lat="36.448818" lon="-121.362822" /><trkpt lat="36.435051" lon="-121.34016" /><trkpt lat="36.427898" lon="-121.334442" /><trkpt lat="36.419216" lon="-121.323643" /><trkpt lat="36.406777" lon="-121.318478" /><trkpt lat="36.380594" lon="-121.297651" /><trkpt lat="36.348555" lon="-121.263863" /><trkpt lat="36.330637" lon="-121.245555" /><trkpt lat="36.319208" lon="-121.235436" /><trkpt lat="36.308949" lon="-121.229852" /><trkpt lat="36.295498" lon="-121.206296" /><trkpt lat="36.278416" lon="-121.187173" /><trkpt lat="36.259511" lon="-121.179011" /><trkpt lat="36.232566" lon="-121.174366" /><trkpt lat="36.217425" lon="-121.167023" /><trkpt lat="36.198449" lon="-121.152399" /><trkpt lat="36.197803" lon="-121.146066" /><trkpt lat="36.203324" lon="-121.139724" /><trkpt lat="36.204092" lon="-121.135683" /><trkpt lat="36.202419" lon="-121.123331" /><trkpt lat="36.189973" lon="-121.077032" /><trkpt lat="36.179195" lon="-121.064068" /><trkpt lat="36.152076" lon="-121.044268" /><trkpt lat="36.120168" lon="-121.022252" /><trkpt lat="36.104118" lon="-121.024571" /><trkpt lat="36.096237" lon="-121.024295" /><trkpt lat="36.077121" lon="-120.998469" /><trkpt lat="36.043235" lon="-120.957644" /><trkpt lat="36.015177" lon="-120.92423" /><trkpt lat="35.998036" lon="-120.911632" /><trkpt lat="35.97961" lon="-120.901937" /><trkpt lat="35.965335" lon="-120.889816" /><trkpt lat="35.946469" lon="-120.87588" /><trkpt lat="35.917559" lon="-120.859983" /><trkpt lat="35.901816" lon="-120.842633" /><trkpt lat="35.877871" lon="-120.838685" /><trkpt lat="35.865776" lon="-120.820466" /><trkpt lat="35.857755" lon="-120.805978" /><trkpt lat="35.854952" lon="-120.799618" /><trkpt lat="35.851098" lon="-120.769632" /><trkpt lat="35.840845" lon="-120.758269" /><trkpt lat="35.822349" lon="-120.758912" /><trkpt lat="35.800282" lon="-120.744437" /><trkpt lat="35.782647" lon="-120.725198" /><trkpt lat="35.771717" lon="-120.707282" /><trkpt lat="35.761329" lon="-120.699106" /><trkpt lat="35.746472" lon="-120.700578" /><trkpt lat="35.737164" lon="-120.701015" /><trkpt lat="35.727002" lon="-120.700016" /><trkpt lat="35.713662" lon="-120.694375" /><trkpt lat="35.691708" lon="-120.696833" /><trkpt lat="35.667185" lon="-120.696232" /><trkpt lat="35.655622" lon="-120.697235" /><trkpt lat="35.65054" lon="-120.689744" /><trkpt lat="35.638764" lon="-120.684242" /><trkpt lat="35.631133" lon="-120.686793" /><trkpt lat="35.617289" lon="-120.687365" /><trkpt lat="35.610001" lon="-120.691794" /><trkpt lat="35.59813" lon="-120.694499" /><trkpt lat="35.587731" lon="-120.695933" /><trkpt lat="35.569452" lon="-120.700205" /><trkpt lat="35.557702" lon="-120.709163" /><trkpt lat="35.548564" lon="-120.716074" /><trkpt lat="35.54085" lon="-120.713519" /><trkpt lat="35.528362" lon="-120.706101" /><trkpt lat="35.522984" lon="-120.704371" /><trkpt lat="35.513818" lon="-120.699965" /><trkpt lat="35.500881" lon="-120.688666" /><trkpt lat="35.488912" lon="-120.67164" /><trkpt lat="35.484085" lon="-120.663319" /><trkpt lat="35.475508" lon="-120.658008" /><trkpt lat="35.458945" lon="-120.645997" /><trkpt lat="35.446278" lon="-120.638824" /><trkpt lat="35.429154" lon="-120.634637" /><trkpt lat="35.412626" lon="-120.626605" /><trkpt lat="35.399404" lon="-120.622653" /><trkpt lat="35.385377" lon="-120.628888" /><trkpt lat="35.376272" lon="-120.636832" /><trkpt lat="35.367302" lon="-120.640877" /><trkpt lat="35.359038" lon="-120.637593" /><trkpt lat="35.350872" lon="-120.633187" /><trkpt lat="35.347127" lon="-120.629767" /><trkpt lat="35.339296" lon="-120.627604" /><trkpt lat="35.331287" lon="-120.622858" /><trkpt lat="35.325535" lon="-120.620341" /><trkpt lat="35.318654" lon="-120.621207" /><trkpt lat="35.314471" lon="-120.623081" /><trkpt lat="35.305457" lon="-120.625805" /><trkpt lat="35.297174" lon="-120.628926" /><trkpt lat="35.294869" lon="-120.639908" /><trkpt lat="35.292188" lon="-120.644985" /><trkpt lat="35.291746" lon="-120.656528" /><trkpt lat="35.286435" lon="-120.664071" /><trkpt lat="35.283493" lon="-120.667585" /><trkpt lat="35.273598" lon="-120.671766" /><trkpt lat="35.265115" lon="-120.67374" /><trkpt lat="35.260406" lon="-120.673568" /><trkpt lat="35.243336" lon="-120.683117" /><trkpt lat="35.239351" lon="-120.683757" /><trkpt lat="35.234584" lon="-120.686415" /><trkpt lat="35.227702" lon="-120.691373" /><trkpt lat="35.216878" lon="-120.695732" /><trkpt lat="35.20191" lon="-120.697445" /><trkpt lat="35.183034" lon="-120.701499" /><trkpt lat="35.178931" lon="-120.698817" /><trkpt lat="35.175393" lon="-120.697457" /><trkpt lat="35.170471" lon="-120.693145" /><trkpt lat="35.167542" lon="-120.690626" /><trkpt lat="35.164951" lon="-120.68837" /><trkpt lat="35.158653" lon="-120.674087" /><trkpt lat="35.148408" lon="-120.648123" /><trkpt lat="35.146308" lon="-120.644896" /><trkpt lat="35.143871" lon="-120.644429" /><trkpt lat="35.142775" lon="-120.641283" /><trkpt lat="35.139834" lon="-120.637802" /><trkpt lat="35.136996" lon="-120.625364" /><trkpt lat="35.130378" lon="-120.608358" /><trkpt lat="35.123078" lon="-120.589769" /><trkpt lat="35.119096" lon="-120.578343" /><trkpt lat="35.111116" lon="-120.56346" /><trkpt lat="35.1071" lon="-120.555096" /><trkpt lat="35.091982" lon="-120.542395" /><trkpt lat="35.079894" lon="-120.526712" /><trkpt lat="35.059334" lon="-120.50495" /><trkpt lat="35.039809" lon="-120.487426" /><trkpt lat="35.019328" lon="-120.465807" /><trkpt lat="35.005041" lon="-120.442098" /><trkpt lat="34.996029" lon="-120.434801" /><trkpt lat="34.974793" lon="-120.427517" /><trkpt lat="34.955162" lon="-120.417344" /><trkpt lat="34.928121" lon="-120.418012" /><trkpt lat="34.893678" lon="-120.418307" /><trkpt lat="34.87991" lon="-120.408959" /><trkpt lat="34.84916" lon="-120.38232" /><trkpt lat="34.825094" lon="-120.359092" /><trkpt lat="34.810233" lon="-120.345622" /><trkpt lat="34.796637" lon="-120.339117" /><trkpt lat="34.786138" lon="-120.322764" /><trkpt lat="34.775747" lon="-120.311502" /><trkpt lat="34.762862" lon="-120.301108" /><trkpt lat="34.75303" lon="-120.287654" /><trkpt lat="34.74332" lon="-120.272086" /><trkpt lat="34.73667" lon="-120.256249" /><trkpt lat="34.726516" lon="-120.223969" /><trkpt lat="34.719671" lon="-120.206176" /><trkpt lat="34.714612" lon="-120.189632" /><trkpt lat="34.707975" lon="-120.173324" /><trkpt lat="34.697952" lon="-120.164095" /><trkpt lat="34.689561" lon="-120.158556" /><trkpt lat="34.68476" lon="-120.156786" /><trkpt lat="34.676536" lon="-120.158011" /><trkpt lat="34.669942" lon="-120.165044" /><trkpt lat="34.664137" lon="-120.175958" /><trkpt lat="34.651" lon="-120.183358" /><trkpt lat="34.632893" lon="-120.187412" /><trkpt lat="34.614586" lon="-120.189859" /><trkpt lat="34.598878" lon="-120.19297" /><trkpt lat="34.591803" lon="-120.193877" /><trkpt lat="34.584785" lon="-120.192676" /><trkpt lat="34.579378" lon="-120.193606" /><trkpt lat="34.570979" lon="-120.192301" /><trkpt lat="34.55927" lon="-120.191965" /><trkpt lat="34.545871" lon="-120.193496" /><trkpt lat="34.530825" lon="-120.196523" /><trkpt lat="34.524238" lon="-120.202226" /><trkpt lat="34.522949" lon="-120.211005" /><trkpt lat="34.517903" lon="-120.217437" /><trkpt lat="34.510794" lon="-120.224714" /><trkpt lat="34.504542" lon="-120.226512" /><trkpt lat="34.49795" lon="-120.231113" /><trkpt lat="34.494583" lon="-120.23048" /><trkpt lat="34.489286" lon="-120.226236" /><trkpt lat="34.484563" lon="-120.229884" /><trkpt lat="34.477629" lon="-120.228448" /><trkpt lat="34.474187" lon="-120.226322" /><trkpt lat="34.473223" lon="-120.223269" /><trkpt lat="34.473299" lon="-120.212304" /><trkpt lat="34.473277" lon="-120.199402" /><trkpt lat="34.471546" lon="-120.166793" /><trkpt lat="34.474175" lon="-120.136231" /><trkpt lat="34.470212" lon="-120.114541" /><trkpt lat="34.461233" lon="-120.09085" /><trkpt lat="34.464539" lon="-120.073329" /><trkpt lat="34.464177" lon="-120.063993" /><trkpt lat="34.464171" lon="-120.039207" /><trkpt lat="34.463227" lon="-120.021654" /><trkpt lat="34.459703" lon="-119.996807" /><trkpt lat="34.455435" lon="-119.971357" /><trkpt lat="34.443958" lon="-119.954507" /><trkpt lat="34.438712" lon="-119.930712" /><trkpt lat="34.43559" lon="-119.919441" /><trkpt lat="34.432592" lon="-119.910511" /><trkpt lat="34.432479" lon="-119.879354" /><trkpt lat="34.435343" lon="-119.86476" /><trkpt lat="34.438307" lon="-119.84392" /><trkpt lat="34.440045" lon="-119.825984" /><trkpt lat="34.441832" lon="-119.808764" /><trkpt lat="34.441797" lon="-119.793288" /><trkpt lat="34.442058" lon="-119.777106" /><trkpt lat="34.441055" lon="-119.762427" /><trkpt lat="34.440328" lon="-119.755991" /><trkpt lat="34.43017" lon="-119.742762" /><trkpt lat="34.42687" lon="-119.727799" /><trkpt lat="34.422986" lon="-119.716906" /><trkpt lat="34.413299" lon="-119.703702" /><trkpt lat="34.412235" lon="-119.698249" /><trkpt lat="34.414401" lon="-119.693732" /><trkpt lat="34.419215" lon="-119.687685" /><trkpt lat="34.419965" lon="-119.674519" /><trkpt lat="34.422774" lon="-119.660524" /><trkpt lat="34.421711" lon="-119.652444" /><trkpt lat="34.420656" lon="-119.640099" /><trkpt lat="34.421161" lon="-119.627536" /><trkpt lat="34.42157" lon="-119.615152" /><trkpt lat="34.420803" lon="-119.605143" /><trkpt lat="34.42068" lon="-119.59896" /><trkpt lat="34.417611" lon="-119.589063" /><trkpt lat="34.416423" lon="-119.568466" /><trkpt lat="34.414082" lon="-119.557451" /><trkpt lat="34.405822" lon="-119.5435" /><trkpt lat="34.402853" lon="-119.524685" /><trkpt lat="34.39937" lon="-119.513751" /><trkpt lat="34.391397" lon="-119.507234" /><trkpt lat="34.386" lon="-119.491072" /><trkpt lat="34.383188" lon="-119.484033" /><trkpt lat="34.377247" lon="-119.479725" /><trkpt lat="34.375711" lon="-119.474979" /><trkpt lat="34.376051" lon="-119.467859" /><trkpt lat="34.37024" lon="-119.455075" /><trkpt lat="34.360189" lon="-119.445989" /><trkpt lat="34.356345" lon="-119.441032" /><trkpt lat="34.356131" lon="-119.435745" /><trkpt lat="34.354463" lon="-119.429772" /><trkpt lat="34.346981" lon="-119.422674" /><trkpt lat="34.342242" lon="-119.414051" /><trkpt lat="34.333776" lon="-119.40195" /><trkpt lat="34.322142" lon="-119.390519" /><trkpt lat="34.321566" lon="-119.379961" /><trkpt lat="34.320635" lon="-119.370152" /><trkpt lat="34.313159" lon="-119.358636" /><trkpt lat="34.30557" lon="-119.348311" /><trkpt lat="34.292636" lon="-119.337993" /><trkpt lat="34.282079" lon="-119.315856" /><trkpt lat="34.277375" lon="-119.300235" /><trkpt lat="34.275538" lon="-119.287932" /><trkpt lat="34.271862" lon="-119.278289" /><trkpt lat="34.267568" lon="-119.271388" /><trkpt lat="34.259398" lon="-119.255949" /><trkpt lat="34.260735" lon="-119.248361" /><trkpt lat="34.264874" lon="-119.24078" /><trkpt lat="34.261421" lon="-119.229339" /><trkpt lat="34.251496" lon="-119.209534" /><trkpt lat="34.243898" lon="-119.194011" /><trkpt lat="34.23831" lon="-119.179233" /><trkpt lat="34.230137" lon="-119.172019" /><trkpt lat="34.226189" lon="-119.16309" /><trkpt lat="34.223468" lon="-119.152101" /><trkpt lat="34.221941" lon="-119.12022" /><trkpt lat="34.220751" lon="-119.091103" /><trkpt lat="34.217816" lon="-119.054209" /><trkpt lat="34.216578" lon="-119.033614" /><trkpt lat="34.21568" lon="-119.01646" /><trkpt lat="34.21327" lon="-119.006734" /><trkpt lat="34.207614" lon="-118.992198" /><trkpt lat="34.205351" lon="-118.985221" /><trkpt lat="34.203118" lon="-118.980453" /><trkpt lat="34.201225" lon="-118.971922" /><trkpt lat="34.200188" lon="-118.960188" /><trkpt lat="34.194307" lon="-118.948878" /><trkpt lat="34.184385" lon="-118.926023" /><trkpt lat="34.183915" lon="-118.912925" /><trkpt lat="34.186741" lon="-118.911114" /><trkpt lat="34.183386" lon="-118.911985" /><trkpt lat="34.184102" lon="-118.911996" /><trkpt lat="34.184553" lon="-118.898087" /><trkpt lat="34.184142" lon="-118.893386" /><trkpt lat="34.18211" lon="-118.888949" /><trkpt lat="34.177374" lon="-118.877711" /><trkpt lat="34.176238" lon="-118.865237" /><trkpt lat="34.176826" lon="-118.860818" /><trkpt lat="34.181974" lon="-118.860333" /><trkpt lat="34.188073" lon="-118.862099" /><trkpt lat="34.193473" lon="-118.860782" /><trkpt lat="34.201965" lon="-118.855425" /><trkpt lat="34.205565" lon="-118.850898" /><trkpt lat="34.210881" lon="-118.848921" /><trkpt lat="34.220863" lon="-118.849662" /><trkpt lat="34.229814" lon="-118.845743" /><trkpt lat="34.236833" lon="-118.841508" /><trkpt lat="34.243834" lon="-118.839497" /><trkpt lat="34.256245" lon="-118.840648" /><trkpt lat="34.263173" lon="-118.847927" /><trkpt lat="34.269637" lon="-118.853353" /><trkpt lat="34.284513" lon="-118.863865" /><trkpt lat="34.2886" lon="-118.863891" /><trkpt lat="34.291973" lon="-118.859792" /><trkpt lat="34.293088" lon="-118.847946" /><trkpt lat="34.293323" lon="-118.838307" /><trkpt lat="34.292503" lon="-118.833468" /><trkpt lat="34.290379" lon="-118.807489" /><trkpt lat="34.285054" lon="-118.795376" /><trkpt lat="34.283458" lon="-118.792019" /><trkpt lat="34.282128" lon="-118.784078" /><trkpt lat="34.282126" lon="-118.766286" /><trkpt lat="34.282122" lon="-118.757484" /><trkpt lat="34.282123" lon="-118.741555" /><trkpt lat="34.282115" lon="-118.726853" /><trkpt lat="34.281708" lon="-118.71887" /><trkpt lat="34.281521" lon="-118.708628" /><trkpt lat="34.281468" lon="-118.691718" /><trkpt lat="34.281462" lon="-118.686995" /><trkpt lat="34.28131" lon="-118.673277" /><trkpt lat="34.27921" lon="-118.666439" /><trkpt lat="34.278511" lon="-118.660804" /><trkpt lat="34.276405" lon="-118.658058" /><trkpt lat="34.271719" lon="-118.654774" /><trkpt lat="34.270346" lon="-118.651461" /><trkpt lat="34.269441" lon="-118.646939" /><trkpt lat="34.267002" lon="-118.643119" /><trkpt lat="34.266436" lon="-118.639259" /><trkpt lat="34.267702" lon="-118.635817" /><trkpt lat="34.273136" lon="-118.628998" /><trkpt lat="34.275677" lon="-118.622376" /><trkpt lat="34.277818" lon="-118.606589" /><trkpt lat="34.274207" lon="-118.595287" /><trkpt lat="34.273322" lon="-118.585705" /><trkpt lat="34.27333" lon="-118.569196" /><trkpt lat="34.272193" lon="-118.554464" /><trkpt lat="34.274208" lon="-118.545319" /><trkpt lat="34.276205" lon="-118.532715" /><trkpt lat="34.278097" lon="-118.521574" /><trkpt lat="34.27787" lon="-118.506689" /><trkpt lat="34.277495" lon="-118.498593" /><trkpt lat="34.272386" lon="-118.490635" /><trkpt lat="34.266793" lon="-118.483147" /><trkpt lat="34.265904" lon="-118.476342" /><trkpt lat="34.26584" lon="-118.466603" /><trkpt lat="34.265779" lon="-118.459776" /><trkpt lat="34.265917" lon="-118.447562" /><trkpt lat="34.267644" lon="-118.437621" /><trkpt lat="34.269983" lon="-118.432071" /><trkpt lat="34.277078" lon="-118.42283" /><trkpt lat="34.282758" lon="-118.415242" /><trkpt lat="34.286557" lon="-118.408487" /><trkpt lat="34.283263" lon="-118.402823" /><trkpt lat="34.279015" lon="-118.39808" /><trkpt lat="34.277389" lon="-118.391537" /><trkpt lat="34.276047" lon="-118.385436" /><trkpt lat="34.274547" lon="-118.379272" /><trkpt lat="34.274051" lon="-118.37531" /><trkpt lat="34.273069" lon="-118.360385" /><trkpt lat="34.271145" lon="-118.34573" /><trkpt lat="34.270405" lon="-118.342371" /><trkpt lat="34.268807" lon="-118.339174" /><trkpt lat="34.266291" lon="-118.336325" /><trkpt lat="34.257303" lon="-118.327706" /><trkpt lat="34.25238" lon="-118.323394" /><trkpt lat="34.247269" lon="-118.321612" /><trkpt lat="34.244438" lon="-118.319436" /><trkpt lat="34.242684" lon="-118.316493" /><trkpt lat="34.241288" lon="-118.310889" /><trkpt lat="34.236542" lon="-118.303395" /><trkpt lat="34.235056" lon="-118.300384" /><trkpt lat="34.234597" lon="-118.295993" /><trkpt lat="34.234866" lon="-118.29313" /><trkpt lat="34.234697" lon="-118.289759" /><trkpt lat="34.234193" lon="-118.284424" /><trkpt lat="34.23414" lon="-118.279786" /><trkpt lat="34.229959" lon="-118.261335" /><trkpt lat="34.228737" lon="-118.25819" /><trkpt lat="34.222347" lon="-118.24755" /><trkpt lat="34.216705" lon="-118.23681" /><trkpt lat="34.211388" lon="-118.227317" /><trkpt lat="34.207213" lon="-118.216591" /><trkpt lat="34.206842" lon="-118.205935" /><trkpt lat="34.204758" lon="-118.195818" /><trkpt lat="34.198302" lon="-118.186323" /><trkpt lat="34.193127" lon="-118.181934" /><trkpt lat="34.189021" lon="-118.180705" /><trkpt lat="34.185371" lon="-118.177734" /><trkpt lat="34.18149" lon="-118.169756" /><trkpt lat="34.17526" lon="-118.160953" /><trkpt lat="34.173088" lon="-118.15895" /><trkpt lat="34.166157" lon="-118.158255" /><trkpt lat="34.157436" lon="-118.158695" /><trkpt lat="34.151411" lon="-118.154927" /><trkpt lat="34.151511" lon="-118.147967" /><trkpt lat="34.15165" lon="-118.130741" /><trkpt lat="34.152137" lon="-118.121108" /><trkpt lat="34.152322" lon="-118.107134" /><trkpt lat="34.152404" lon="-118.095307" /><trkpt lat="34.151617" lon="-118.09143" /><trkpt lat="34.148548" lon="-118.08667" /><trkpt lat="34.147543" lon="-118.082257" /><trkpt lat="34.148506" lon="-118.070029" /><trkpt lat="34.148636" lon="-118.053162" /><trkpt lat="34.148609" lon="-118.040875" /><trkpt lat="34.147519" lon="-118.030902" /><trkpt lat="34.142926" lon="-118.021077" /><trkpt lat="34.1393" lon="-118.015788" /><trkpt lat="34.13615" lon="-118.009345" /><trkpt lat="34.135391" lon="-118.004695" /><trkpt lat="34.135373" lon="-117.986587" /><trkpt lat="34.135259" lon="-117.975721" /><trkpt lat="34.135322" lon="-117.964127" /><trkpt lat="34.133721" lon="-117.959759" /><trkpt lat="34.131331" lon="-117.960018" /><trkpt lat="34.117256" lon="-117.975184" /><trkpt lat="34.1074" lon="-117.982077" /><trkpt lat="34.09379" lon="-117.989311" /><trkpt lat="34.083588" lon="-117.997269" /><trkpt lat="34.074945" lon="-117.998814" /><trkpt lat="34.066593" lon="-118.000498" /><trkpt lat="34.06345" lon="-118.000284" /><trkpt lat="34.05954" lon="-118.001613" /><trkpt lat="34.054116" lon="-118.00453" /><trkpt lat="34.044661" lon="-118.009866" /><trkpt lat="34.038089" lon="-118.022035" /><trkpt lat="34.035099" lon="-118.026668" /><trkpt lat="34.033444" lon="-118.028688" /><trkpt lat="34.034337" lon="-118.028834" /><trkpt lat="34.031735" lon="-118.022571" /><trkpt lat="34.028991" lon="-118.013622" /><trkpt lat="34.028455" lon="-118.001805" /><trkpt lat="34.023687" lon="-117.992415" /><trkpt lat="34.012357" lon="-117.980982" /><trkpt lat="34.00761" lon="-117.967545" /><trkpt lat="34.0063" lon="-117.965865" /><trkpt lat="34.006575" lon="-117.969263" /><trkpt lat="34.003685" lon="-117.972578" /><trkpt lat="34.00017" lon="-117.973703" /><trkpt lat="34.000476" lon="-117.975911" /><trkpt lat="33.997728" lon="-117.973647" /><trkpt lat="33.996753" lon="-117.970434" /><trkpt lat="33.996148" lon="-117.968465" /><trkpt lat="33.997099" lon="-117.96772" /><trkpt lat="34.004585" lon="-117.965084" /><trkpt lat="34.006417" lon="-117.96423" /><trkpt lat="34.005669" lon="-117.961149" /><trkpt lat="34.001779" lon="-117.947984" /><trkpt lat="33.99719" lon="-117.932942" /><trkpt lat="33.994131" lon="-117.908947" /><trkpt lat="33.994059" lon="-117.903745" /><trkpt lat="33.994046" lon="-117.887375" /><trkpt lat="33.995683" lon="-117.87371" /><trkpt lat="33.996306" lon="-117.86954" /><trkpt lat="33.998134" lon="-117.858328" /><trkpt lat="33.999236" lon="-117.851536" /><trkpt lat="34.000874" lon="-117.84308" /><trkpt lat="34.000889" lon="-117.838149" /><trkpt lat="33.999775" lon="-117.837542" /><trkpt lat="33.996318" lon="-117.840437" /><trkpt lat="33.991375" lon="-117.842808" /><trkpt lat="33.985264" lon="-117.843201" /><trkpt lat="33.981251" lon="-117.841982" /><trkpt lat="33.975859" lon="-117.843224" /><trkpt lat="33.968698" lon="-117.848937" /><trkpt lat="33.962484" lon="-117.85321" /><trkpt lat="33.95866" lon="-117.859174" /><trkpt lat="33.949931" lon="-117.865331" /><trkpt lat="33.941387" lon="-117.874826" /><trkpt lat="33.930703" lon="-117.87994" /><trkpt lat="33.922474" lon="-117.880287" /><trkpt lat="33.918225" lon="-117.881004" /><trkpt lat="33.912513" lon="-117.88354" /><trkpt lat="33.909392" lon="-117.883396" /><trkpt lat="33.905032" lon="-117.881235" /><trkpt lat="33.899361" lon="-117.881281" /><trkpt lat="33.889534" lon="-117.880756" /><trkpt lat="33.8818" lon="-117.880571" /><trkpt lat="33.87294" lon="-117.880543" /><trkpt lat="33.867674" lon="-117.879252" /><trkpt lat="33.863095" lon="-117.877901" /><trkpt lat="33.858766" lon="-117.876604" /><trkpt lat="33.853176" lon="-117.875803" /><trkpt lat="33.847897" lon="-117.876089" /><trkpt lat="33.845069" lon="-117.876193" /><trkpt lat="33.830164" lon="-117.876247" /><trkpt lat="33.818828" lon="-117.876359" /><trkpt lat="33.815016" lon="-117.877153" /><trkpt lat="33.807626" lon="-117.880064" /><trkpt lat="33.804937" lon="-117.880296" /><trkpt lat="33.799488" lon="-117.877979" /><trkpt lat="33.795506" lon="-117.878045" /><trkpt lat="33.792092" lon="-117.879724" /><trkpt lat="33.786353" lon="-117.880066" /><trkpt lat="33.782054" lon="-117.880034" /><trkpt lat="33.779907" lon="-117.878431" /><trkpt lat="33.774993" lon="-117.873625" /><trkpt lat="33.771398" lon="-117.870528" /><trkpt lat="33.763235" lon="-117.865012" /><trkpt lat="33.760256" lon="-117.862838" /><trkpt lat="33.75885" lon="-117.860991" /><trkpt lat="33.756417" lon="-117.855891" /><trkpt lat="33.753489" lon="-117.849499" /><trkpt lat="33.751339" lon="-117.846061" /><trkpt lat="33.748191" lon="-117.843507" /><trkpt lat="33.744442" lon="-117.841827" /><trkpt lat="33.74307" lon="-117.840384" /><trkpt lat="33.741434" lon="-117.836419" /><trkpt lat="33.740428" lon="-117.8335" /><trkpt lat="33.736046" lon="-117.820365" /><trkpt lat="33.73366" lon="-117.815797" /><trkpt lat="33.731022" lon="-117.812088" /><trkpt lat="33.726012" lon="-117.804802" /><trkpt lat="33.722157" lon="-117.799097" /><trkpt lat="33.720044" lon="-117.796076" /><trkpt lat="33.718754" lon="-117.79421" /><trkpt lat="33.713423" lon="-117.786561" /><trkpt lat="33.709701" lon="-117.78214" /><trkpt lat="33.706173" lon="-117.779216" /><trkpt lat="33.686707" lon="-117.766509" /><trkpt lat="33.680122" lon="-117.76109" /><trkpt lat="33.6768" lon="-117.757593" /><trkpt lat="33.672738" lon="-117.755933" /><trkpt lat="33.668319" lon="-117.754136" /><trkpt lat="33.660491" lon="-117.748038" /><trkpt lat="33.651127" lon="-117.740434" /><trkpt lat="33.641662" lon="-117.733045" /><trkpt lat="33.633596" lon="-117.726506" /><trkpt lat="33.629868" lon="-117.722278" /><trkpt lat="33.62014" lon="-117.713242" /><trkpt lat="33.6157" lon="-117.709002" /><trkpt lat="33.613674" lon="-117.706599" /><trkpt lat="33.612111" lon="-117.704822" /><trkpt lat="33.608429" lon="-117.69877" /><trkpt lat="33.606546" lon="-117.6944" /><trkpt lat="33.603302" lon="-117.688833" /><trkpt lat="33.600451" lon="-117.682238" /><trkpt lat="33.598255" lon="-117.676886" /><trkpt lat="33.594622" lon="-117.673125" /><trkpt lat="33.59068" lon="-117.671728" /><trkpt lat="33.581722" lon="-117.671861" /><trkpt lat="33.574626" lon="-117.671963" /><trkpt lat="33.563096" lon="-117.672821" /><trkpt lat="33.555418" lon="-117.673087" /><trkpt lat="33.547485" lon="-117.67292" /><trkpt lat="33.544186" lon="-117.673616" /><trkpt lat="33.535915" lon="-117.675179" /><trkpt lat="33.530519" lon="-117.673949" /><trkpt lat="33.525579" lon="-117.668208" /><trkpt lat="33.51858" lon="-117.665036" /><trkpt lat="33.505744" lon="-117.659592" /><trkpt lat="33.500971" lon="-117.658512" /><trkpt lat="33.495958" lon="-117.659406" /><trkpt lat="33.492229" lon="-117.661598" /><trkpt lat="33.489545" lon="-117.663609" /><trkpt lat="33.477166" lon="-117.673697" /><trkpt lat="33.47392" lon="-117.674842" /><trkpt lat="33.471036" lon="-117.67464" /><trkpt lat="33.468648" lon="-117.672984" /><trkpt lat="33.467433" lon="-117.671139" /><trkpt lat="33.466573" lon="-117.669157" /><trkpt lat="33.4643" lon="-117.665698" /><trkpt lat="33.459285" lon="-117.656979" /><trkpt lat="33.453174" lon="-117.644741" /><trkpt lat="33.44866" lon="-117.637758" /><trkpt lat="33.444157" lon="-117.630122" /><trkpt lat="33.438918" lon="-117.622952" /><trkpt lat="33.435399" lon="-117.617847" /><trkpt lat="33.429194" lon="-117.612451" /><trkpt lat="33.424036" lon="-117.608682" /><trkpt lat="33.418487" lon="-117.604964" /><trkpt lat="33.408641" lon="-117.60002" /><trkpt lat="33.395729" lon="-117.593378" /><trkpt lat="33.391023" lon="-117.58999" /><trkpt lat="33.384803" lon="-117.581705" /><trkpt lat="33.378708" lon="-117.566248" /><trkpt lat="33.37453" lon="-117.560558" /><trkpt lat="33.350167" lon="-117.522217" /><trkpt lat="33.335915" lon="-117.502388" /><trkpt lat="33.32036" lon="-117.482887" /><trkpt lat="33.315426" lon="-117.482236" /><trkpt lat="33.311951" lon="-117.480614" /><trkpt lat="33.295841" lon="-117.461197" /><trkpt lat="33.286301" lon="-117.453117" /><trkpt lat="33.271915" lon="-117.441933" /><trkpt lat="33.262756" lon="-117.430344" /><trkpt lat="33.243754" lon="-117.416657" /><trkpt lat="33.239117" lon="-117.411667" /><trkpt lat="33.224436" lon="-117.394463" /><trkpt lat="33.220963" lon="-117.391894" /><trkpt lat="33.210441" lon="-117.387459" /><trkpt lat="33.20337" lon="-117.381234" /><trkpt lat="33.200574" lon="-117.37326" /><trkpt lat="33.198754" lon="-117.369779" /><trkpt lat="33.190884" lon="-117.362922" /><trkpt lat="33.181572" lon="-117.355293" /><trkpt lat="33.179789" lon="-117.354891" /><trkpt lat="33.177255" lon="-117.355004" /><trkpt lat="33.176254" lon="-117.35251" /><trkpt lat="33.176493" lon="-117.352105" /><trkpt lat="33.176768" lon="-117.351637" /><trkpt lat="33.177175" lon="-117.350912" /><trkpt lat="33.177362" lon="-117.350368" /><trkpt lat="33.177264" lon="-117.350046" /><trkpt lat="33.176923" lon="-117.349882" /><trkpt lat="33.176621" lon="-117.350135" /><trkpt lat="33.176615" lon="-117.350534" /><trkpt lat="33.176885" lon="-117.351019" /><trkpt lat="33.178696" lon="-117.352429" /><trkpt lat="33.184839" lon="-117.357587" /><trkpt lat="33.188639" lon="-117.360754" /><trkpt lat="33.191326" lon="-117.362967" /><trkpt lat="33.193486" lon="-117.364835" /><trkpt lat="33.198156" lon="-117.368608" /><trkpt lat="33.199411" lon="-117.370134" /><trkpt lat="33.200283" lon="-117.371819" /><trkpt lat="33.200787" lon="-117.373149" /><trkpt lat="33.202289" lon="-117.377538" /><trkpt lat="33.202938" lon="-117.379469" /><trkpt lat="33.203471" lon="-117.380829" /><trkpt lat="33.203834" lon="-117.381579" /><trkpt lat="33.20438" lon="-117.382457" /><trkpt lat="33.205349" lon="-117.383605" /><trkpt lat="33.206005" lon="-117.384195" /><trkpt lat="33.207636" lon="-117.385299" /><trkpt lat="33.210504" lon="-117.387116" /><trkpt lat="33.212677" lon="-117.388473" /><trkpt lat="33.214434" lon="-117.389524" /><trkpt lat="33.222296" lon="-117.391982" /><trkpt lat="33.22418" lon="-117.39311" /><trkpt lat="33.225081" lon="-117.393978" /><trkpt lat="33.227578" lon="-117.396802" /><trkpt lat="33.235222" lon="-117.404725" /><trkpt lat="33.237671" lon="-117.407028" /><trkpt lat="33.23893" lon="-117.409073" /><trkpt lat="33.240521" lon="-117.413307" /><trkpt lat="33.24133" lon="-117.41452" /><trkpt lat="33.24273" lon="-117.415771" /><trkpt lat="33.247426" lon="-117.417995" /><trkpt lat="33.256549" lon="-117.425119" /><trkpt lat="33.264652" lon="-117.431676" /><trkpt lat="33.269331" lon="-117.437894" /><trkpt lat="33.270516" lon="-117.439501" /><trkpt lat="33.273328" lon="-117.442947" /><trkpt lat="33.291718" lon="-117.456893" /><trkpt lat="33.294745" lon="-117.459438" /><trkpt lat="33.296848" lon="-117.461958" /><trkpt lat="33.300837" lon="-117.466873" /><trkpt lat="33.304201" lon="-117.470892" /><trkpt lat="33.31207" lon="-117.480389" /><trkpt lat="33.314472" lon="-117.481767" /><trkpt lat="33.31779" lon="-117.482163" /><trkpt lat="33.320419" lon="-117.482567" /><trkpt lat="33.322342" lon="-117.483681" /><trkpt lat="33.332581" lon="-117.497349" /><trkpt lat="33.341442" lon="-117.509537" /><trkpt lat="33.34616" lon="-117.516076" /><trkpt lat="33.349286" lon="-117.520389" /><trkpt lat="33.353429" lon="-117.526419" /><trkpt lat="33.35465" lon="-117.528199" /><trkpt lat="33.36559" lon="-117.544333" /><trkpt lat="33.37397" lon="-117.559013" /><trkpt lat="33.375397" lon="-117.561444" /><trkpt lat="33.378094" lon="-117.564697" /><trkpt lat="33.381668" lon="-117.573048" /><trkpt lat="33.384106" lon="-117.579219" /><trkpt lat="33.386657" lon="-117.5852" /><trkpt lat="33.387665" lon="-117.586592" /><trkpt lat="33.38905" lon="-117.588046" /><trkpt lat="33.392927" lon="-117.591084" /><trkpt lat="33.396886" lon="-117.59384" /><trkpt lat="33.410274" lon="-117.600614" /><trkpt lat="33.412452" lon="-117.601692" /><trkpt lat="33.415043" lon="-117.602987" /><trkpt lat="33.418775" lon="-117.60492" /><trkpt lat="33.41985" lon="-117.605788" /><trkpt lat="33.4213" lon="-117.607011" /><trkpt lat="33.42257" lon="-117.607713" /><trkpt lat="33.423514" lon="-117.608174" /><trkpt lat="33.424753" lon="-117.60884" /><trkpt lat="33.428515" lon="-117.611531" /><trkpt lat="33.428544" lon="-117.611554" /><trkpt lat="33.430677" lon="-117.613844" /><trkpt lat="33.430872" lon="-117.614092" /><trkpt lat="33.43216" lon="-117.615353" /><trkpt lat="33.433534" lon="-117.616325" /><trkpt lat="33.436603" lon="-117.618642" /><trkpt lat="33.438664" lon="-117.621991" /><trkpt lat="33.440093" lon="-117.624489" /><trkpt lat="33.441225" lon="-117.626172" /><trkpt lat="33.443172" lon="-117.628586" /><trkpt lat="33.445018" lon="-117.630868" /><trkpt lat="33.446536" lon="-117.63326" /><trkpt lat="33.44709" lon="-117.63434" /><trkpt lat="33.448627" lon="-117.637292" /><trkpt lat="33.450106" lon="-117.639425" /><trkpt lat="33.452677" lon="-117.643288" /><trkpt lat="33.453964" lon="-117.645853" /><trkpt lat="33.456902" lon="-117.65251" /><trkpt lat="33.458503" lon="-117.655294" /><trkpt lat="33.45996" lon="-117.657887" /><trkpt lat="33.460581" lon="-117.659374" /><trkpt lat="33.462073" lon="-117.66192" /><trkpt lat="33.463797" lon="-117.664545" /><trkpt lat="33.466715" lon="-117.668923" /><trkpt lat="33.467626" lon="-117.670904" /><trkpt lat="33.468519" lon="-117.6724" /><trkpt lat="33.469061" lon="-117.672978" /><trkpt lat="33.470277" lon="-117.673922" /><trkpt lat="33.471703" lon="-117.674457" /><trkpt lat="33.472726" lon="-117.674592" /><trkpt lat="33.474456" lon="-117.674489" /><trkpt lat="33.476118" lon="-117.673975" /><trkpt lat="33.476808" lon="-117.67362" /><trkpt lat="33.477681" lon="-117.673044" /><trkpt lat="33.478831" lon="-117.672088" /><trkpt lat="33.484329" lon="-117.667332" /><trkpt lat="33.485884" lon="-117.666043" /><trkpt lat="33.490645" lon="-117.662487" /><trkpt lat="33.492773" lon="-117.660882" /><trkpt lat="33.494807" lon="-117.659671" /><trkpt lat="33.498189" lon="-117.658493" /><trkpt lat="33.500165" lon="-117.658242" /><trkpt lat="33.502037" lon="-117.658287" /><trkpt lat="33.503464" lon="-117.658536" /><trkpt lat="33.504618" lon="-117.658834" /><trkpt lat="33.50782" lon="-117.660137" /><trkpt lat="33.510106" lon="-117.661077" /><trkpt lat="33.518569" lon="-117.664728" /><trkpt lat="33.522449" lon="-117.666371" /><trkpt lat="33.524926" lon="-117.667408" /><trkpt lat="33.52637" lon="-117.668398" /><trkpt lat="33.527889" lon="-117.670078" /><trkpt lat="33.530342" lon="-117.673298" /><trkpt lat="33.533074" lon="-117.674652" /><trkpt lat="33.535649" lon="-117.674715" /><trkpt lat="33.537099" lon="-117.674544" /><trkpt lat="33.538587" lon="-117.674333" /><trkpt lat="33.543061" lon="-117.673544" /><trkpt lat="33.545214" lon="-117.673059" /><trkpt lat="33.546924" lon="-117.67268" /><trkpt lat="33.548148" lon="-117.67259" /><trkpt lat="33.549704" lon="-117.67262" /><trkpt lat="33.554836" lon="-117.672763" /><trkpt lat="33.557203" lon="-117.67241" /><trkpt lat="33.558177" lon="-117.671669" /><trkpt lat="33.558522" lon="-117.67164" /><trkpt lat="33.559373" lon="-117.671915" /><trkpt lat="33.559706" lon="-117.671531" /><trkpt lat="33.560102" lon="-117.671009" /><trkpt lat="33.561043" lon="-117.670221" /><trkpt lat="33.56164" lon="-117.669717" /><trkpt lat="33.561877" lon="-117.669416" /><trkpt lat="33.562241" lon="-117.668838" /><trkpt lat="33.562616" lon="-117.668027" /><trkpt lat="33.563034" lon="-117.666802" /><trkpt lat="33.563741" lon="-117.664626" /><trkpt lat="33.563526" lon="-117.665846" /><trkpt lat="33.559867" lon="-117.671741" /><trkpt lat="33.575769" lon="-117.671701" /><trkpt lat="33.595849" lon="-117.673661" /><trkpt lat="33.602622" lon="-117.687142" /><trkpt lat="33.611338" lon="-117.703386" /><trkpt lat="33.622585" lon="-117.714975" /><trkpt lat="33.634007" lon="-117.72636" /><trkpt lat="33.644585" lon="-117.734709" /><trkpt lat="33.651126" lon="-117.75706" /><trkpt lat="33.653737" lon="-117.770303" /><trkpt lat="33.661207" lon="-117.78374" /><trkpt lat="33.664139" lon="-117.798869" /><trkpt lat="33.668708" lon="-117.820163" /><trkpt lat="33.676093" lon="-117.841621" /><trkpt lat="33.685466" lon="-117.862764" /><trkpt lat="33.687566" lon="-117.877366" /><trkpt lat="33.688062" lon="-117.910134" /><trkpt lat="33.692151" lon="-117.926025" /><trkpt lat="33.701652" lon="-117.9489" /><trkpt lat="33.707437" lon="-117.956631" /><trkpt lat="33.719789" lon="-117.97145" /><trkpt lat="33.733166" lon="-117.989696" /><trkpt lat="33.750899" lon="-118.011922" /><trkpt lat="33.770718" lon="-118.035695" /><trkpt lat="33.774823" lon="-118.045156" /><trkpt lat="33.77462" lon="-118.081298" /><trkpt lat="33.777618" lon="-118.089203" /><trkpt lat="33.788577" lon="-118.096578" /><trkpt lat="33.796807" lon="-118.1076" /><trkpt lat="33.802748" lon="-118.117713" /><trkpt lat="33.803034" lon="-118.136265" /><trkpt lat="33.805952" lon="-118.142986" /><trkpt lat="33.811013" lon="-118.160298" /><trkpt lat="33.814397" lon="-118.171362" /><trkpt lat="33.815409" lon="-118.184884" /><trkpt lat="33.820117" lon="-118.192541" /><trkpt lat="33.826339" lon="-118.206001" /><trkpt lat="33.825829" lon="-118.213938" /><trkpt lat="33.825544" lon="-118.227" /><trkpt lat="33.82593" lon="-118.247126" /><trkpt lat="33.83389" lon="-118.257929" /><trkpt lat="33.84495" lon="-118.268789" /><trkpt lat="33.853599" lon="-118.280665" /><trkpt lat="33.859046" lon="-118.289153" /><trkpt lat="33.859912" lon="-118.302435" /><trkpt lat="33.861659" lon="-118.316484" /><trkpt lat="33.867592" lon="-118.336109" /><trkpt lat="33.874447" lon="-118.343231" /><trkpt lat="33.88228" lon="-118.349292" /><trkpt lat="33.89083" lon="-118.361055" /><trkpt lat="33.898059" lon="-118.369941" /><trkpt lat="33.911467" lon="-118.370361" /><trkpt lat="33.923792" lon="-118.368516" /><trkpt lat="33.937831" lon="-118.36828" /><trkpt lat="33.950161" lon="-118.368619" /><trkpt lat="33.960559" lon="-118.369241" /><trkpt lat="33.967229" lon="-118.371053" /><trkpt lat="33.972526" lon="-118.379088" /><trkpt lat="33.978978" lon="-118.391793" /><trkpt lat="33.988693" lon="-118.399766" /><trkpt lat="34.000582" lon="-118.409108" /><trkpt lat="34.010678" lon="-118.41709" /><trkpt lat="34.031644" lon="-118.433722" /><trkpt lat="34.035839" lon="-118.438045" /><trkpt lat="34.046889" lon="-118.446439" /><trkpt lat="34.052808" lon="-118.449737" /><trkpt lat="34.062388" lon="-118.457405" /><trkpt lat="34.077389" lon="-118.47" /><trkpt lat="34.084108" lon="-118.47454" /><trkpt lat="34.095671" lon="-118.476401" /><trkpt lat="34.099331" lon="-118.477898" /><trkpt lat="34.104271" lon="-118.477315" /><trkpt lat="34.111274" lon="-118.481845" /><trkpt lat="34.122977" lon="-118.478103" /><trkpt lat="34.137217" lon="-118.471218" /><trkpt lat="34.144012" lon="-118.471123" /><trkpt lat="34.151846" lon="-118.467726" /><trkpt lat="34.15741" lon="-118.468708" /><trkpt lat="34.160218" lon="-118.468505" /><trkpt lat="34.165219" lon="-118.47491" /><trkpt lat="34.166328" lon="-118.494278" /><trkpt lat="34.171305" lon="-118.518744" /><trkpt lat="34.173084" lon="-118.534683" /><trkpt lat="34.173702" lon="-118.560072" /><trkpt lat="34.168112" lon="-118.583965" /><trkpt lat="34.170887" lon="-118.607126" /><trkpt lat="34.164684" lon="-118.623139" /><trkpt lat="34.153596" lon="-118.651793" /><trkpt lat="34.149548" lon="-118.674295" /><trkpt lat="34.151306" lon="-118.692028" /><trkpt lat="34.142055" lon="-118.707032" /><trkpt lat="34.138011" lon="-118.726909" /><trkpt lat="34.14327" lon="-118.74171" /><trkpt lat="34.147456" lon="-118.771429" /><trkpt lat="34.149093" lon="-118.803804" /><trkpt lat="34.164093" lon="-118.834618" /><trkpt lat="34.17554" lon="-118.853003" /><trkpt lat="34.17765" lon="-118.87861" /><trkpt lat="34.184782" lon="-118.897717" /><trkpt lat="34.185011" lon="-118.927762" /><trkpt lat="34.196891" lon="-118.952022" /><trkpt lat="34.200328" lon="-118.962588" /><trkpt lat="34.201814" lon="-118.978223" /><trkpt lat="34.205537" lon="-118.985235" /><trkpt lat="34.209143" lon="-118.994019" /><trkpt lat="34.215679" lon="-119.013896" /><trkpt lat="34.216939" lon="-119.034403" /><trkpt lat="34.219207" lon="-119.068804" /><trkpt lat="34.222012" lon="-119.104205" /><trkpt lat="34.222423" lon="-119.137657" /><trkpt lat="34.225106" lon="-119.158277" /><trkpt lat="34.230661" lon="-119.172034" /><trkpt lat="34.240324" lon="-119.183377" /><trkpt lat="34.245504" lon="-119.197034" /><trkpt lat="34.254774" lon="-119.214547" /><trkpt lat="34.265128" lon="-119.239442" /><trkpt lat="34.261095" lon="-119.2483" /><trkpt lat="34.263556" lon="-119.266741" /><trkpt lat="34.270093" lon="-119.273116" /><trkpt lat="34.272749" lon="-119.283282" /><trkpt lat="34.277347" lon="-119.291509" /><trkpt lat="34.278119" lon="-119.302672" /><trkpt lat="34.285598" lon="-119.322889" /><trkpt lat="34.302512" lon="-119.344926" /><trkpt lat="34.309026" lon="-119.352124" /><trkpt lat="34.317748" lon="-119.364423" /><trkpt lat="34.3224" lon="-119.377016" /><trkpt lat="34.322439" lon="-119.390303" /><trkpt lat="34.334671" lon="-119.402475" /><trkpt lat="34.343846" lon="-119.417979" /><trkpt lat="34.351513" lon="-119.425765" /><trkpt lat="34.355597" lon="-119.431837" /><trkpt lat="34.35633" lon="-119.440053" /><trkpt lat="34.359604" lon="-119.44522" /><trkpt lat="34.370564" lon="-119.455193" /><trkpt lat="34.37528" lon="-119.463868" /><trkpt lat="34.376086" lon="-119.473536" /><trkpt lat="34.376982" lon="-119.478926" /><trkpt lat="34.38226" lon="-119.482856" /><trkpt lat="34.389065" lon="-119.499959" /><trkpt lat="34.39697" lon="-119.511561" /><trkpt lat="34.402273" lon="-119.520682" /><trkpt lat="34.404305" lon="-119.531442" /><trkpt lat="34.409094" lon="-119.550465" /><trkpt lat="34.416799" lon="-119.566932" /><trkpt lat="34.417762" lon="-119.58897" /><trkpt lat="34.421094" lon="-119.599771" /><trkpt lat="34.420873" lon="-119.605962" /><trkpt lat="34.42167" lon="-119.615493" /><trkpt lat="34.422457" lon="-119.631331" /><trkpt lat="34.420943" lon="-119.639873" /><trkpt lat="34.421398" lon="-119.650494" /><trkpt lat="34.422983" lon="-119.660412" /><trkpt lat="34.420113" lon="-119.67447" /><trkpt lat="34.41969" lon="-119.687184" /><trkpt lat="34.419937" lon="-119.692017" /><trkpt lat="34.424671" lon="-119.698487" /><trkpt lat="34.424505" lon="-119.700967" /><trkpt lat="34.422424" lon="-119.702276" /><trkpt lat="34.422926" lon="-119.701399" /><trkpt lat="34.42154" lon="-119.701832" /><trkpt lat="34.419793" lon="-119.703661" /><trkpt lat="34.418286" lon="-119.705267" /><trkpt lat="34.416809" lon="-119.706846" /><trkpt lat="34.417884" lon="-119.70953" /><trkpt lat="34.421894" lon="-119.715238" /><trkpt lat="34.425101" lon="-119.719665" /><trkpt lat="34.426027" lon="-119.722071" /><trkpt lat="34.427252" lon="-119.729376" /><trkpt lat="34.428347" lon="-119.736667" /><trkpt lat="34.430036" lon="-119.74211" /><trkpt lat="34.433894" lon="-119.748227" /><trkpt lat="34.439921" lon="-119.755047" /><trkpt lat="34.440806" lon="-119.756659" /><trkpt lat="34.441317" lon="-119.7592" /><trkpt lat="34.440979" lon="-119.76849" /><trkpt lat="34.441357" lon="-119.771752" /><trkpt lat="34.442269" lon="-119.778653" /><trkpt lat="34.442433" lon="-119.789304" /><trkpt lat="34.441637" lon="-119.803683" /><trkpt lat="34.441396" lon="-119.813828" /><trkpt lat="34.440022" lon="-119.827754" /><trkpt lat="34.439482" lon="-119.833678" /><trkpt lat="34.438487" lon="-119.843874" /><trkpt lat="34.43752" lon="-119.854518" /><trkpt lat="34.434746" lon="-119.869726" /><trkpt lat="34.432812" lon="-119.877763" /><trkpt lat="34.432464" lon="-119.900486" /><trkpt lat="34.432765" lon="-119.910352" /><trkpt lat="34.433437" lon="-119.912885" /><trkpt lat="34.43682" lon="-119.92213" /><trkpt lat="34.438623" lon="-119.928071" /><trkpt lat="34.440377" lon="-119.941167" /><trkpt lat="34.445682" lon="-119.956728" /><trkpt lat="34.454808" lon="-119.969082" /><trkpt lat="34.456776" lon="-119.975791" /><trkpt lat="34.45959" lon="-119.994881" /><trkpt lat="34.462132" lon="-120.012269" /><trkpt lat="34.46362" lon="-120.024104" /><trkpt lat="34.46446" lon="-120.037277" /><trkpt lat="34.463018" lon="-120.05092" /><trkpt lat="34.462956" lon="-120.060235" /><trkpt lat="34.465379" lon="-120.066297" /><trkpt lat="34.465604" lon="-120.070687" /><trkpt lat="34.462408" lon="-120.077598" /><trkpt lat="34.461734" lon="-120.09102" /><trkpt lat="34.46501" lon="-120.100993" /><trkpt lat="34.472054" lon="-120.117689" /><trkpt lat="34.473099" lon="-120.129096" /><trkpt lat="34.474754" lon="-120.141546" /><trkpt lat="34.47376" lon="-120.156456" /><trkpt lat="34.471677" lon="-120.175997" /><trkpt lat="34.472851" lon="-120.19512" /><trkpt lat="34.473557" lon="-120.205163" /><trkpt lat="34.473476" lon="-120.215233" /><trkpt lat="34.473423" lon="-120.220663" /><trkpt lat="34.473514" lon="-120.223794" /><trkpt lat="34.473986" lon="-120.225281" /><trkpt lat="34.474487" lon="-120.226143" /><trkpt lat="34.475466" lon="-120.227167" /><trkpt lat="34.476537" lon="-120.227782" /><trkpt lat="34.48039" lon="-120.229554" /><trkpt lat="34.483382" lon="-120.230288" /><trkpt lat="34.486749" lon="-120.227329" /><trkpt lat="34.489375" lon="-120.225879" /><trkpt lat="34.493177" lon="-120.226827" /><trkpt lat="34.495191" lon="-120.230158" /><trkpt lat="34.498306" lon="-120.230773" /><trkpt lat="34.502003" lon="-120.227615" /><trkpt lat="34.506799" lon="-120.226386" /><trkpt lat="34.510507" lon="-120.224801" /><trkpt lat="34.513612" lon="-120.220812" /><trkpt lat="34.517881" lon="-120.217188" /><trkpt lat="34.520829" lon="-120.212722" /><trkpt lat="34.52363" lon="-120.208759" /><trkpt lat="34.523519" lon="-120.204056" /><trkpt lat="34.526781" lon="-120.197837" /><trkpt lat="34.536602" lon="-120.196811" /><trkpt lat="34.543268" lon="-120.1954" /><trkpt lat="34.549354" lon="-120.19172" /><trkpt lat="34.557694" lon="-120.192091" /><trkpt lat="34.562473" lon="-120.189868" /><trkpt lat="34.569685" lon="-120.190837" /><trkpt lat="34.573282" lon="-120.19344" /><trkpt lat="34.579129" lon="-120.193436" /><trkpt lat="34.582831" lon="-120.19368" /><trkpt lat="34.586703" lon="-120.191229" /><trkpt lat="34.589751" lon="-120.191953" /><trkpt lat="34.593381" lon="-120.194286" /><trkpt lat="34.598812" lon="-120.192745" /><trkpt lat="34.609172" lon="-120.190529" /><trkpt lat="34.618452" lon="-120.189197" /><trkpt lat="34.630777" lon="-120.187703" /><trkpt lat="34.638276" lon="-120.185462" /><trkpt lat="34.649373" lon="-120.18356" /><trkpt lat="34.656355" lon="-120.181195" /><trkpt lat="34.66584" lon="-120.173775" /><trkpt lat="34.669354" lon="-120.167062" /><trkpt lat="34.671006" lon="-120.162363" /><trkpt lat="34.674929" lon="-120.158573" /><trkpt lat="34.680747" lon="-120.157008" /><trkpt lat="34.684909" lon="-120.156552" /><trkpt lat="34.688208" lon="-120.157742" /><trkpt lat="34.692648" lon="-120.15963" /><trkpt lat="34.698691" lon="-120.164498" /><trkpt lat="34.705582" lon="-120.169936" /><trkpt lat="34.709655" lon="-120.175975" /><trkpt lat="34.711315" lon="-120.182547" /><trkpt lat="34.71507" lon="-120.189651" /><trkpt lat="34.717998" lon="-120.19978" /><trkpt lat="34.720852" lon="-120.207617" /><trkpt lat="34.723941" lon="-120.214093" /><trkpt lat="34.730275" lon="-120.233171" /><trkpt lat="34.735444" lon="-120.245995" /><trkpt lat="34.738242" lon="-120.26382" /><trkpt lat="34.743474" lon="-120.271953" /><trkpt lat="34.748493" lon="-120.279127" /><trkpt lat="34.754355" lon="-120.289692" /><trkpt lat="34.759711" lon="-120.298315" /><trkpt lat="34.765926" lon="-120.303087" /><trkpt lat="34.774195" lon="-120.309861" /><trkpt lat="34.78192" lon="-120.316279" /><trkpt lat="34.78693" lon="-120.323694" /><trkpt lat="34.792982" lon="-120.334952" /><trkpt lat="34.799591" lon="-120.341075" /><trkpt lat="34.808334" lon="-120.344594" /><trkpt lat="34.815481" lon="-120.347674" /><trkpt lat="34.825973" lon="-120.359673" /><trkpt lat="34.839089" lon="-120.372879" /><trkpt lat="34.854393" lon="-120.386456" /><trkpt lat="34.868097" lon="-120.398317" /><trkpt lat="34.883084" lon="-120.411305" /><trkpt lat="34.89139" lon="-120.417597" /><trkpt lat="34.907611" lon="-120.41793" /><trkpt lat="34.931103" lon="-120.417676" /><trkpt lat="34.947517" lon="-120.417475" /><trkpt lat="34.957396" lon="-120.417455" /><trkpt lat="34.967312" lon="-120.422651" /><trkpt lat="34.98152" lon="-120.431426" /><trkpt lat="34.992979" lon="-120.434064" /><trkpt lat="35.000542" lon="-120.436853" /><trkpt lat="35.006866" lon="-120.445127" /><trkpt lat="35.023649" lon="-120.470206" /><trkpt lat="35.037278" lon="-120.484874" /><trkpt lat="35.055573" lon="-120.5013" /><trkpt lat="35.073476" lon="-120.517639" /><trkpt lat="35.080622" lon="-120.526768" /><trkpt lat="35.086193" lon="-120.532561" /><trkpt lat="35.092813" lon="-120.542258" /><trkpt lat="35.101153" lon="-120.547924" /><trkpt lat="35.105254" lon="-120.552126" /><trkpt lat="35.109217" lon="-120.55845" /><trkpt lat="35.111264" lon="-120.563282" /><trkpt lat="35.1127" lon="-120.56761" /><trkpt lat="35.117721" lon="-120.575723" /><trkpt lat="35.120647" lon="-120.581088" /><trkpt lat="35.121727" lon="-120.582784" /><trkpt lat="35.122335" lon="-120.583394" /><trkpt lat="35.124412" lon="-120.593398" /><trkpt lat="35.131391" lon="-120.611521" /><trkpt lat="35.136943" lon="-120.624234" /><trkpt lat="35.141549" lon="-120.638629" /><trkpt lat="35.150061" lon="-120.65123" /><trkpt lat="35.163245" lon="-120.685326" /><trkpt lat="35.166013" lon="-120.689073" /><trkpt lat="35.170008" lon="-120.692255" /><trkpt lat="35.176147" lon="-120.697438" /><trkpt lat="35.17992" lon="-120.699431" /><trkpt lat="35.192195" lon="-120.700617" /><trkpt lat="35.213787" lon="-120.696609" /><trkpt lat="35.229532" lon="-120.690986" /><trkpt lat="35.236567" lon="-120.68417" /><trkpt lat="35.242581" lon="-120.683228" /><trkpt lat="35.259926" lon="-120.673428" /><trkpt lat="35.26854" lon="-120.673094" /><trkpt lat="35.282232" lon="-120.668259" /><trkpt lat="35.285747" lon="-120.664661" /><trkpt lat="35.291747" lon="-120.655744" /><trkpt lat="35.292251" lon="-120.644493" /><trkpt lat="35.295305" lon="-120.633822" /><trkpt lat="35.30096" lon="-120.625761" /><trkpt lat="35.314009" lon="-120.623261" /><trkpt lat="35.320663" lon="-120.621309" /><trkpt lat="35.328344" lon="-120.62051" /><trkpt lat="35.33706" lon="-120.626492" /><trkpt lat="35.347185" lon="-120.629595" /><trkpt lat="35.3543" lon="-120.635587" /><trkpt lat="35.365562" lon="-120.639021" /><trkpt lat="35.374284" lon="-120.638162" /><trkpt lat="35.394652" lon="-120.623117" /><trkpt lat="35.41217" lon="-120.626309" /><trkpt lat="35.433754" lon="-120.636542" /><trkpt lat="35.452786" lon="-120.640908" /><trkpt lat="35.47736" lon="-120.658681" /><trkpt lat="35.485246" lon="-120.664796" /><trkpt lat="35.491285" lon="-120.67455" /><trkpt lat="35.504775" lon="-120.692775" /><trkpt lat="35.52081" lon="-120.703964" /><trkpt lat="35.526942" lon="-120.704553" /><trkpt lat="35.5356" lon="-120.711083" /><trkpt lat="35.549817" lon="-120.71556" /><trkpt lat="35.560247" lon="-120.706547" /><trkpt lat="35.575443" lon="-120.697415" /><trkpt lat="35.596394" lon="-120.695031" /><trkpt lat="35.611924" lon="-120.690627" /><trkpt lat="35.627834" lon="-120.686465" /><trkpt lat="35.6391" lon="-120.683998" /><trkpt lat="35.652702" lon="-120.691671" /><trkpt lat="35.659599" lon="-120.697849" /><trkpt lat="35.678451" lon="-120.696684" /><trkpt lat="35.71107" lon="-120.69415" /><trkpt lat="35.722317" lon="-120.697825" /><trkpt lat="35.737092" lon="-120.700719" /><trkpt lat="35.749533" lon="-120.700059" /><trkpt lat="35.767451" lon="-120.702805" /><trkpt lat="35.781505" lon="-120.723473" /><trkpt lat="35.800291" lon="-120.74412" /><trkpt lat="35.824133" lon="-120.759342" /><trkpt lat="35.84367" lon="-120.759767" /><trkpt lat="35.855793" lon="-120.79398" /><trkpt lat="35.85808" lon="-120.805982" /><trkpt lat="35.866469" lon="-120.821399" /><trkpt lat="35.880355" lon="-120.839733" /><trkpt lat="35.90465" lon="-120.843716" /><trkpt lat="35.927679" lon="-120.869455" /><trkpt lat="35.960589" lon="-120.884423" /><trkpt lat="35.979456" lon="-120.901636" /><trkpt lat="36.008797" lon="-120.91875" /><trkpt lat="36.043439" lon="-120.957473" /><trkpt lat="36.074784" lon="-120.994746" /><trkpt lat="36.099347" lon="-121.025258" /><trkpt lat="36.115876" lon="-121.019628" /><trkpt lat="36.156744" lon="-121.047183" /><trkpt lat="36.180703" lon="-121.064819" /><trkpt lat="36.197323" lon="-121.099331" /><trkpt lat="36.203754" lon="-121.131953" /><trkpt lat="36.203977" lon="-121.140272" /><trkpt lat="36.197904" lon="-121.147597" /><trkpt lat="36.205251" lon="-121.157706" /><trkpt lat="36.229406" lon="-121.173515" /><trkpt lat="36.256466" lon="-121.17802" /><trkpt lat="36.271746" lon="-121.18242" /><trkpt lat="36.291288" lon="-121.197921" /><trkpt lat="36.298745" lon="-121.21531" /><trkpt lat="36.311496" lon="-121.232415" /><trkpt lat="36.322159" lon="-121.236691" /><trkpt lat="36.337441" lon="-121.252861" /><trkpt lat="36.368279" lon="-121.282655" /><trkpt lat="36.40574" lon="-121.3178" /><trkpt lat="36.420016" lon="-121.324065" /><trkpt lat="36.432156" lon="-121.337342" /><trkpt lat="36.437303" lon="-121.345385" /><trkpt lat="36.454847" lon="-121.371577" /><trkpt lat="36.465108" lon="-121.387863" /><trkpt lat="36.487862" lon="-121.422295" /><trkpt lat="36.498146" lon="-121.429655" /><trkpt lat="36.515516" lon="-121.438709" /><trkpt lat="36.523683" lon="-121.46427" /><trkpt lat="36.543787" lon="-121.489949" /><trkpt lat="36.568417" lon="-121.516823" /><trkpt lat="36.593201" lon="-121.542927" /><trkpt lat="36.624231" lon="-121.582453" /><trkpt lat="36.648457" lon="-121.61542" /><trkpt lat="36.666495" lon="-121.627681" /><trkpt lat="36.673267" lon="-121.640394" /><trkpt lat="36.680742" lon="-121.642275" /><trkpt lat="36.694113" lon="-121.662351" /><trkpt lat="36.714597" lon="-121.661699" /><trkpt lat="36.741013" lon="-121.658742" /><trkpt lat="36.766898" lon="-121.668373" /><trkpt lat="36.772661" lon="-121.66913" /><trkpt lat="36.781687" lon="-121.669143" /><trkpt lat="36.791682" lon="-121.667052" /><trkpt lat="36.796507" lon="-121.665322" /><trkpt lat="36.798631" lon="-121.663829" /><trkpt lat="36.800203" lon="-121.664843" /><trkpt lat="36.804492" lon="-121.667794" /><trkpt lat="36.810475" lon="-121.673366" /><trkpt lat="36.817952" lon="-121.673092" /><trkpt lat="36.823062" lon="-121.674573" /><trkpt lat="36.83074" lon="-121.679105" /><trkpt lat="36.838957" lon="-121.684448" /><trkpt lat="36.847014" lon="-121.690032" /><trkpt lat="36.858739" lon="-121.695" /><trkpt lat="36.863212" lon="-121.710322" /><trkpt lat="36.864261" lon="-121.730865" /><trkpt lat="36.86568" lon="-121.735071" /><trkpt lat="36.868358" lon="-121.743468" /><trkpt lat="36.874574" lon="-121.745187" /><trkpt lat="36.878817" lon="-121.748109" /><trkpt lat="36.878285" lon="-121.75127" /><trkpt lat="36.874756" lon="-121.758922" /><trkpt lat="36.873782" lon="-121.770312" /><trkpt lat="36.884743" lon="-121.772438" /><trkpt lat="36.894615" lon="-121.774227" /><trkpt lat="36.90055" lon="-121.777899" /><trkpt lat="36.920081" lon="-121.790482" /><trkpt lat="36.922296" lon="-121.793109" /><trkpt lat="36.927367" lon="-121.801466" /><trkpt lat="36.931344" lon="-121.809664" /><trkpt lat="36.938997" lon="-121.833647" /><trkpt lat="36.94391" lon="-121.842922" /><trkpt lat="36.948038" lon="-121.84884" /><trkpt lat="36.954397" lon="-121.855905" /><trkpt lat="36.969056" lon="-121.871083" /><trkpt lat="36.970935" lon="-121.874192" /><trkpt lat="36.97483" lon="-121.885281" /><trkpt lat="36.975478" lon="-121.889103" /><trkpt lat="36.974917" lon="-121.899694" /><trkpt lat="36.975888" lon="-121.90609" /><trkpt lat="36.981487" lon="-121.917107" /><trkpt lat="36.984043" lon="-121.933452" /><trkpt lat="36.983984" lon="-121.949414" /><trkpt lat="36.983728" lon="-121.963835" /><trkpt lat="36.982605" lon="-121.964385" /><trkpt lat="36.980391" lon="-121.965018" /><trkpt lat="36.975743" lon="-121.965018" /><trkpt lat="36.979243" lon="-121.964858" /><trkpt lat="36.982072" lon="-121.964452" /><trkpt lat="36.98344" lon="-121.964432" /><trkpt lat="36.982917" lon="-121.963972" /><trkpt lat="36.983359" lon="-121.970832" /><trkpt lat="36.987333" lon="-121.987089" /><trkpt lat="36.988283" lon="-121.997724" /><trkpt lat="36.988722" lon="-122.014253" /><trkpt lat="36.989292" lon="-122.018143" /><trkpt lat="36.990435" lon="-122.02088" /><trkpt lat="36.993196" lon="-122.019172" /><trkpt lat="36.996106" lon="-122.01973" /><trkpt lat="36.999231" lon="-122.02144" /><trkpt lat="37.002593" lon="-122.020561" /><trkpt lat="37.007276" lon="-122.020994" /><trkpt lat="37.012658" lon="-122.023462" /><trkpt lat="37.017092" lon="-122.026881" /><trkpt lat="37.019735" lon="-122.027466" /><trkpt lat="37.024603" lon="-122.02681" /><trkpt lat="37.028706" lon="-122.023417" /><trkpt lat="37.034418" lon="-122.022045" /><trkpt lat="37.036725" lon="-122.019207" /><trkpt lat="37.045476" lon="-122.014384" /><trkpt lat="37.057596" lon="-122.006359" /><trkpt lat="37.064106" lon="-122.002418" /><trkpt lat="37.066288" lon="-121.998327" /><trkpt lat="37.069998" lon="-121.99294" /><trkpt lat="37.075231" lon="-121.987804" /><trkpt lat="37.076556" lon="-121.985152" /><trkpt lat="37.077736" lon="-121.981043" /><trkpt lat="37.081504" lon="-121.976775" /><trkpt lat="37.085318" lon="-121.978347" /><trkpt lat="37.088204" lon="-121.978167" /><trkpt lat="37.091341" lon="-121.978314" /><trkpt lat="37.095168" lon="-121.976685" /><trkpt lat="37.100385" lon="-121.976863" /><trkpt lat="37.103368" lon="-121.976666" /><trkpt lat="37.106157" lon="-121.975237" /><trkpt lat="37.111936" lon="-121.975973" /><trkpt lat="37.115904" lon="-121.975636" /><trkpt lat="37.119675" lon="-121.975906" /><trkpt lat="37.122" lon="-121.973545" /><trkpt lat="37.126274" lon="-121.97375" /><trkpt lat="37.130071" lon="-121.978062" /><trkpt lat="37.136363" lon="-121.984288" /><trkpt lat="37.140876" lon="-121.984972" /><trkpt lat="37.14488" lon="-121.984585" /><trkpt lat="37.146029" lon="-121.985572" /><trkpt lat="37.147576" lon="-121.987859" /><trkpt lat="37.151116" lon="-121.984876" /><trkpt lat="37.154435" lon="-121.985471" /><trkpt lat="37.156884" lon="-121.982207" /><trkpt lat="37.15906" lon="-121.982831" /><trkpt lat="37.162199" lon="-121.986482" /><trkpt lat="37.162218" lon="-121.990899" /><trkpt lat="37.164529" lon="-121.989347" /><trkpt lat="37.16566" lon="-121.988127" /><trkpt lat="37.169153" lon="-121.989222" /><trkpt lat="37.171643" lon="-121.990704" /><trkpt lat="37.175032" lon="-121.995332" /><trkpt lat="37.179763" lon="-121.994473" /><trkpt lat="37.186365" lon="-121.991122" /><trkpt lat="37.190144" lon="-121.992791" /><trkpt lat="37.19337" lon="-121.994022" /><trkpt lat="37.201221" lon="-121.9923" /><trkpt lat="37.206994" lon="-121.990038" /><trkpt lat="37.210054" lon="-121.989898" /><trkpt lat="37.211471" lon="-121.989345" /><trkpt lat="37.213202" lon="-121.987772" /><trkpt lat="37.216154" lon="-121.988405" /><trkpt lat="37.21764" lon="-121.987831" /><trkpt lat="37.220724" lon="-121.982887" /><trkpt lat="37.225252" lon="-121.976472" /><trkpt lat="37.227376" lon="-121.974321" /><trkpt lat="37.23802" lon="-121.968957" /><trkpt lat="37.250847" lon="-121.958249" /><trkpt lat="37.256632" lon="-121.954604" /><trkpt lat="37.255712" lon="-121.954176" /><trkpt lat="37.258439" lon="-121.963294" /><trkpt lat="37.267786" lon="-121.986468" /><trkpt lat="37.276155" lon="-122.006134" /><trkpt lat="37.288321" lon="-122.021076" /><trkpt lat="37.317295" lon="-122.047504" /><trkpt lat="37.328041" lon="-122.051346" /><trkpt lat="37.333094" lon="-122.054789" /><trkpt lat="37.332866" lon="-122.060085" /><trkpt lat="37.334478" lon="-122.067568" /><trkpt lat="37.334892" lon="-122.07982" /><trkpt lat="37.34485" lon="-122.095294" /><trkpt lat="37.352991" lon="-122.10721" /><trkpt lat="37.357015" lon="-122.116765" /><trkpt lat="37.363145" lon="-122.121664" /><trkpt lat="37.36638" lon="-122.135181" /><trkpt lat="37.377665" lon="-122.149239" /><trkpt lat="37.385118" lon="-122.152422" /><trkpt lat="37.389276" lon="-122.161942" /><trkpt lat="37.392202" lon="-122.169172" /><trkpt lat="37.406206" lon="-122.188475" /><trkpt lat="37.413475" lon="-122.207602" /><trkpt lat="37.418631" lon="-122.216138" /><trkpt lat="37.427974" lon="-122.233371" /><trkpt lat="37.443648" lon="-122.254483" /><trkpt lat="37.443898" lon="-122.265998" /><trkpt lat="37.455851" lon="-122.286896" /><trkpt lat="37.461199" lon="-122.290527" /><trkpt lat="37.468449" lon="-122.292138" /><trkpt lat="37.474489" lon="-122.297749" /><trkpt lat="37.479821" lon="-122.299109" /><trkpt lat="37.490593" lon="-122.299243" /><trkpt lat="37.494805" lon="-122.305324" /><trkpt lat="37.497421" lon="-122.313776" /><trkpt lat="37.500514" lon="-122.320535" /><trkpt lat="37.501912" lon="-122.329708" /><trkpt lat="37.508602" lon="-122.34096" /><trkpt lat="37.518815" lon="-122.35314" /><trkpt lat="37.526908" lon="-122.358896" /><trkpt lat="37.535484" lon="-122.362716" /><trkpt lat="37.541773" lon="-122.366516" /><trkpt lat="37.550377" lon="-122.375113" /><trkpt lat="37.552714" lon="-122.377271" /><trkpt lat="37.558158" lon="-122.380988" /><trkpt lat="37.565508" lon="-122.388483" /><trkpt lat="37.567479" lon="-122.39321" /><trkpt lat="37.57417" lon="-122.399914" /><trkpt lat="37.579346" lon="-122.402376" /><trkpt lat="37.583819" lon="-122.405844" /><trkpt lat="37.586784" lon="-122.409584" /><trkpt lat="37.596083" lon="-122.4191" /><trkpt lat="37.601024" lon="-122.424806" /><trkpt lat="37.603247" lon="-122.426448" /><trkpt lat="37.604397" lon="-122.427634" /><trkpt lat="37.606328" lon="-122.430512" /><trkpt lat="37.610233" lon="-122.434092" /><trkpt lat="37.619713" lon="-122.443313" /><trkpt lat="37.624367" lon="-122.447195" /><trkpt lat="37.630178" lon="-122.452237" /><trkpt lat="37.637149" lon="-122.462322" /><trkpt lat="37.638369" lon="-122.465413" /><trkpt lat="37.636987" lon="-122.466754" /><trkpt lat="37.635348" lon="-122.469109" /><trkpt lat="37.633894" lon="-122.472641" /><trkpt lat="37.633871" lon="-122.475562" /><trkpt lat="37.632647" lon="-122.47742" /><trkpt lat="37.631063" lon="-122.476957" /><trkpt lat="37.628865" lon="-122.478204" /><trkpt lat="37.627195" lon="-122.478596" /><trkpt lat="37.626549" lon="-122.480646" /><trkpt lat="37.624754" lon="-122.483523" /><trkpt lat="37.625671" lon="-122.485403" /><trkpt lat="37.626639" lon="-122.486706" /><trkpt lat="37.626634" lon="-122.488988" /><trkpt lat="37.622452" lon="-122.485231" /><trkpt lat="37.618116" lon="-122.485339" /><trkpt lat="37.61313" lon="-122.488242" /><trkpt lat="37.608779" lon="-122.495346" /><trkpt lat="37.606196" lon="-122.498273" /><trkpt lat="37.602492" lon="-122.49829" /><trkpt lat="37.599538" lon="-122.500134" /><trkpt lat="37.59817" lon="-122.499648" /><trkpt lat="37.59904" lon="-122.499325" /><trkpt lat="37.601216" lon="-122.498493" /><trkpt lat="37.604115" lon="-122.498438" /><trkpt lat="37.606391" lon="-122.498039" /><trkpt lat="37.608138" lon="-122.496138" /><trkpt lat="37.609516" lon="-122.493982" /><trkpt lat="37.611966" lon="-122.489861" /><trkpt lat="37.61421" lon="-122.486565" /><trkpt lat="37.618187" lon="-122.485226" /><trkpt lat="37.621232" lon="-122.484949" /><trkpt lat="37.623617" lon="-122.485498" /><trkpt lat="37.627054" lon="-122.488542" /><trkpt lat="37.631203" lon="-122.48938" /><trkpt lat="37.6435" lon="-122.491845" /><trkpt lat="37.646693" lon="-122.491396" /><trkpt lat="37.652021" lon="-122.490111" /><trkpt lat="37.654161" lon="-122.490473" /><trkpt lat="37.656959" lon="-122.490955" /><trkpt lat="37.657997" lon="-122.488735" /><trkpt lat="37.658079" lon="-122.485148" /><trkpt lat="37.660169" lon="-122.48375" /><trkpt lat="37.663827" lon="-122.485018" /><trkpt lat="37.667515" lon="-122.485256" /><trkpt lat="37.669355" lon="-122.484244" /><trkpt lat="37.670303" lon="-122.482042" /><trkpt lat="37.67056" lon="-122.478262" /><trkpt lat="37.671505" lon="-122.475954" /><trkpt lat="37.673429" lon="-122.474138" /><trkpt lat="37.678568" lon="-122.471226" /><trkpt lat="37.681487" lon="-122.4713" /><trkpt lat="37.687136" lon="-122.471028" /><trkpt lat="37.690135" lon="-122.470254" /><trkpt lat="37.695781" lon="-122.470579" /><trkpt lat="37.698464" lon="-122.4713" /><trkpt lat="37.707608" lon="-122.47112" /><trkpt lat="37.710935" lon="-122.471066" /><trkpt lat="37.71318" lon="-122.47127" /><trkpt lat="37.715122" lon="-122.471833" /><trkpt lat="37.717299" lon="-122.472572" /><trkpt lat="37.71983" lon="-122.474966" /><trkpt lat="37.722144" lon="-122.475055" /><trkpt lat="37.728738" lon="-122.474677" /><trkpt lat="37.731091" lon="-122.474822" /><trkpt lat="37.735908" lon="-122.475151" /><trkpt lat="37.741289" lon="-122.475516" /><trkpt lat="37.745016" lon="-122.475747" /><trkpt lat="37.750433" lon="-122.476121" /><trkpt lat="37.756006" lon="-122.476513" /><trkpt lat="37.759845" lon="-122.476777" /><trkpt lat="37.763089" lon="-122.47711" /><trkpt lat="37.766318" lon="-122.477365" /><trkpt lat="37.767827" lon="-122.478181" /><trkpt lat="37.769703" lon="-122.478583" /><trkpt lat="37.771683" lon="-122.479373" /><trkpt lat="37.772286" lon="-122.478109" /><trkpt lat="37.772484" lon="-122.474338" /><trkpt lat="37.772822" lon="-122.471732" /><trkpt lat="37.77865" lon="-122.472114" /><trkpt lat="37.784745" lon="-122.472552" /><trkpt lat="37.787352" lon="-122.472321" /><trkpt lat="37.790392" lon="-122.470304" /><trkpt lat="37.792454" lon="-122.469577" /><trkpt lat="37.803149" lon="-122.469418" /><trkpt lat="37.804086" lon="-122.470328" /><trkpt lat="37.804428" lon="-122.471728" /><trkpt lat="37.805075" lon="-122.472954" /><trkpt lat="37.80667" lon="-122.474762" /><trkpt lat="37.807805" lon="-122.476025" /><trkpt lat="37.809356" lon="-122.477269" /><trkpt lat="37.831792" lon="-122.480244" /><trkpt lat="37.833432" lon="-122.482556" /><trkpt lat="37.835166" lon="-122.484343" /><trkpt lat="37.838647" lon="-122.486558" /><trkpt lat="37.841257" lon="-122.485969" /><trkpt lat="37.846083" lon="-122.486296" /><trkpt lat="37.848455" lon="-122.488831" /><trkpt lat="37.850876" lon="-122.489939" /><trkpt lat="37.853049" lon="-122.492504" /><trkpt lat="37.855773" lon="-122.49407" /><trkpt lat="37.85699" lon="-122.497255" /><trkpt lat="37.859011" lon="-122.500169" /><trkpt lat="37.860691" lon="-122.502444" /><trkpt lat="37.862342" lon="-122.505355" /><trkpt lat="37.864389" lon="-122.506768" /><trkpt lat="37.870929" lon="-122.507093" /><trkpt lat="37.873191" lon="-122.507705" /><trkpt lat="37.874966" lon="-122.509287" /><trkpt lat="37.877658" lon="-122.513004" /><trkpt lat="37.878946" lon="-122.5152" /><trkpt lat="37.881256" lon="-122.516525" /><trkpt lat="37.889232" lon="-122.516647" /><trkpt lat="37.903994" lon="-122.515527" /><trkpt lat="37.906756" lon="-122.514836" /><trkpt lat="37.912739" lon="-122.512381" /><trkpt lat="37.917554" lon="-122.511065" /><trkpt lat="37.919905" lon="-122.511385" /><trkpt lat="37.925285" lon="-122.514175" /><trkpt lat="37.927145" lon="-122.514981" /><trkpt lat="37.931698" lon="-122.515926" /><trkpt lat="37.936922" lon="-122.516728" /><trkpt lat="37.939148" lon="-122.516233" /><trkpt lat="37.944981" lon="-122.514675" /><trkpt lat="37.949577" lon="-122.512002" /><trkpt lat="37.952523" lon="-122.508992" /><trkpt lat="37.954819" lon="-122.508452" /><trkpt lat="37.962727" lon="-122.510506" /><trkpt lat="37.967791" lon="-122.519154" /><trkpt lat="37.969027" lon="-122.520961" /><trkpt lat="37.971266" lon="-122.521737" /><trkpt lat="37.977387" lon="-122.520455" /><trkpt lat="37.981929" lon="-122.52198" /><trkpt lat="37.991284" lon="-122.529854" /><trkpt lat="37.995622" lon="-122.533172" /><trkpt lat="38.004922" lon="-122.53997" /><trkpt lat="38.007485" lon="-122.541553" /><trkpt lat="38.009673" lon="-122.541916" /><trkpt lat="38.014724" lon="-122.541597" /><trkpt lat="38.021165" lon="-122.539065" /><trkpt lat="38.023546" lon="-122.538497" /><trkpt lat="38.028341" lon="-122.537607" /><trkpt lat="38.035037" lon="-122.536709" /><trkpt lat="38.03755" lon="-122.536344" /><trkpt lat="38.040475" lon="-122.536799" /><trkpt lat="38.046139" lon="-122.533372" /><trkpt lat="38.048021" lon="-122.532249" /><trkpt lat="38.049597" lon="-122.531552" /><trkpt lat="38.051519" lon="-122.531008" /><trkpt lat="38.055468" lon="-122.530502" /><trkpt lat="38.057686" lon="-122.530779" /><trkpt lat="38.059796" lon="-122.531714" /><trkpt lat="38.063507" lon="-122.53485" /><trkpt lat="38.067815" lon="-122.538183" /><trkpt lat="38.070672" lon="-122.539213" /><trkpt lat="38.07635" lon="-122.542374" /><trkpt lat="38.08188" lon="-122.548052" /><trkpt lat="38.095493" lon="-122.561186" /><trkpt lat="38.103877" lon="-122.561702" /><trkpt lat="38.120707" lon="-122.565451" /><trkpt lat="38.129775" lon="-122.56404" /><trkpt lat="38.155451" lon="-122.568101" /><trkpt lat="38.163262" lon="-122.575391" /><trkpt lat="38.178309" lon="-122.596463" /><trkpt lat="38.185592" lon="-122.601547" /><trkpt lat="38.196145" lon="-122.599578" /><trkpt lat="38.200836" lon="-122.598616" /><trkpt lat="38.20558" lon="-122.598682" /><trkpt lat="38.216144" lon="-122.603152" /><trkpt lat="38.218451" lon="-122.604577" /><trkpt lat="38.221084" lon="-122.60725" /><trkpt lat="38.222426" lon="-122.608753" /><trkpt lat="38.224752" lon="-122.611865" /><trkpt lat="38.227541" lon="-122.614081" /><trkpt lat="38.228025" lon="-122.616748" /><trkpt lat="38.227623" lon="-122.61798" /><trkpt lat="38.227019" lon="-122.619646" /><trkpt lat="38.227061" lon="-122.62383" /><trkpt lat="38.228404" lon="-122.626308" /><trkpt lat="38.230289" lon="-122.631196" /><trkpt lat="38.23238" lon="-122.636594" /><trkpt lat="38.233224" lon="-122.636453" /><trkpt lat="38.235714" lon="-122.63514" /><trkpt lat="38.236839" lon="-122.634005" /><trkpt lat="38.235827" lon="-122.631672" /><trkpt lat="38.235597" lon="-122.629231" /><trkpt lat="38.23556" lon="-122.627243" /><trkpt lat="38.23549" lon="-122.625711" /><trkpt lat="38.235354" lon="-122.62272" /><trkpt lat="38.235233" lon="-122.621553" /><trkpt lat="38.235068" lon="-122.620736" /><trkpt lat="38.233586" lon="-122.618947" /><trkpt lat="38.232948" lon="-122.616172" /><trkpt lat="38.232986" lon="-122.613616" /><trkpt lat="38.233191" lon="-122.610264" /><trkpt lat="38.233664" lon="-122.604534" /><trkpt lat="38.234105" lon="-122.600199" /><trkpt lat="38.234645" lon="-122.593771" /><trkpt lat="38.234203" lon="-122.589481" /><trkpt lat="38.231097" lon="-122.58396" /><trkpt lat="38.22371" lon="-122.570682" /><trkpt lat="38.215091" lon="-122.554465" /><trkpt lat="38.212309" lon="-122.549723" /><trkpt lat="38.213274" lon="-122.547546" /><trkpt lat="38.216144" lon="-122.546771" /><trkpt lat="38.217187" lon="-122.544434" /><trkpt lat="38.219193" lon="-122.543081" /><trkpt lat="38.220788" lon="-122.541519" /><trkpt lat="38.225317" lon="-122.532735" /><trkpt lat="38.227883" lon="-122.530499" /><trkpt lat="38.23067" lon="-122.531774" /><trkpt lat="38.236122" lon="-122.526709" /><trkpt lat="38.23595" lon="-122.524877" /><trkpt lat="38.236961" lon="-122.520377" /><trkpt lat="38.236684" lon="-122.511205" /><trkpt lat="38.237187" lon="-122.507474" /><trkpt lat="38.240455" lon="-122.505449" /><trkpt lat="38.24294" lon="-122.505278" /><trkpt lat="38.246704" lon="-122.500763" /><trkpt lat="38.250726" lon="-122.494024" /><trkpt lat="38.25494" lon="-122.480957" /><trkpt lat="38.250242" lon="-122.475063" /><trkpt lat="38.245511" lon="-122.468845" /><trkpt lat="38.241735" lon="-122.464455" /><trkpt lat="38.236277" lon="-122.461577" /><trkpt lat="38.236343" lon="-122.460856" /><trkpt lat="38.239574" lon="-122.452589" /><trkpt lat="38.244558" lon="-122.446491" /><trkpt lat="38.245331" lon="-122.443465" /><trkpt lat="38.246157" lon="-122.435294" /><trkpt lat="38.246303" lon="-122.428567" /><trkpt lat="38.246669" lon="-122.41388" /><trkpt lat="38.248689" lon="-122.410518" /><trkpt lat="38.251539" lon="-122.407599" /><trkpt lat="38.252619" lon="-122.402116" /><trkpt lat="38.251724" lon="-122.398357" /><trkpt lat="38.253085" lon="-122.394864" /><trkpt lat="38.253259" lon="-122.391997" /><trkpt lat="38.250467" lon="-122.381935" /><trkpt lat="38.251537" lon="-122.377268" /><trkpt lat="38.254576" lon="-122.370924" /><trkpt lat="38.256203" lon="-122.365164" /><trkpt lat="38.256394" lon="-122.361442" /><trkpt lat="38.256415" lon="-122.350835" /><trkpt lat="38.255388" lon="-122.342521" /><trkpt lat="38.254537" lon="-122.337683" /><trkpt lat="38.255039" lon="-122.333328" /><trkpt lat="38.256121" lon="-122.327277" /><trkpt lat="38.258768" lon="-122.312553" /><trkpt lat="38.258858" lon="-122.309854" /><trkpt lat="38.257682" lon="-122.303528" /><trkpt lat="38.255544" lon="-122.303566" /><trkpt lat="38.252421" lon="-122.303333" /><trkpt lat="38.24959" lon="-122.301648" /><trkpt lat="38.247537" lon="-122.29866" /><trkpt lat="38.24508" lon="-122.290761" /><trkpt lat="38.243754" lon="-122.284784" /><trkpt lat="38.242978" lon="-122.277494" /><trkpt lat="38.242947" lon="-122.273512" /><trkpt lat="38.241954" lon="-122.269926" /><trkpt lat="38.237303" lon="-122.264268" /><trkpt lat="38.231982" lon="-122.259123" /><trkpt lat="38.223205" lon="-122.257997" /><trkpt lat="38.222119" lon="-122.250092" /><trkpt lat="38.221287" lon="-122.238293" /><trkpt lat="38.216394" lon="-122.223682" /><trkpt lat="38.212249" lon="-122.210929" /><trkpt lat="38.210021" lon="-122.205015" /><trkpt lat="38.208897" lon="-122.199946" /><trkpt lat="38.208487" lon="-122.190555" /><trkpt lat="38.208156" lon="-122.184576" /><trkpt lat="38.206485" lon="-122.178151" /><trkpt lat="38.206655" lon="-122.174324" /><trkpt lat="38.207242" lon="-122.171307" /><trkpt lat="38.207591" lon="-122.167836" /><trkpt lat="38.207578" lon="-122.158277" /><trkpt lat="38.208138" lon="-122.149307" /><trkpt lat="38.208931" lon="-122.147796" /><trkpt lat="38.212" lon="-122.14443" /><trkpt lat="38.217883" lon="-122.135959" /><trkpt lat="38.224607" lon="-122.125882" /><trkpt lat="38.227633" lon="-122.120262" /><trkpt lat="38.231067" lon="-122.112326" /><trkpt lat="38.236527" lon="-122.099858" /><trkpt lat="38.243136" lon="-122.084754" /><trkpt lat="38.246757" lon="-122.076236" /><trkpt lat="38.248601" lon="-122.071043" /><trkpt lat="38.255484" lon="-122.064684" /><trkpt lat="38.268192" lon="-122.053924" /><trkpt lat="38.281428" lon="-122.042737" /><trkpt lat="38.290908" lon="-122.034793" /><trkpt lat="38.296266" lon="-122.033871" /><trkpt lat="38.307761" lon="-122.033579" /><trkpt lat="38.314257" lon="-122.032335" /><trkpt lat="38.321304" lon="-122.02672" /><trkpt lat="38.325179" lon="-122.023823" /><trkpt lat="38.335235" lon="-122.017421" /><trkpt lat="38.33808" lon="-122.015457" /><trkpt lat="38.341202" lon="-122.011336" /><trkpt lat="38.343448" lon="-122.004461" /><trkpt lat="38.34644" lon="-121.996664" /><trkpt lat="38.350102" lon="-121.987257" /><trkpt lat="38.352644" lon="-121.980866" /><trkpt lat="38.356201" lon="-121.976415" /><trkpt lat="38.361312" lon="-121.969446" /><trkpt lat="38.364598" lon="-121.964125" /><trkpt lat="38.36973" lon="-121.957022" /><trkpt lat="38.372162" lon="-121.953646" /><trkpt lat="38.376073" lon="-121.953802" /><trkpt lat="38.38492" lon="-121.951777" /><trkpt lat="38.397623" lon="-121.948802" /><trkpt lat="38.412633" lon="-121.945286" /><trkpt lat="38.422247" lon="-121.943034" /><trkpt lat="38.431211" lon="-121.94236" /><trkpt lat="38.449043" lon="-121.942258" /><trkpt lat="38.454408" lon="-121.941762" /><trkpt lat="38.462477" lon="-121.941974" /><trkpt lat="38.478408" lon="-121.945545" /><trkpt lat="38.49568" lon="-121.949544" /><trkpt lat="38.508328" lon="-121.952459" /><trkpt lat="38.520666" lon="-121.952775" /><trkpt lat="38.530768" lon="-121.952831" /><trkpt lat="38.557431" lon="-121.952957" /><trkpt lat="38.586452" lon="-121.9531" /><trkpt lat="38.619812" lon="-121.953264" /><trkpt lat="38.633435" lon="-121.952095" /><trkpt lat="38.67452" lon="-121.951811" /><trkpt lat="38.679538" lon="-121.951906" /><trkpt lat="38.685151" lon="-121.952292" /><trkpt lat="38.718163" lon="-121.958551" /><trkpt lat="38.736185" lon="-121.955308" /><trkpt lat="38.773037" lon="-121.946807" /><trkpt lat="38.787947" lon="-121.943966" /><trkpt lat="38.811526" lon="-121.939475" /><trkpt lat="38.817721" lon="-121.938614" /><trkpt lat="38.848925" lon="-121.939909" /><trkpt lat="38.853911" lon="-121.94529" /><trkpt lat="38.869892" lon="-121.962398" /><trkpt lat="38.880671" lon="-121.972122" /><trkpt lat="38.881632" lon="-121.970108" /><trkpt lat="38.881886" lon="-121.972163" /><trkpt lat="38.884325" lon="-121.97479" /><trkpt lat="38.892628" lon="-121.978499" /><trkpt lat="38.912357" lon="-121.991312" /><trkpt lat="38.926117" lon="-122.000364" /><trkpt lat="38.929102" lon="-122.001763" /><trkpt lat="38.93224" lon="-122.00233" /><trkpt lat="38.935324" lon="-122.003248" /><trkpt lat="38.946794" lon="-122.010621" /><trkpt lat="38.949737" lon="-122.013196" /><trkpt lat="38.952162" lon="-122.016171" /><trkpt lat="38.956896" lon="-122.019723" /><trkpt lat="38.967763" lon="-122.026784" /><trkpt lat="38.973429" lon="-122.028437" /><trkpt lat="38.987784" lon="-122.03759" /><trkpt lat="39.009341" lon="-122.051834" /><trkpt lat="39.012287" lon="-122.053949" /><trkpt lat="39.013997" lon="-122.056403" /><trkpt lat="39.016795" lon="-122.058515" /><trkpt lat="39.021914" lon="-122.061721" /><trkpt lat="39.025968" lon="-122.063083" /><trkpt lat="39.049558" lon="-122.078251" /><trkpt lat="39.05322" lon="-122.082239" /><trkpt lat="39.057078" lon="-122.086018" /><trkpt lat="39.066845" lon="-122.090872" /><trkpt lat="39.086543" lon="-122.102618" /><trkpt lat="39.095817" lon="-122.109233" /><trkpt lat="39.099336" lon="-122.113404" /><trkpt lat="39.103293" lon="-122.115926" /><trkpt lat="39.107349" lon="-122.116998" /><trkpt lat="39.124089" lon="-122.127523" /><trkpt lat="39.129438" lon="-122.133133" /><trkpt lat="39.133479" lon="-122.135477" /><trkpt lat="39.138081" lon="-122.136123" /><trkpt lat="39.143121" lon="-122.13625" /><trkpt lat="39.156719" lon="-122.143821" /><trkpt lat="39.171204" lon="-122.152479" /><trkpt lat="39.175136" lon="-122.155598" /><trkpt lat="39.194582" lon="-122.171966" /><trkpt lat="39.210811" lon="-122.1803" /><trkpt lat="39.233092" lon="-122.181578" /><trkpt lat="39.251846" lon="-122.181905" /><trkpt lat="39.262835" lon="-122.182107" /><trkpt lat="39.279581" lon="-122.18269" /><trkpt lat="39.304987" lon="-122.186769" /><trkpt lat="39.30939" lon="-122.189233" /><trkpt lat="39.315978" lon="-122.193706" /><trkpt lat="39.319815" lon="-122.194468" /><trkpt lat="39.348774" lon="-122.194769" /><trkpt lat="39.351312" lon="-122.194581" /><trkpt lat="39.353473" lon="-122.193986" /><trkpt lat="39.357429" lon="-122.192776" /><trkpt lat="39.364963" lon="-122.192718" /><trkpt lat="39.394785" lon="-122.193006" /><trkpt lat="39.406217" lon="-122.195539" /><trkpt lat="39.409191" lon="-122.195394" /><trkpt lat="39.419532" lon="-122.1932" /><trkpt lat="39.443738" lon="-122.193309" /><trkpt lat="39.458479" lon="-122.193797" /><trkpt lat="39.46384" lon="-122.195519" /><trkpt lat="39.493375" lon="-122.196205" /><trkpt lat="39.496062" lon="-122.197369" /><trkpt lat="39.516226" lon="-122.212378" /><trkpt lat="39.519938" lon="-122.214155" /><trkpt lat="39.521979" lon="-122.214524" /><trkpt lat="39.531317" lon="-122.21461" /><trkpt lat="39.555094" lon="-122.214551" /><trkpt lat="39.58152" lon="-122.210352" /><trkpt lat="39.595503" lon="-122.208942" /><trkpt lat="39.62675" lon="-122.204626" /><trkpt lat="39.667805" lon="-122.20438" /><trkpt lat="39.688106" lon="-122.204671" /><trkpt lat="39.739714" lon="-122.205545" /><trkpt lat="39.749606" lon="-122.205354" /><trkpt lat="39.761339" lon="-122.205155" /><trkpt lat="39.782872" lon="-122.204239" /><trkpt lat="39.785735" lon="-122.204109" /><trkpt lat="39.799577" lon="-122.200275" /><trkpt lat="39.809083" lon="-122.199743" /><trkpt lat="39.831304" lon="-122.199816" /><trkpt lat="39.856635" lon="-122.199892" /><trkpt lat="39.883114" lon="-122.199972" /><trkpt lat="39.886698" lon="-122.199989" /><trkpt lat="39.910268" lon="-122.200012" /><trkpt lat="39.925318" lon="-122.200089" /><trkpt lat="39.944498" lon="-122.200113" /><trkpt lat="39.962326" lon="-122.200103" /><trkpt lat="39.968968" lon="-122.200616" /><trkpt lat="39.998028" lon="-122.205361" /><trkpt lat="40.013473" lon="-122.207871" /><trkpt lat="40.036552" lon="-122.211636" /><trkpt lat="40.066162" lon="-122.215772" /><trkpt lat="40.082266" lon="-122.216567" /><trkpt lat="40.095197" lon="-122.217233" /><trkpt lat="40.131316" lon="-122.219408" /><trkpt lat="40.150049" lon="-122.222888" /><trkpt lat="40.154742" lon="-122.223528" /><trkpt lat="40.160605" lon="-122.22281" /><trkpt lat="40.17381" lon="-122.2212" /><trkpt lat="40.177857" lon="-122.22259" /><trkpt lat="40.182376" lon="-122.226387" /><trkpt lat="40.193103" lon="-122.235425" /><trkpt lat="40.203903" lon="-122.24404" /><trkpt lat="40.207335" lon="-122.245885" /><trkpt lat="40.215777" lon="-122.249601" /><trkpt lat="40.223195" lon="-122.253452" /><trkpt lat="40.229071" lon="-122.254415" /><trkpt lat="40.232958" lon="-122.255075" /><trkpt lat="40.244732" lon="-122.258999" /><trkpt lat="40.259486" lon="-122.264449" /><trkpt lat="40.274552" lon="-122.270258" /><trkpt lat="40.279457" lon="-122.272495" /><trkpt lat="40.283514" lon="-122.274767" /><trkpt lat="40.286661" lon="-122.277392" /><trkpt lat="40.289465" lon="-122.27855" /><trkpt lat="40.293158" lon="-122.278815" /><trkpt lat="40.302692" lon="-122.279424" /><trkpt lat="40.328518" lon="-122.281058" /><trkpt lat="40.346086" lon="-122.281842" /><trkpt lat="40.359657" lon="-122.283257" /><trkpt lat="40.367729" lon="-122.28393" /><trkpt lat="40.385613" lon="-122.284931" /><trkpt lat="40.391519" lon="-122.285061" /><trkpt lat="40.403666" lon="-122.281276" /><trkpt lat="40.413242" lon="-122.280914" /><trkpt lat="40.43114" lon="-122.284563" /><trkpt lat="40.439606" lon="-122.287446" /><trkpt lat="40.448413" lon="-122.289401" /><trkpt lat="40.45209" lon="-122.291566" /><trkpt lat="40.457584" lon="-122.29686" /><trkpt lat="40.46802" lon="-122.30705" /><trkpt lat="40.486085" lon="-122.324713" /><trkpt lat="40.491658" lon="-122.328617" /><trkpt lat="40.503941" lon="-122.336767" /><trkpt lat="40.509421" lon="-122.340364" /><trkpt lat="40.517193" lon="-122.3441" /><trkpt lat="40.535151" lon="-122.34983" /><trkpt lat="40.542897" lon="-122.352278" /><trkpt lat="40.564688" lon="-122.359176" /><trkpt lat="40.568606" lon="-122.360217" /><trkpt lat="40.57182" lon="-122.360303" /><trkpt lat="40.579131" lon="-122.360142" /><trkpt lat="40.582044" lon="-122.359546" /><trkpt lat="40.582883" lon="-122.358954" /><trkpt lat="40.583164" lon="-122.357984" /><trkpt lat="40.584865" lon="-122.357904" /><trkpt lat="40.586171" lon="-122.357804" /><trkpt lat="40.586333" lon="-122.357513" /><trkpt lat="40.586032" lon="-122.35594" /><trkpt lat="40.585777" lon="-122.354721" /><trkpt lat="40.585846" lon="-122.353666" /><trkpt lat="40.586299" lon="-122.352376" /><trkpt lat="40.586239" lon="-122.351626" /><trkpt lat="40.586748" lon="-122.350904" /><trkpt lat="40.587717" lon="-122.350693" /><trkpt lat="40.58865" lon="-122.350072" /><trkpt lat="40.58879" lon="-122.349083" /><trkpt lat="40.588603" lon="-122.348136" /><trkpt lat="40.588085" lon="-122.347274" /><trkpt lat="40.587043" lon="-122.347288" /><trkpt lat="40.584716" lon="-122.347499" /><trkpt lat="40.584464" lon="-122.348838" /><trkpt lat="40.5854" lon="-122.358547" /><trkpt lat="40.585901" lon="-122.360017" /><trkpt lat="40.590348" lon="-122.360422" /><trkpt lat="40.604736" lon="-122.360715" /><trkpt lat="40.620069" lon="-122.36551" /><trkpt lat="40.627966" lon="-122.367993" /><trkpt lat="40.632414" lon="-122.368226" /><trkpt lat="40.638648" lon="-122.365907" /><trkpt lat="40.650402" lon="-122.361339" /><trkpt lat="40.667212" lon="-122.353692" /><trkpt lat="40.677123" lon="-122.349171" /><trkpt lat="40.686261" lon="-122.346368" /><trkpt lat="40.699918" lon="-122.340685" /><trkpt lat="40.710334" lon="-122.334224" /><trkpt lat="40.722517" lon="-122.325646" /><trkpt lat="40.733245" lon="-122.318463" /><trkpt lat="40.743061" lon="-122.313802" /><trkpt lat="40.749627" lon="-122.317709" /><trkpt lat="40.753785" lon="-122.321728" /><trkpt lat="40.757008" lon="-122.319778" /><trkpt lat="40.758638" lon="-122.319057" /><trkpt lat="40.76751" lon="-122.318059" /><trkpt lat="40.769719" lon="-122.314007" /><trkpt lat="40.772629" lon="-122.312289" /><trkpt lat="40.778063" lon="-122.314766" /><trkpt lat="40.780502" lon="-122.314026" /><trkpt lat="40.783344" lon="-122.308948" /><trkpt lat="40.786189" lon="-122.308619" /><trkpt lat="40.789092" lon="-122.312137" /><trkpt lat="40.79198" lon="-122.315231" /><trkpt lat="40.7943" lon="-122.320112" /><trkpt lat="40.797317" lon="-122.321665" /><trkpt lat="40.805624" lon="-122.322468" /><trkpt lat="40.812111" lon="-122.320733" /><trkpt lat="40.823544" lon="-122.324453" /><trkpt lat="40.827769" lon="-122.324721" /><trkpt lat="40.834667" lon="-122.327" /><trkpt lat="40.842671" lon="-122.328203" /><trkpt lat="40.845771" lon="-122.333194" /><trkpt lat="40.848918" lon="-122.340615" /><trkpt lat="40.852761" lon="-122.341819" /><trkpt lat="40.859836" lon="-122.348705" /><trkpt lat="40.862839" lon="-122.354261" /><trkpt lat="40.866155" lon="-122.364144" /><trkpt lat="40.870343" lon="-122.367" /><trkpt lat="40.873641" lon="-122.371647" /><trkpt lat="40.877129" lon="-122.374388" /><trkpt lat="40.879167" lon="-122.378176" /><trkpt lat="40.881755" lon="-122.381531" /><trkpt lat="40.885951" lon="-122.383527" /><trkpt lat="40.897062" lon="-122.38288" /><trkpt lat="40.906918" lon="-122.383946" /><trkpt lat="40.911307" lon="-122.385967" /><trkpt lat="40.915585" lon="-122.392345" /><trkpt lat="40.921089" lon="-122.400585" /><trkpt lat="40.921984" lon="-122.406541" /><trkpt lat="40.923742" lon="-122.410289" /><trkpt lat="40.931316" lon="-122.412908" /><trkpt lat="40.935069" lon="-122.413582" /><trkpt lat="40.936704" lon="-122.416708" /><trkpt lat="40.937081" lon="-122.420889" /><trkpt lat="40.940258" lon="-122.425215" /><trkpt lat="40.941124" lon="-122.430702" /><trkpt lat="40.942404" lon="-122.435802" /><trkpt lat="40.945272" lon="-122.43727" /><trkpt lat="40.950362" lon="-122.435581" /><trkpt lat="40.957472" lon="-122.435314" /><trkpt lat="40.960234" lon="-122.439195" /><trkpt lat="40.963052" lon="-122.440919" /><trkpt lat="40.965505" lon="-122.438842" /><trkpt lat="40.969124" lon="-122.434411" /><trkpt lat="40.971928" lon="-122.432078" /><trkpt lat="40.974279" lon="-122.432226" /><trkpt lat="40.979116" lon="-122.431806" /><trkpt lat="40.985876" lon="-122.428968" /><trkpt lat="40.98965" lon="-122.426503" /><trkpt lat="40.993822" lon="-122.42135" /><trkpt lat="41.002762" lon="-122.410106" /><trkpt lat="41.008326" lon="-122.409528" /><trkpt lat="41.012871" lon="-122.408571" /><trkpt lat="41.023594" lon="-122.397009" /><trkpt lat="41.028576" lon="-122.396803" /><trkpt lat="41.034234" lon="-122.396961" /><trkpt lat="41.040783" lon="-122.39528" /><trkpt lat="41.044668" lon="-122.392587" /><trkpt lat="41.048157" lon="-122.384531" /><trkpt lat="41.05067" lon="-122.380325" /><trkpt lat="41.05535" lon="-122.377327" /><trkpt lat="41.058578" lon="-122.372108" /><trkpt lat="41.064283" lon="-122.367328" /><trkpt lat="41.067804" lon="-122.36086" /><trkpt lat="41.073541" lon="-122.356859" /><trkpt lat="41.080322" lon="-122.355971" /><trkpt lat="41.08247" lon="-122.354381" /><trkpt lat="41.084293" lon="-122.351867" /><trkpt lat="41.089947" lon="-122.352655" /><trkpt lat="41.092336" lon="-122.348701" /><trkpt lat="41.097278" lon="-122.345022" /><trkpt lat="41.102735" lon="-122.339014" /><trkpt lat="41.109867" lon="-122.327576" /><trkpt lat="41.112007" lon="-122.326287" /><trkpt lat="41.118149" lon="-122.327998" /><trkpt lat="41.123811" lon="-122.325273" /><trkpt lat="41.129562" lon="-122.32242" /><trkpt lat="41.136019" lon="-122.321479" /><trkpt lat="41.141053" lon="-122.318301" /><trkpt lat="41.14698" lon="-122.317001" /><trkpt lat="41.149281" lon="-122.314744" /><trkpt lat="41.1515" lon="-122.305968" /><trkpt lat="41.153009" lon="-122.296581" /><trkpt lat="41.155243" lon="-122.294236" /><trkpt lat="41.158887" lon="-122.295356" /><trkpt lat="41.165708" lon="-122.297594" /><trkpt lat="41.172204" lon="-122.297518" /><trkpt lat="41.182054" lon="-122.290653" /><trkpt lat="41.188234" lon="-122.286168" /><trkpt lat="41.195587" lon="-122.283428" /><trkpt lat="41.199821" lon="-122.278728" /><trkpt lat="41.202616" lon="-122.277523" /><trkpt lat="41.207981" lon="-122.27617" /><trkpt lat="41.213142" lon="-122.27396" /><trkpt lat="41.219728" lon="-122.274914" /><trkpt lat="41.228469" lon="-122.275336" /><trkpt lat="41.231334" lon="-122.274209" /><trkpt lat="41.236303" lon="-122.267992" /><trkpt lat="41.241099" lon="-122.261199" /><trkpt lat="41.246905" lon="-122.257757" /><trkpt lat="41.249822" lon="-122.258449" /><trkpt lat="41.253037" lon="-122.262675" /><trkpt lat="41.257524" lon="-122.270495" /><trkpt lat="41.261545" lon="-122.273946" /><trkpt lat="41.270117" lon="-122.278848" /><trkpt lat="41.28107" lon="-122.294897" /><trkpt lat="41.28633" lon="-122.304195" /><trkpt lat="41.289657" lon="-122.308654" /><trkpt lat="41.299832" lon="-122.314379" /><trkpt lat="41.317956" lon="-122.324309" /><trkpt lat="41.331909" lon="-122.332052" /><trkpt lat="41.337572" lon="-122.337653" /><trkpt lat="41.346675" lon="-122.345443" /><trkpt lat="41.355087" lon="-122.355804" /><trkpt lat="41.364582" lon="-122.3663" /><trkpt lat="41.372473" lon="-122.373838" /><trkpt lat="41.377486" lon="-122.375184" /><trkpt lat="41.386" lon="-122.374788" /><trkpt lat="41.393088" lon="-122.375919" /><trkpt lat="41.395081" lon="-122.37787" /><trkpt lat="41.39891" lon="-122.381981" /><trkpt lat="41.403297" lon="-122.382505" /><trkpt lat="41.407611" lon="-122.380054" /><trkpt lat="41.411497" lon="-122.37985" /><trkpt lat="41.415776" lon="-122.382305" /><trkpt lat="41.418458" lon="-122.382341" /><trkpt lat="41.419853" lon="-122.383093" /><trkpt lat="41.421777" lon="-122.385309" /><trkpt lat="41.423775" lon="-122.384522" /><trkpt lat="41.422062" lon="-122.385569" /><trkpt lat="41.421091" lon="-122.384448" /><trkpt lat="41.419362" lon="-122.382867" /><trkpt lat="41.42047" lon="-122.385161" /><trkpt lat="41.421849" lon="-122.389093" /><trkpt lat="41.422547" lon="-122.39449" /><trkpt lat="41.424238" lon="-122.397579" /><trkpt lat="41.426245" lon="-122.399079" /><trkpt lat="41.428558" lon="-122.400728" /><trkpt lat="41.430697" lon="-122.408218" /><trkpt lat="41.429832" lon="-122.415135" /><trkpt lat="41.429059" lon="-122.423314" /><trkpt lat="41.431153" lon="-122.428244" /><trkpt lat="41.435389" lon="-122.429974" /><trkpt lat="41.439381" lon="-122.432694" /><trkpt lat="41.444553" lon="-122.435987" /><trkpt lat="41.448382" lon="-122.438364" /><trkpt lat="41.459108" lon="-122.44536" /><trkpt lat="41.471914" lon="-122.451825" /><trkpt lat="41.481123" lon="-122.457805" /><trkpt lat="41.490277" lon="-122.461975" /><trkpt lat="41.498261" lon="-122.464627" /><trkpt lat="41.504286" lon="-122.470519" /><trkpt lat="41.508523" lon="-122.472306" /><trkpt lat="41.521238" lon="-122.474089" /><trkpt lat="41.526591" lon="-122.476162" /><trkpt lat="41.535695" lon="-122.477723" /><trkpt lat="41.543531" lon="-122.482048" /><trkpt lat="41.548719" lon="-122.483126" /><trkpt lat="41.554172" lon="-122.486462" /><trkpt lat="41.568946" lon="-122.495052" /><trkpt lat="41.585267" lon="-122.502101" /><trkpt lat="41.591224" lon="-122.502408" /><trkpt lat="41.622602" lon="-122.517512" /><trkpt lat="41.644478" lon="-122.533681" /><trkpt lat="41.647385" lon="-122.536942" /><trkpt lat="41.653981" lon="-122.553433" /><trkpt lat="41.660959" lon="-122.579251" /><trkpt lat="41.661487" lon="-122.594931" /><trkpt lat="41.66399" lon="-122.603399" /><trkpt lat="41.670279" lon="-122.61417" /><trkpt lat="41.683753" lon="-122.633586" /><trkpt lat="41.687289" lon="-122.636434" /><trkpt lat="41.703067" lon="-122.642613" /><trkpt lat="41.70628" lon="-122.64275" /><trkpt lat="41.713057" lon="-122.640726" /><trkpt lat="41.731238" lon="-122.632672" /><trkpt lat="41.737685" lon="-122.629485" /><trkpt lat="41.741427" lon="-122.625082" /><trkpt lat="41.744813" lon="-122.622382" /><trkpt lat="41.750068" lon="-122.613043" /><trkpt lat="41.757102" lon="-122.598573" /><trkpt lat="41.761483" lon="-122.590396" /><trkpt lat="41.769231" lon="-122.584266" /><trkpt lat="41.773971" lon="-122.5823" /><trkpt lat="41.779779" lon="-122.583014" /><trkpt lat="41.787926" lon="-122.586404" /><trkpt lat="41.790232" lon="-122.588398" /><trkpt lat="41.793151" lon="-122.588392" /><trkpt lat="41.795587" lon="-122.58592" /><trkpt lat="41.798214" lon="-122.582551" /><trkpt lat="41.801546" lon="-122.582106" /><trkpt lat="41.804136" lon="-122.580899" /><trkpt lat="41.805992" lon="-122.577343" /><trkpt lat="41.808478" lon="-122.572795" /><trkpt lat="41.810727" lon="-122.572002" /><trkpt lat="41.813628" lon="-122.573154" /><trkpt lat="41.821993" lon="-122.579123" /><trkpt lat="41.831159" lon="-122.58007" /><trkpt lat="41.834246" lon="-122.577795" /><trkpt lat="41.837073" lon="-122.57612" /><trkpt lat="41.840441" lon="-122.576293" /><trkpt lat="41.842439" lon="-122.575137" /><trkpt lat="41.84431" lon="-122.571747" /><trkpt lat="41.846791" lon="-122.568669" /><trkpt lat="41.849601" lon="-122.568319" /><trkpt lat="41.853956" lon="-122.571177" /><trkpt lat="41.856699" lon="-122.571431" /><trkpt lat="41.859111" lon="-122.569719" /><trkpt lat="41.862066" lon="-122.56618" /><trkpt lat="41.867774" lon="-122.563375" /><trkpt lat="41.871283" lon="-122.559723" /><trkpt lat="41.874465" lon="-122.558242" /><trkpt lat="41.884167" lon="-122.555887" /><trkpt lat="41.891049" lon="-122.560617" /><trkpt lat="41.896891" lon="-122.56423" /><trkpt lat="41.91014" lon="-122.56933" /><trkpt lat="41.918122" lon="-122.573081" /><trkpt lat="41.928529" lon="-122.579979" /><trkpt lat="41.938886" lon="-122.583368" /><trkpt lat="41.956588" lon="-122.593362" /><trkpt lat="41.961531" lon="-122.595733" /><trkpt lat="41.969518" lon="-122.602307" /><trkpt lat="41.979769" lon="-122.605565" /><trkpt lat="41.989595" lon="-122.607826" /><trkpt lat="41.997401" lon="-122.609855" /><trkpt lat="42.002215" lon="-122.61213" /><trkpt lat="42.005584" lon="-122.615404" /><trkpt lat="42.014783" lon="-122.614003" /><trkpt lat="42.021573" lon="-122.607222" /><trkpt lat="42.033361" lon="-122.602523" /><trkpt lat="42.038092" lon="-122.598207" /><trkpt lat="42.040253" lon="-122.598087" /><trkpt lat="42.045011" lon="-122.604009" /><trkpt lat="42.049394" lon="-122.606329" /><trkpt lat="42.052369" lon="-122.609284" /><trkpt lat="42.055893" lon="-122.60994" /><trkpt lat="42.061041" lon="-122.606807" /><trkpt lat="42.064909" lon="-122.601321" /><trkpt lat="42.067438" lon="-122.601277" /><trkpt lat="42.074507" lon="-122.605499" /><trkpt lat="42.078456" lon="-122.600381" /><trkpt lat="42.083948" lon="-122.599896" /><trkpt lat="42.090098" lon="-122.602766" /><trkpt lat="42.093442" lon="-122.603383" /><trkpt lat="42.095141" lon="-122.605698" /><trkpt lat="42.098114" lon="-122.607093" /><trkpt lat="42.101745" lon="-122.60794" /><trkpt lat="42.105341" lon="-122.611284" /><trkpt lat="42.108685" lon="-122.613448" /><trkpt lat="42.111048" lon="-122.61772" /><trkpt lat="42.113667" lon="-122.619539" /><trkpt lat="42.117153" lon="-122.622816" /><trkpt lat="42.121302" lon="-122.624604" /><trkpt lat="42.12414" lon="-122.627655" /><trkpt lat="42.132102" lon="-122.632906" /><trkpt lat="42.136471" lon="-122.635695" /><trkpt lat="42.139267" lon="-122.636374" /><trkpt lat="42.142122" lon="-122.637348" /><trkpt lat="42.14685" lon="-122.639224" /><trkpt lat="42.155656" lon="-122.646106" /><trkpt lat="42.160696" lon="-122.649416" /><trkpt lat="42.164922" lon="-122.652221" /><trkpt lat="42.168021" lon="-122.654308" /><trkpt lat="42.171036" lon="-122.656344" /><trkpt lat="42.173294" lon="-122.657863" /><trkpt lat="42.180543" lon="-122.66276" /><trkpt lat="42.186602" lon="-122.66683" /><trkpt lat="42.193001" lon="-122.671147" /><trkpt lat="42.19527" lon="-122.673065" /><trkpt lat="42.211044" lon="-122.699621" /><trkpt lat="42.224203" lon="-122.730249" /><trkpt lat="42.241406" lon="-122.767092" /><trkpt lat="42.258566" lon="-122.789262" /><trkpt lat="42.277377" lon="-122.810831" /><trkpt lat="42.283341" lon="-122.81714" /><trkpt lat="42.310297" lon="-122.847443" /><trkpt lat="42.314321" lon="-122.853011" /><trkpt lat="42.323368" lon="-122.865592" /><trkpt lat="42.326688" lon="-122.868667" /><trkpt lat="42.332862" lon="-122.870767" /><trkpt lat="42.346475" lon="-122.875121" /><trkpt lat="42.347783" lon="-122.87528" /><trkpt lat="42.349861" lon="-122.874715" /><trkpt lat="42.350568" lon="-122.875058" /><trkpt lat="42.351823" lon="-122.873888" /><trkpt lat="42.35546" lon="-122.867849" /><trkpt lat="42.358789" lon="-122.862298" /><trkpt lat="42.360413" lon="-122.858593" /><trkpt lat="42.358902" lon="-122.862892" /><trkpt lat="42.355771" lon="-122.867729" /><trkpt lat="42.351024" lon="-122.87537" /><trkpt lat="42.352112" lon="-122.876903" /><trkpt lat="42.356562" lon="-122.878832" /><trkpt lat="42.364826" lon="-122.887202" /><trkpt lat="42.390143" lon="-122.919509" /><trkpt lat="42.408324" lon="-122.948524" /><trkpt lat="42.412394" lon="-122.963374" /><trkpt lat="42.416089" lon="-123.003705" /><trkpt lat="42.431274" lon="-123.067657" /><trkpt lat="42.431941" lon="-123.089173" /><trkpt lat="42.428251" lon="-123.098092" /><trkpt lat="42.418409" lon="-123.123004" /><trkpt lat="42.409102" lon="-123.134835" /><trkpt lat="42.409326" lon="-123.142068" /><trkpt lat="42.430991" lon="-123.168543" /><trkpt lat="42.434227" lon="-123.176597" /><trkpt lat="42.430537" lon="-123.189176" /><trkpt lat="42.421955" lon="-123.20708" /><trkpt lat="42.423694" lon="-123.228318" /><trkpt lat="42.427468" lon="-123.244744" /><trkpt lat="42.437032" lon="-123.266234" /><trkpt lat="42.438106" lon="-123.290885" /><trkpt lat="42.439627" lon="-123.297056" /><trkpt lat="42.460877" lon="-123.315005" /><trkpt lat="42.477961" lon="-123.352152" /><trkpt lat="42.487054" lon="-123.36111" /><trkpt lat="42.514118" lon="-123.363048" /><trkpt lat="42.529903" lon="-123.36912" /><trkpt lat="42.566678" lon="-123.372092" /><trkpt lat="42.580492" lon="-123.378015" /><trkpt lat="42.591323" lon="-123.388838" /><trkpt lat="42.599967" lon="-123.383276" /><trkpt lat="42.610787" lon="-123.381432" /><trkpt lat="42.616126" lon="-123.378513" /><trkpt lat="42.623703" lon="-123.384182" /><trkpt lat="42.627475" lon="-123.381663" /><trkpt lat="42.63551" lon="-123.384362" /><trkpt lat="42.64312" lon="-123.387204" /><trkpt lat="42.65547" lon="-123.375904" /><trkpt lat="42.662792" lon="-123.376162" /><trkpt lat="42.668428" lon="-123.381089" /><trkpt lat="42.678102" lon="-123.384402" /><trkpt lat="42.690557" lon="-123.393594" /><trkpt lat="42.701369" lon="-123.378599" /><trkpt lat="42.710983" lon="-123.365185" /><trkpt lat="42.717906" lon="-123.371939" /><trkpt lat="42.727019" lon="-123.370585" /><trkpt lat="42.73469" lon="-123.370802" /><trkpt lat="42.741224" lon="-123.372379" /><trkpt lat="42.754349" lon="-123.356379" /><trkpt lat="42.767154" lon="-123.317362" /><trkpt lat="42.78139" lon="-123.270727" /><trkpt lat="42.801455" lon="-123.252713" /><trkpt lat="42.814664" lon="-123.260259" /><trkpt lat="42.834488" lon="-123.255341" /><trkpt lat="42.844013" lon="-123.252102" /><trkpt lat="42.849378" lon="-123.255187" /><trkpt lat="42.85482" lon="-123.248625" /><trkpt lat="42.869408" lon="-123.246077" /><trkpt lat="42.890713" lon="-123.238501" /><trkpt lat="42.897991" lon="-123.248534" /><trkpt lat="42.902246" lon="-123.251192" /><trkpt lat="42.908564" lon="-123.262109" /><trkpt lat="42.924541" lon="-123.279056" /><trkpt lat="42.940776" lon="-123.287707" /><trkpt lat="42.947953" lon="-123.322662" /><trkpt lat="42.951063" lon="-123.330602" /><trkpt lat="42.961074" lon="-123.32535" /><trkpt lat="42.968581" lon="-123.336791" /><trkpt lat="42.984973" lon="-123.331046" /><trkpt lat="43.010868" lon="-123.301447" /><trkpt lat="43.020953" lon="-123.300889" /><trkpt lat="43.02624" lon="-123.299822" /><trkpt lat="43.03044" lon="-123.305575" /><trkpt lat="43.035309" lon="-123.330183" /><trkpt lat="43.041958" lon="-123.333118" /><trkpt lat="43.054963" lon="-123.333294" /><trkpt lat="43.062523" lon="-123.346708" /><trkpt lat="43.085088" lon="-123.36604" /><trkpt lat="43.104851" lon="-123.364379" /><trkpt lat="43.110079" lon="-123.354608" /><trkpt lat="43.11746" lon="-123.358934" /><trkpt lat="43.148597" lon="-123.364808" /><trkpt lat="43.166797" lon="-123.365804" /><trkpt lat="43.181276" lon="-123.373853" /><trkpt lat="43.187409" lon="-123.371118" /><trkpt lat="43.19503" lon="-123.36128" /><trkpt lat="43.20736" lon="-123.35846" /><trkpt lat="43.2134" lon="-123.355004" /><trkpt lat="43.225335" lon="-123.360378" /><trkpt lat="43.23657" lon="-123.360567" /><trkpt lat="43.25723" lon="-123.35941" /><trkpt lat="43.279404" lon="-123.355522" /><trkpt lat="43.29105" lon="-123.353915" /><trkpt lat="43.305156" lon="-123.348739" /><trkpt lat="43.338165" lon="-123.333739" /><trkpt lat="43.35462" lon="-123.327375" /><trkpt lat="43.371475" lon="-123.332674" /><trkpt lat="43.389193" lon="-123.337332" /><trkpt lat="43.414745" lon="-123.326304" /><trkpt lat="43.431167" lon="-123.317451" /><trkpt lat="43.438397" lon="-123.314558" /><trkpt lat="43.454037" lon="-123.324888" /><trkpt lat="43.466818" lon="-123.317048" /><trkpt lat="43.474362" lon="-123.317413" /><trkpt lat="43.487307" lon="-123.327886" /><trkpt lat="43.494029" lon="-123.328766" /><trkpt lat="43.513099" lon="-123.315137" /><trkpt lat="43.525928" lon="-123.310009" /><trkpt lat="43.529184" lon="-123.301253" /><trkpt lat="43.538267" lon="-123.291428" /><trkpt lat="43.56112" lon="-123.281389" /><trkpt lat="43.580123" lon="-123.26155" /><trkpt lat="43.595048" lon="-123.242943" /><trkpt lat="43.610337" lon="-123.219231" /><trkpt lat="43.622522" lon="-123.215935" /><trkpt lat="43.63264" lon="-123.218761" /><trkpt lat="43.648596" lon="-123.211486" /><trkpt lat="43.66361" lon="-123.202565" /><trkpt lat="43.671173" lon="-123.201895" /><trkpt lat="43.681699" lon="-123.197656" /><trkpt lat="43.688798" lon="-123.199667" /><trkpt lat="43.703921" lon="-123.205442" /><trkpt lat="43.708189" lon="-123.216863" /><trkpt lat="43.712278" lon="-123.21794" /><trkpt lat="43.725386" lon="-123.204843" /><trkpt lat="43.737468" lon="-123.188535" /><trkpt lat="43.745573" lon="-123.180725" /><trkpt lat="43.751432" lon="-123.16474" /><trkpt lat="43.751692" lon="-123.148985" /><trkpt lat="43.753391" lon="-123.140702" /><trkpt lat="43.750584" lon="-123.126343" /><trkpt lat="43.750203" lon="-123.11358" /><trkpt lat="43.76733" lon="-123.067768" /><trkpt lat="43.771524" lon="-123.061515" /><trkpt lat="43.786936" lon="-123.05351" /><trkpt lat="43.792766" lon="-123.050623" /><trkpt lat="43.804406" lon="-123.042843" /><trkpt lat="43.827558" lon="-123.031844" /><trkpt lat="43.8507" lon="-123.020935" /><trkpt lat="43.879373" lon="-123.013303" /><trkpt lat="43.909719" lon="-123.013268" /><trkpt lat="43.935814" lon="-123.00968" /><trkpt lat="43.966724" lon="-123.011849" /><trkpt lat="43.991824" lon="-123.005858" /><trkpt lat="43.998014" lon="-123.007566" /><trkpt lat="44.002235" lon="-123.017371" /><trkpt lat="44.022448" lon="-123.027211" /><trkpt lat="44.031712" lon="-123.030094" /><trkpt lat="44.034818" lon="-123.034602" /><trkpt lat="44.035977" lon="-123.045158" /><trkpt lat="44.04228" lon="-123.049701" /><trkpt lat="44.05482" lon="-123.050024" /><trkpt lat="44.075629" lon="-123.047558" /><trkpt lat="44.082708" lon="-123.045307" /><trkpt lat="44.084062" lon="-123.042387" /><trkpt lat="44.082625" lon="-123.039827" /><trkpt lat="44.082626" lon="-123.039986" /><trkpt lat="44.082627" lon="-123.040275" /><trkpt lat="44.082628" lon="-123.040471" /><trkpt lat="44.082629" lon="-123.04068" /><trkpt lat="44.08263" lon="-123.040919" /><trkpt lat="44.082629" lon="-123.041448" /><trkpt lat="44.082629" lon="-123.041532" /><trkpt lat="44.082823" lon="-123.04153" /><trkpt lat="44.083492" lon="-123.041557" /><trkpt lat="44.083971" lon="-123.041557" /><trkpt lat="44.08406" lon="-123.041557" /><trkpt lat="44.084226" lon="-123.041547" /><trkpt lat="44.084247" lon="-123.041546" /><trkpt lat="44.084248" lon="-123.041702" /><trkpt lat="44.084256" lon="-123.042037" /><trkpt lat="44.084259" lon="-123.042451" /><trkpt lat="44.084259" lon="-123.042511" /><trkpt lat="44.084262" lon="-123.042919" /><trkpt lat="44.08426" lon="-123.043468" /><trkpt lat="44.08426" lon="-123.043506" /><trkpt lat="44.084257" lon="-123.044198" /><trkpt lat="44.084344" lon="-123.044731" /><trkpt lat="44.084376" lon="-123.044842" /><trkpt lat="44.084425" lon="-123.044915" /><trkpt lat="44.084483" lon="-123.044969" /><trkpt lat="44.084557" lon="-123.045032" /><trkpt lat="44.08541" lon="-123.04557" /><trkpt lat="44.085699" lon="-123.045728" /><trkpt lat="44.085982" lon="-123.045836" /><trkpt lat="44.086306" lon="-123.045919" /><trkpt lat="44.086588" lon="-123.045951" /><trkpt lat="44.087174" lon="-123.045937" /><trkpt lat="44.088394" lon="-123.046011" /><trkpt lat="44.088471" lon="-123.046001" /><trkpt lat="44.089102" lon="-123.045925" /><trkpt lat="44.089184" lon="-123.045915" /><trkpt lat="44.092201" lon="-123.045555" /><trkpt lat="44.094424" lon="-123.045284" /><trkpt lat="44.094517" lon="-123.045273" /><trkpt lat="44.094976" lon="-123.045218" /><trkpt lat="44.098275" lon="-123.044819" /><trkpt lat="44.101756" lon="-123.044397" /><trkpt lat="44.102313" lon="-123.04433" /><trkpt lat="44.102548" lon="-123.0443" /><trkpt lat="44.104165" lon="-123.044092" /><trkpt lat="44.105045" lon="-123.044018" /><trkpt lat="44.106068" lon="-123.044013" /><trkpt lat="44.107128" lon="-123.044098" /><trkpt lat="44.107836" lon="-123.044201" /><trkpt lat="44.108416" lon="-123.044356" /><trkpt lat="44.109556" lon="-123.044656" /><trkpt lat="44.11048" lon="-123.044862" /><trkpt lat="44.112884" lon="-123.045506" /><trkpt lat="44.116399" lon="-123.046416" /><trkpt lat="44.116576" lon="-123.046462" /><trkpt lat="44.116797" lon="-123.046519" /><trkpt lat="44.126272" lon="-123.048917" /><trkpt lat="44.12645" lon="-123.048962" /><trkpt lat="44.12724" lon="-123.049162" /><trkpt lat="44.130635" lon="-123.050042" /><trkpt lat="44.132307" lon="-123.050455" /><trkpt lat="44.135198" lon="-123.051223" /><trkpt lat="44.137011" lon="-123.051684" /><trkpt lat="44.137189" lon="-123.051729" /><trkpt lat="44.139235" lon="-123.05225" /><trkpt lat="44.139238" lon="-123.052251" /><trkpt lat="44.139277" lon="-123.052261" /><trkpt lat="44.140331" lon="-123.052518" /><trkpt lat="44.141285" lon="-123.052753" /><trkpt lat="44.149723" lon="-123.054939" /><trkpt lat="44.156029" lon="-123.056527" /><trkpt lat="44.156557" lon="-123.056675" /><trkpt lat="44.16178" lon="-123.058003" /><trkpt lat="44.163708" lon="-123.058509" /><trkpt lat="44.165481" lon="-123.058981" /><trkpt lat="44.167432" lon="-123.059449" /><trkpt lat="44.16761" lon="-123.059492" /><trkpt lat="44.169316" lon="-123.0599" /><trkpt lat="44.170517" lon="-123.060123" /><trkpt lat="44.172998" lon="-123.060346" /><trkpt lat="44.174248" lon="-123.06038" /><trkpt lat="44.181185" lon="-123.06038" /><trkpt lat="44.198386" lon="-123.060423" /><trkpt lat="44.198579" lon="-123.060424" /><trkpt lat="44.198759" lon="-123.060425" /><trkpt lat="44.221252" lon="-123.06053" /><trkpt lat="44.22596" lon="-123.060552" /><trkpt lat="44.226273" lon="-123.060561" /><trkpt lat="44.231975" lon="-123.060561" /><trkpt lat="44.23724" lon="-123.06061" /><trkpt lat="44.239268" lon="-123.060629" /><trkpt lat="44.240824" lon="-123.060629" /><trkpt lat="44.241808" lon="-123.060629" /><trkpt lat="44.250932" lon="-123.060653" /><trkpt lat="44.251112" lon="-123.060653" /><trkpt lat="44.2517" lon="-123.060655" /><trkpt lat="44.276318" lon="-123.060698" /><trkpt lat="44.280034" lon="-123.060712" /><trkpt lat="44.280214" lon="-123.060713" /><trkpt lat="44.281591" lon="-123.060722" /><trkpt lat="44.284218" lon="-123.060739" /><trkpt lat="44.285897" lon="-123.060767" /><trkpt lat="44.29902" lon="-123.060827" /><trkpt lat="44.299518" lon="-123.060818" /><trkpt lat="44.306932" lon="-123.060827" /><trkpt lat="44.307276" lon="-123.060844" /><trkpt lat="44.314523" lon="-123.060861" /><trkpt lat="44.323327" lon="-123.060886" /><trkpt lat="44.323507" lon="-123.060887" /><trkpt lat="44.359608" lon="-123.060988" /><trkpt lat="44.359741" lon="-123.060988" /><trkpt lat="44.359788" lon="-123.060988" /><trkpt lat="44.372579" lon="-123.061024" /><trkpt lat="44.385581" lon="-123.06106" /><trkpt lat="44.386841" lon="-123.060826" /><trkpt lat="44.38867" lon="-123.060046" /><trkpt lat="44.388766" lon="-123.060036" /><trkpt lat="44.388864" lon="-123.060028" /><trkpt lat="44.38886" lon="-123.060812" /><trkpt lat="44.388861" lon="-123.061749" /><trkpt lat="44.388861" lon="-123.061756" /><trkpt lat="44.388862" lon="-123.062603" /><trkpt lat="44.38887" lon="-123.06577" /><trkpt lat="44.388873" lon="-123.066548" /><trkpt lat="44.388882" lon="-123.069959" /><trkpt lat="44.388893" lon="-123.077937" /><trkpt lat="44.388923" lon="-123.080048" /><trkpt lat="44.388928" lon="-123.080749" /><trkpt lat="44.38894" lon="-123.082465" /><trkpt lat="44.38894" lon="-123.082895" /><trkpt lat="44.388942" lon="-123.086754" /><trkpt lat="44.388948" lon="-123.090233" /><trkpt lat="44.389002" lon="-123.103039" /><trkpt lat="44.389002" lon="-123.104748" /><trkpt lat="44.389" lon="-123.10569" /><trkpt lat="44.389003" lon="-123.106854" /><trkpt lat="44.389023" lon="-123.108001" /><trkpt lat="44.389021" lon="-123.108175" /><trkpt lat="44.389019" lon="-123.108832" /><trkpt lat="44.389026" lon="-123.109841" /><trkpt lat="44.388971" lon="-123.10984" /><trkpt lat="44.388346" lon="-123.109835" /><trkpt lat="44.388116" lon="-123.109834" /><trkpt lat="44.387803" lon="-123.109833" /><trkpt lat="44.387703" lon="-123.109833" /><trkpt lat="44.38763" lon="-123.109833" /><trkpt lat="44.386889" lon="-123.109841" /><trkpt lat="44.386172" lon="-123.109844" /><trkpt lat="44.385464" lon="-123.10984" /><trkpt lat="44.385465" lon="-123.11024" /><trkpt lat="44.385465" lon="-123.11086" /><trkpt lat="44.384745" lon="-123.110868" /><trkpt lat="44.384018" lon="-123.110864" /><trkpt lat="44.383872" lon="-123.110864" /><trkpt lat="44.38332" lon="-123.110864" /><trkpt lat="44.382593" lon="-123.110864" /><trkpt lat="44.381886" lon="-123.110864" /><trkpt lat="44.379765" lon="-123.110865" /><trkpt lat="44.379765" lon="-123.110292" /><trkpt lat="44.386889" lon="-123.109841" /><trkpt lat="44.389002" lon="-123.104748" /><trkpt lat="44.388862" lon="-123.062603" /><trkpt lat="44.397804" lon="-123.061126" /><trkpt lat="44.427108" lon="-123.061179" /><trkpt lat="44.504994" lon="-123.061483" /><trkpt lat="44.58436" lon="-123.061741" /><trkpt lat="44.629175" lon="-123.061891" /><trkpt lat="44.643575" lon="-123.062395" /><trkpt lat="44.651844" lon="-123.061284" /><trkpt lat="44.670269" lon="-123.057891" /><trkpt lat="44.691755" lon="-123.052289" /><trkpt lat="44.706601" lon="-123.052774" /><trkpt lat="44.722553" lon="-123.053965" /><trkpt lat="44.733751" lon="-123.052872" /><trkpt lat="44.746401" lon="-123.05155" /><trkpt lat="44.755617" lon="-123.050209" /><trkpt lat="44.764278" lon="-123.046687" /><trkpt lat="44.780986" lon="-123.039703" /><trkpt lat="44.79331" lon="-123.034529" /><trkpt lat="44.806815" lon="-123.028856" /><trkpt lat="44.816849" lon="-123.024309" /><trkpt lat="44.821779" lon="-123.02028" /><trkpt lat="44.829045" lon="-123.012077" /><trkpt lat="44.835696" lon="-123.008578" /><trkpt lat="44.843109" lon="-123.00856" /><trkpt lat="44.851872" lon="-123.009417" /><trkpt lat="44.858903" lon="-123.010187" /><trkpt lat="44.866078" lon="-123.005823" /><trkpt lat="44.870822" lon="-123.001677" /><trkpt lat="44.875564" lon="-122.999764" /><trkpt lat="44.884983" lon="-122.998187" /><trkpt lat="44.888563" lon="-122.996626" /><trkpt lat="44.891062" lon="-122.993852" /><trkpt lat="44.894793" lon="-122.987501" /><trkpt lat="44.898211" lon="-122.984811" /><trkpt lat="44.902024" lon="-122.984404" /><trkpt lat="44.914141" lon="-122.988002" /><trkpt lat="44.919695" lon="-122.989628" /><trkpt lat="44.936377" lon="-122.990153" /><trkpt lat="44.947455" lon="-122.990147" /><trkpt lat="44.967971" lon="-122.990033" /><trkpt lat="44.976973" lon="-122.990828" /><trkpt lat="44.984672" lon="-122.994189" /><trkpt lat="44.989881" lon="-122.997814" /><trkpt lat="44.99441" lon="-123.000384" /><trkpt lat="44.998335" lon="-123.000058" /><trkpt lat="45.005056" lon="-122.996506" /><trkpt lat="45.017369" lon="-122.989889" /><trkpt lat="45.051759" lon="-122.971359" /><trkpt lat="45.072906" lon="-122.959716" /><trkpt lat="45.088512" lon="-122.944038" /><trkpt lat="45.101939" lon="-122.930414" /><trkpt lat="45.134083" lon="-122.897727" /><trkpt lat="45.151069" lon="-122.880427" /><trkpt lat="45.166979" lon="-122.864215" /><trkpt lat="45.186649" lon="-122.844148" /><trkpt lat="45.196802" lon="-122.834701" /><trkpt lat="45.217904" lon="-122.819878" /><trkpt lat="45.228373" lon="-122.812025" /><trkpt lat="45.24189" lon="-122.80084" /><trkpt lat="45.25382" lon="-122.790966" /><trkpt lat="45.267336" lon="-122.779772" /><trkpt lat="45.277645" lon="-122.771295" /><trkpt lat="45.28113" lon="-122.769325" /><trkpt lat="45.286581" lon="-122.769293" /><trkpt lat="45.295591" lon="-122.769167" /><trkpt lat="45.30322" lon="-122.769069" /><trkpt lat="45.32778" lon="-122.769116" /><trkpt lat="45.339121" lon="-122.768935" /><trkpt lat="45.347854" lon="-122.76626" /><trkpt lat="45.368401" lon="-122.757997" /><trkpt lat="45.378428" lon="-122.753962" /><trkpt lat="45.383579" lon="-122.751897" /><trkpt lat="45.393138" lon="-122.748332" /><trkpt lat="45.402915" lon="-122.744593" /><trkpt lat="45.408245" lon="-122.743854" /><trkpt lat="45.415975" lon="-122.743909" /><trkpt lat="45.426134" lon="-122.744014" /><trkpt lat="45.436336" lon="-122.744108" /><trkpt lat="45.440538" lon="-122.742466" /><trkpt lat="45.443693" lon="-122.739683" /><trkpt lat="45.444848" lon="-122.737446" /><trkpt lat="45.446579" lon="-122.731803" /><trkpt lat="45.452174" lon="-122.727198" /><trkpt lat="45.453548" lon="-122.722516" /><trkpt lat="45.453604" lon="-122.717346" /><trkpt lat="45.457008" lon="-122.710496" /><trkpt lat="45.46259" lon="-122.700704" /><trkpt lat="45.466155" lon="-122.694102" /><trkpt lat="45.469662" lon="-122.689723" /><trkpt lat="45.470286" lon="-122.686051" /><trkpt lat="45.469631" lon="-122.681435" /><trkpt lat="45.470346" lon="-122.678069" /><trkpt lat="45.475299" lon="-122.678416" /><trkpt lat="45.481887" lon="-122.678742" /><trkpt lat="45.487317" lon="-122.678461" /><trkpt lat="45.490726" lon="-122.67466" /><trkpt lat="45.493596" lon="-122.673473" /><trkpt lat="45.501218" lon="-122.672976" /><trkpt lat="45.504318" lon="-122.673782" /><trkpt lat="45.506113" lon="-122.672383" /><trkpt lat="45.509601" lon="-122.666831" /><trkpt lat="45.512238" lon="-122.667468" /><trkpt lat="45.516088" lon="-122.667265" /><trkpt lat="45.523432" lon="-122.665363" /><trkpt lat="45.531972" lon="-122.665242" /><trkpt lat="45.534588" lon="-122.6664" /><trkpt lat="45.537307" lon="-122.668651" /><trkpt lat="45.541083" lon="-122.671857" /><trkpt lat="45.547052" lon="-122.678365" /><trkpt lat="45.555192" lon="-122.678523" /><trkpt lat="45.562758" lon="-122.678516" /><trkpt lat="45.570097" lon="-122.678567" /><trkpt lat="45.577846" lon="-122.678521" /><trkpt lat="45.584423" lon="-122.679176" /><trkpt lat="45.595292" lon="-122.684068" /><trkpt lat="45.598412" lon="-122.684282" /><trkpt lat="45.603329" lon="-122.682875" /><trkpt lat="45.608301" lon="-122.680866" /><trkpt lat="45.619307" lon="-122.674334" /><trkpt lat="45.622049" lon="-122.672623" /><trkpt lat="45.623552" lon="-122.670853" /><trkpt lat="45.625366" lon="-122.668772" /><trkpt lat="45.628594" lon="-122.666643" /><trkpt lat="45.635814" lon="-122.662291" /><trkpt lat="45.642222" lon="-122.661702" /><trkpt lat="45.64983" lon="-122.661651" /><trkpt lat="45.661554" lon="-122.666202" /><trkpt lat="45.666435" lon="-122.666996" /><trkpt lat="45.671405" lon="-122.664617" /><trkpt lat="45.685906" lon="-122.664321" /><trkpt lat="45.700527" lon="-122.657231" /><trkpt lat="45.712858" lon="-122.652863" /><trkpt lat="45.716002" lon="-122.653945" /><trkpt lat="45.718934" lon="-122.65501" /><trkpt lat="45.723237" lon="-122.654725" /><trkpt lat="45.730019" lon="-122.65621" /><trkpt lat="45.751171" lon="-122.662718" /><trkpt lat="45.779261" lon="-122.671416" /><trkpt lat="45.796429" lon="-122.676782" /><trkpt lat="45.814847" lon="-122.684831" /><trkpt lat="45.815878" lon="-122.689195" /><trkpt lat="45.81604" lon="-122.690635" /><trkpt lat="45.815792" lon="-122.693191" /><trkpt lat="45.815925" lon="-122.696933" /><trkpt lat="45.815721" lon="-122.701634" /><trkpt lat="45.815893" lon="-122.702795" /><trkpt lat="45.815748" lon="-122.703714" /><trkpt lat="45.815663" lon="-122.711584" /><trkpt lat="45.815862" lon="-122.713123" /><trkpt lat="45.815879" lon="-122.716643" /><trkpt lat="45.815436" lon="-122.723286" /><trkpt lat="45.815719" lon="-122.726441" /><trkpt lat="45.815469" lon="-122.731057" /><trkpt lat="45.815691" lon="-122.7342" /><trkpt lat="45.815918" lon="-122.736633" /><trkpt lat="45.81542" lon="-122.738023" /><trkpt lat="45.816767" lon="-122.742898" /><trkpt lat="45.815374" lon="-122.743431" /><trkpt lat="45.815403" lon="-122.739579" /><trkpt lat="45.815446" lon="-122.737735" /><trkpt lat="45.815797" lon="-122.736865" /><trkpt lat="45.816134" lon="-122.735645" /><trkpt lat="45.815702" lon="-122.734216" /><trkpt lat="45.815263" lon="-122.733021" /><trkpt lat="45.815487" lon="-122.730882" /><trkpt lat="45.815554" lon="-122.728582" /><trkpt lat="45.815761" lon="-122.725911" /><trkpt lat="45.815455" lon="-122.724033" /><trkpt lat="45.815875" lon="-122.722001" /><trkpt lat="45.816048" lon="-122.718713" /><trkpt lat="45.815637" lon="-122.713886" /><trkpt lat="45.815555" lon="-122.713206" /><trkpt lat="45.815599" lon="-122.712743" /><trkpt lat="45.815621" lon="-122.710372" /><trkpt lat="45.81564" lon="-122.70713" /><trkpt lat="45.815637" lon="-122.703293" /><trkpt lat="45.815474" lon="-122.702853" /><trkpt lat="45.815586" lon="-122.702504" /><trkpt lat="45.815669" lon="-122.700375" /><trkpt lat="45.815519" lon="-122.696958" /><trkpt lat="45.815689" lon="-122.696392" /><trkpt lat="45.815733" lon="-122.691636" /><trkpt lat="45.815608" lon="-122.69071" /><trkpt lat="45.815742" lon="-122.690298" /><trkpt lat="45.815795" lon="-122.688758" /><trkpt lat="45.816091" lon="-122.684942" /><trkpt lat="45.816845" lon="-122.685671" /><trkpt lat="45.824385" lon="-122.689654" /><trkpt lat="45.848007" lon="-122.700701" /><trkpt lat="45.854265" lon="-122.703606" /><trkpt lat="45.866619" lon="-122.706591" /><trkpt lat="45.873706" lon="-122.712044" /><trkpt lat="45.88658" lon="-122.730926" /><trkpt lat="45.901376" lon="-122.739874" /><trkpt lat="45.920501" lon="-122.751338" /><trkpt lat="45.928027" lon="-122.756307" /><trkpt lat="45.931306" lon="-122.758389" /><trkpt lat="45.955481" lon="-122.795" /><trkpt lat="45.976233" lon="-122.820704" /><trkpt lat="45.984797" lon="-122.82879" /><trkpt lat="46.001556" lon="-122.843319" /><trkpt lat="46.014381" lon="-122.848412" /><trkpt lat="46.018816" lon="-122.84964" /><trkpt lat="46.034809" lon="-122.856693" /><trkpt lat="46.041415" lon="-122.858908" /><trkpt lat="46.053655" lon="-122.863002" /><trkpt lat="46.063235" lon="-122.867106" /><trkpt lat="46.074672" lon="-122.866993" /><trkpt lat="46.080692" lon="-122.866504" /><trkpt lat="46.097039" lon="-122.873407" /><trkpt lat="46.106192" lon="-122.87867" /><trkpt lat="46.113239" lon="-122.883216" /><trkpt lat="46.123783" lon="-122.89032" /><trkpt lat="46.124877" lon="-122.892033" /><trkpt lat="46.12816" lon="-122.897731" /><trkpt lat="46.132485" lon="-122.898558" /><trkpt lat="46.140784" lon="-122.897509" /><trkpt lat="46.144517" lon="-122.897422" /><trkpt lat="46.151756" lon="-122.90072" /><trkpt lat="46.154985" lon="-122.901616" /><trkpt lat="46.164333" lon="-122.903221" /><trkpt lat="46.175785" lon="-122.902487" /><trkpt lat="46.184154" lon="-122.897383" /><trkpt lat="46.199768" lon="-122.892229" /><trkpt lat="46.228935" lon="-122.887912" /><trkpt lat="46.248615" lon="-122.88411" /><trkpt lat="46.25579" lon="-122.884213" /><trkpt lat="46.265208" lon="-122.890676" /><trkpt lat="46.280129" lon="-122.899902" /><trkpt lat="46.292131" lon="-122.906696" /><trkpt lat="46.310473" lon="-122.913652" /><trkpt lat="46.320657" lon="-122.914327" /><trkpt lat="46.324685" lon="-122.912089" /><trkpt lat="46.332186" lon="-122.9083" /><trkpt lat="46.357527" lon="-122.906231" /><trkpt lat="46.385441" lon="-122.903127" /><trkpt lat="46.396212" lon="-122.900315" /><trkpt lat="46.400002" lon="-122.898051" /><trkpt lat="46.407004" lon="-122.890176" /><trkpt lat="46.412878" lon="-122.889883" /><trkpt lat="46.421099" lon="-122.89105" /><trkpt lat="46.441363" lon="-122.888187" /><trkpt lat="46.474358" lon="-122.883436" /><trkpt lat="46.478694" lon="-122.881903" /><trkpt lat="46.492263" lon="-122.876953" /><trkpt lat="46.499491" lon="-122.876531" /><trkpt lat="46.521045" lon="-122.876525" /><trkpt lat="46.543951" lon="-122.876515" /><trkpt lat="46.547588" lon="-122.876487" /><trkpt lat="46.5616" lon="-122.876475" /><trkpt lat="46.565891" lon="-122.877055" /><trkpt lat="46.582984" lon="-122.887673" /><trkpt lat="46.595634" lon="-122.899824" /><trkpt lat="46.605724" lon="-122.906845" /><trkpt lat="46.610064" lon="-122.911312" /><trkpt lat="46.622664" lon="-122.9284" /><trkpt lat="46.631631" lon="-122.939119" /><trkpt lat="46.642576" lon="-122.952462" /><trkpt lat="46.648588" lon="-122.964378" /><trkpt lat="46.654459" lon="-122.974849" /><trkpt lat="46.65672" lon="-122.977121" /><trkpt lat="46.658663" lon="-122.977913" /><trkpt lat="46.662354" lon="-122.978812" /><trkpt lat="46.666461" lon="-122.980008" /><trkpt lat="46.667635" lon="-122.980465" /><trkpt lat="46.668984" lon="-122.980564" /><trkpt lat="46.67087" lon="-122.979822" /><trkpt lat="46.675534" lon="-122.975512" /><trkpt lat="46.678784" lon="-122.972531" /><trkpt lat="46.680899" lon="-122.971484" /><trkpt lat="46.691846" lon="-122.969787" /><trkpt lat="46.694731" lon="-122.969815" /><trkpt lat="46.710172" lon="-122.974997" /><trkpt lat="46.720649" lon="-122.976461" /><trkpt lat="46.72575" lon="-122.976965" /><trkpt lat="46.729114" lon="-122.976613" /><trkpt lat="46.731879" lon="-122.975727" /><trkpt lat="46.734243" lon="-122.975104" /><trkpt lat="46.738581" lon="-122.975774" /><trkpt lat="46.745826" lon="-122.980791" /><trkpt lat="46.768463" lon="-122.994659" /><trkpt lat="46.792953" lon="-123.009628" /><trkpt lat="46.795907" lon="-123.010227" /><trkpt lat="46.798258" lon="-123.009554" /><trkpt lat="46.802954" lon="-123.00676" /><trkpt lat="46.822285" lon="-122.995174" /><trkpt lat="46.830905" lon="-122.990064" /><trkpt lat="46.858732" lon="-122.973302" /><trkpt lat="46.865819" lon="-122.970608" /><trkpt lat="46.895348" lon="-122.961141" /><trkpt lat="46.901268" lon="-122.958702" /><trkpt lat="46.912513" lon="-122.951962" /><trkpt lat="46.921634" lon="-122.946635" /><trkpt lat="46.936423" lon="-122.942249" /><trkpt lat="46.95474" lon="-122.936769" /><trkpt lat="46.971958" lon="-122.9317" /><trkpt lat="46.977011" lon="-122.929621" /><trkpt lat="46.978291" lon="-122.928471" /><trkpt lat="46.979699" lon="-122.926177" /><trkpt lat="46.980797" lon="-122.926413" /><trkpt lat="46.982494" lon="-122.934738" /><trkpt lat="46.982867" lon="-122.935231" /><trkpt lat="46.984497" lon="-122.933612" /><trkpt lat="46.985345" lon="-122.932556" /><trkpt lat="46.985535" lon="-122.932173" /><trkpt lat="46.986393" lon="-122.931172" /><trkpt lat="46.987689" lon="-122.929486" /><trkpt lat="46.988423" lon="-122.92849" /><trkpt lat="46.989626" lon="-122.926791" /><trkpt lat="46.989845" lon="-122.926322" /><trkpt lat="46.990284" lon="-122.925839" /><trkpt lat="46.991861" lon="-122.923539" /><trkpt lat="46.993777" lon="-122.922224" /><trkpt lat="46.994188" lon="-122.921736" /><trkpt lat="46.993981" lon="-122.920691" /><trkpt lat="46.99323" lon="-122.920068" /></trkseg></trk><wpt lat="46.1421249" lon="-122.905299"><name>Kelso, WA</name><desc>27.1053 kWh</desc></wpt><wpt lat="45.460293" lon="-123.7266793"><name>Tillamook, OR</name><desc>27.0562 kWh</desc></wpt><wpt lat="44.636755" lon="-124.053442"><name>Newport, OR</name><desc>44.849 kWh</desc></wpt><wpt lat="43.1195634" lon="-124.4094086"><name>Bandon, OR</name><desc>38.4985 kWh</desc></wpt><wpt lat="41.7522404" lon="-124.1978539"><name>Crescent City, CA</name><desc>61.13 kWh</desc></wpt><wpt lat="40.8047398" lon="-124.1551778"><name>Eureka, CA - 4th St</name><desc>19.23 kWh</desc></wpt><wpt lat="39.4436579" lon="-123.8057607"><name>Fort Bragg, CA</name><desc>64.9738 kWh</desc></wpt><wpt lat="38.0407566" lon="-122.7880459"><name>Olema, CA</name><desc>30.055 kWh</desc></wpt><wpt lat="37.6301729" lon="-122.4175684"><name>San Bruno, CA - El Camino Real</name><desc>26.5304 kWh</desc></wpt><wpt lat="36.62593" lon="-121.816926"><name>Seaside, CA</name><desc>29.633 kWh</desc></wpt><wpt lat="35.1427436" lon="-120.641288"><name>Pismo Beach, CA</name><desc>58.5608 kWh</desc></wpt><wpt lat="34.183671" lon="-118.91183"><name>Newbury Park, CA</name><desc>29.79 kWh</desc></wpt><wpt lat="34.0004225" lon="-117.9752615"><name>Hacienda Heights, CA</name><desc>65.52 kWh</desc></wpt><wpt lat="33.1762538" lon="-117.3525102"><name>Oceanside, CA - Vista Way</name><desc>53.3937 kWh</desc></wpt><wpt lat="33.5635267" lon="-117.6658467"><name>Mission Viejo, CA - Crown Valley Parkway</name><desc>43.4103 kWh</desc></wpt><wpt lat="34.4221319" lon="-119.702667"><name>Santa Barbara, CA</name><desc>32.6455 kWh</desc></wpt><wpt lat="35.1223351" lon="-120.5833942"><name>Arroyo Grande, CA - West Branch Street</name><desc>58.8134 kWh</desc></wpt><wpt lat="36.9757426" lon="-121.9650181"><name>Capitola, CA - 41st Ave</name><desc>32.6576 kWh</desc></wpt><wpt lat="37.5980374" lon="-122.4995234"><name>Pacifica, CA</name><desc>30.1912 kWh</desc></wpt><wpt lat="38.2325829" lon="-122.636465"><name>Petaluma, CA</name><desc>25.6351 kWh</desc></wpt><wpt lat="38.8816319" lon="-121.9701077"><name>Dunnigan, CA - County Road 8</name><desc>33.4678 kWh</desc></wpt><wpt lat="40.5880846" lon="-122.3472743"><name>Redding, CA - Old Alturas Road</name><desc>33.0742 kWh</desc></wpt><wpt lat="41.4238018" lon="-122.3847609"><name>Weed, CA</name><desc>14.8037 kWh</desc></wpt><wpt lat="42.360413" lon="-122.8585926"><name>Medford, OR  - Delta Waters Road</name><desc>57.1491 kWh</desc></wpt><wpt lat="44.0826252" lon="-123.0398274"><name>Springfield, OR - Kruse Way</name><desc>7.6295 kWh</desc></wpt><wpt lat="44.3796117" lon="-123.110065"><name>Halsey, OR</name><desc>40.0175 kWh</desc></wpt><wpt lat="45.8167616" lon="-122.7433775"><name>Ridgefield, WA</name><desc>29.9045 kWh</desc></wpt><wpt lat="46.9932302" lon="-122.9200682"><name>Tumwater, WA - Kingswood Drive Southwest</name><desc>47.4 kWh</desc></wpt></gpx>