<?xml version='1.0' encoding='utf-8'?>
<gpx version="1.1" creator="Tesla Travel Map" xmlns="http://www.topografix.com/GPX/1/1"><metadata><name>Dec 2025 — Seattle → Rochester (via WA, OR, ID, NV, UT, AZ, CA)</name></metadata><trk><name>Dec 2025 — Seattle → Rochester (via WA, OR, ID, NV, UT, AZ, CA)</name><trkseg><trkpt lat="47.6167921" lon="-122.1115836" /><trkpt lat="47.616778" lon="-122.108379" /><trkpt lat="47.613783" lon="-122.108421" /><trkpt lat="47.609912" lon="-122.110452" /><trkpt lat="47.607594" lon="-122.112881" /><trkpt lat="47.60385" lon="-122.112321" /><trkpt lat="47.598664" lon="-122.110525" /><trkpt lat="47.593805" lon="-122.111905" /><trkpt lat="47.59198" lon="-122.112061" /><trkpt lat="47.589278" lon="-122.111769" /><trkpt lat="47.585271" lon="-122.111332" /><trkpt lat="47.582613" lon="-122.111998" /><trkpt lat="47.578649" lon="-122.113456" /><trkpt lat="47.576793" lon="-122.113275" /><trkpt lat="47.575641" lon="-122.110768" /><trkpt lat="47.572398" lon="-122.107403" /><trkpt lat="47.571145" lon="-122.104279" /><trkpt lat="47.569461" lon="-122.100568" /><trkpt lat="47.567714" lon="-122.100027" /><trkpt lat="47.566947" lon="-122.099682" /><trkpt lat="47.564619" lon="-122.099156" /><trkpt lat="47.562769" lon="-122.098394" /><trkpt lat="47.562747" lon="-122.09592" /><trkpt lat="47.551568" lon="-122.069482" /><trkpt lat="47.545842" lon="-122.054374" /><trkpt lat="47.543732" lon="-122.04299" /><trkpt lat="47.538038" lon="-122.033615" /><trkpt lat="47.531611" lon="-122.024953" /><trkpt lat="47.531833" lon="-122.021528" /><trkpt lat="47.532474" lon="-122.019704" /><trkpt lat="47.536433" lon="-122.010737" /><trkpt lat="47.533591" lon="-122.000467" /><trkpt lat="47.530796" lon="-121.98223" /><trkpt lat="47.534335" lon="-121.974905" /><trkpt lat="47.535713" lon="-121.968752" /><trkpt lat="47.531675" lon="-121.946108" /><trkpt lat="47.527795" lon="-121.940175" /><trkpt lat="47.521887" lon="-121.934773" /><trkpt lat="47.516133" lon="-121.920078" /><trkpt lat="47.507662" lon="-121.906102" /><trkpt lat="47.50604" lon="-121.897188" /><trkpt lat="47.511068" lon="-121.866951" /><trkpt lat="47.511166" lon="-121.855754" /><trkpt lat="47.514587" lon="-121.842008" /><trkpt lat="47.513242" lon="-121.834782" /><trkpt lat="47.498261" lon="-121.817141" /><trkpt lat="47.491051" lon="-121.801511" /><trkpt lat="47.483932" lon="-121.792339" /><trkpt lat="47.474165" lon="-121.781452" /><trkpt lat="47.473216" lon="-121.764725" /><trkpt lat="47.469954" lon="-121.730639" /><trkpt lat="47.463425" lon="-121.710417" /><trkpt lat="47.455294" lon="-121.702486" /><trkpt lat="47.445665" lon="-121.694504" /><trkpt lat="47.44383" lon="-121.680685" /><trkpt lat="47.443064" lon="-121.664163" /><trkpt lat="47.437189" lon="-121.648207" /><trkpt lat="47.431267" lon="-121.637186" /><trkpt lat="47.428637" lon="-121.61887" /><trkpt lat="47.424816" lon="-121.598803" /><trkpt lat="47.41747" lon="-121.587123" /><trkpt lat="47.410575" lon="-121.57895" /><trkpt lat="47.40468" lon="-121.567328" /><trkpt lat="47.398071" lon="-121.549829" /><trkpt lat="47.395108" lon="-121.527557" /><trkpt lat="47.395873" lon="-121.513034" /><trkpt lat="47.396684" lon="-121.485536" /><trkpt lat="47.393156" lon="-121.472532" /><trkpt lat="47.396854" lon="-121.450933" /><trkpt lat="47.41075" lon="-121.438728" /><trkpt lat="47.422149" lon="-121.432034" /><trkpt lat="47.425853" lon="-121.429141" /><trkpt lat="47.425689" lon="-121.412891" /><trkpt lat="47.417078" lon="-121.411031" /><trkpt lat="47.407517" lon="-121.405304" /><trkpt lat="47.40149" lon="-121.403546" /><trkpt lat="47.396247" lon="-121.397191" /><trkpt lat="47.390935" lon="-121.384439" /><trkpt lat="47.383915" lon="-121.378288" /><trkpt lat="47.372176" lon="-121.376416" /><trkpt lat="47.367688" lon="-121.373053" /><trkpt lat="47.360911" lon="-121.372505" /><trkpt lat="47.356659" lon="-121.367198" /><trkpt lat="47.349793" lon="-121.363886" /><trkpt lat="47.343144" lon="-121.364079" /><trkpt lat="47.340418" lon="-121.359238" /><trkpt lat="47.33903" lon="-121.35111" /><trkpt lat="47.331239" lon="-121.344464" /><trkpt lat="47.326507" lon="-121.331421" /><trkpt lat="47.322619" lon="-121.325433" /><trkpt lat="47.311804" lon="-121.31392" /><trkpt lat="47.302117" lon="-121.301975" /><trkpt lat="47.299452" lon="-121.292563" /><trkpt lat="47.294332" lon="-121.285599" /><trkpt lat="47.28653" lon="-121.282572" /><trkpt lat="47.280605" lon="-121.280976" /><trkpt lat="47.271481" lon="-121.270557" /><trkpt lat="47.267846" lon="-121.256092" /><trkpt lat="47.268648" lon="-121.247612" /><trkpt lat="47.269321" lon="-121.237271" /><trkpt lat="47.268792" lon="-121.229559" /><trkpt lat="47.263466" lon="-121.215397" /><trkpt lat="47.258478" lon="-121.20923" /><trkpt lat="47.255767" lon="-121.197442" /><trkpt lat="47.239595" lon="-121.177599" /><trkpt lat="47.226532" lon="-121.160551" /><trkpt lat="47.217798" lon="-121.132957" /><trkpt lat="47.213386" lon="-121.107937" /><trkpt lat="47.195213" lon="-121.053771" /><trkpt lat="47.186207" lon="-121.043617" /><trkpt lat="47.182765" lon="-121.025823" /><trkpt lat="47.186823" lon="-120.987894" /><trkpt lat="47.194554" lon="-120.958636" /><trkpt lat="47.191226" lon="-120.937013" /><trkpt lat="47.181092" lon="-120.898985" /><trkpt lat="47.171376" lon="-120.886987" /><trkpt lat="47.16147" lon="-120.856151" /><trkpt lat="47.156628" lon="-120.827142" /><trkpt lat="47.141451" lon="-120.813709" /><trkpt lat="47.128411" lon="-120.804436" /><trkpt lat="47.11737" lon="-120.798472" /><trkpt lat="47.10753" lon="-120.768658" /><trkpt lat="47.093218" lon="-120.755594" /><trkpt lat="47.087479" lon="-120.74247" /><trkpt lat="47.078362" lon="-120.723115" /><trkpt lat="47.057483" lon="-120.676257" /><trkpt lat="47.04338" lon="-120.63778" /><trkpt lat="47.031832" lon="-120.623203" /><trkpt lat="47.00296" lon="-120.587375" /><trkpt lat="46.975677" lon="-120.552087" /><trkpt lat="46.970402" lon="-120.523113" /><trkpt lat="46.968654" lon="-120.510766" /><trkpt lat="46.960796" lon="-120.506812" /><trkpt lat="46.929363" lon="-120.501179" /><trkpt lat="46.911098" lon="-120.471141" /><trkpt lat="46.890496" lon="-120.43462" /><trkpt lat="46.871095" lon="-120.419445" /><trkpt lat="46.849679" lon="-120.392263" /><trkpt lat="46.844445" lon="-120.378816" /><trkpt lat="46.842248" lon="-120.375614" /><trkpt lat="46.82065" lon="-120.359614" /><trkpt lat="46.805733" lon="-120.359116" /><trkpt lat="46.793827" lon="-120.358385" /><trkpt lat="46.784638" lon="-120.370445" /><trkpt lat="46.767231" lon="-120.378084" /><trkpt lat="46.750768" lon="-120.389377" /><trkpt lat="46.738234" lon="-120.386829" /><trkpt lat="46.728086" lon="-120.388806" /><trkpt lat="46.723239" lon="-120.406385" /><trkpt lat="46.713102" lon="-120.42645" /><trkpt lat="46.696905" lon="-120.442629" /><trkpt lat="46.677928" lon="-120.4812" /><trkpt lat="46.651233" lon="-120.497205" /><trkpt lat="46.638661" lon="-120.522986" /><trkpt lat="46.630906" lon="-120.517203" /><trkpt lat="46.626267" lon="-120.507609" /><trkpt lat="46.607383" lon="-120.487848" /><trkpt lat="46.604898" lon="-120.49452" /><trkpt lat="46.604051" lon="-120.498218" /><trkpt lat="46.603011" lon="-120.502706" /><trkpt lat="46.60359" lon="-120.500187" /><trkpt lat="46.603962" lon="-120.498576" /><trkpt lat="46.604455" lon="-120.496498" /><trkpt lat="46.604724" lon="-120.495315" /><trkpt lat="46.605201" lon="-120.492068" /><trkpt lat="46.604994" lon="-120.487064" /><trkpt lat="46.60408" lon="-120.485627" /><trkpt lat="46.597807" lon="-120.479927" /><trkpt lat="46.585126" lon="-120.473183" /><trkpt lat="46.582627" lon="-120.472339" /><trkpt lat="46.568236" lon="-120.472191" /><trkpt lat="46.562754" lon="-120.472332" /><trkpt lat="46.559341" lon="-120.471146" /><trkpt lat="46.555968" lon="-120.470451" /><trkpt lat="46.54069" lon="-120.471067" /><trkpt lat="46.53147" lon="-120.471604" /><trkpt lat="46.522858" lon="-120.470002" /><trkpt lat="46.520237" lon="-120.465104" /><trkpt lat="46.518152" lon="-120.457221" /><trkpt lat="46.508351" lon="-120.451312" /><trkpt lat="46.501104" lon="-120.446225" /><trkpt lat="46.493757" lon="-120.434398" /><trkpt lat="46.489308" lon="-120.422686" /><trkpt lat="46.483277" lon="-120.410505" /><trkpt lat="46.470922" lon="-120.396165" /><trkpt lat="46.463221" lon="-120.378487" /><trkpt lat="46.445953" lon="-120.350594" /><trkpt lat="46.441251" lon="-120.345756" /><trkpt lat="46.434271" lon="-120.345433" /><trkpt lat="46.424132" lon="-120.338297" /><trkpt lat="46.41875" lon="-120.328098" /><trkpt lat="46.416193" lon="-120.314295" /><trkpt lat="46.411134" lon="-120.291048" /><trkpt lat="46.405826" lon="-120.284478" /><trkpt lat="46.403404" lon="-120.278553" /><trkpt lat="46.399698" lon="-120.263205" /><trkpt lat="46.394637" lon="-120.24995" /><trkpt lat="46.39365" lon="-120.243975" /><trkpt lat="46.388818" lon="-120.236157" /><trkpt lat="46.375701" lon="-120.219385" /><trkpt lat="46.360785" lon="-120.204382" /><trkpt lat="46.354197" lon="-120.194808" /><trkpt lat="46.350341" lon="-120.184766" /><trkpt lat="46.3432" lon="-120.174214" /><trkpt lat="46.339243" lon="-120.164176" /><trkpt lat="46.33821" lon="-120.135721" /><trkpt lat="46.332163" lon="-120.122268" /><trkpt lat="46.330288" lon="-120.112242" /><trkpt lat="46.328323" lon="-120.083998" /><trkpt lat="46.326178" lon="-120.078527" /><trkpt lat="46.323916" lon="-120.073407" /><trkpt lat="46.318216" lon="-120.05714" /><trkpt lat="46.30841" lon="-120.045745" /><trkpt lat="46.306124" lon="-120.038925" /><trkpt lat="46.305959" lon="-120.019124" /><trkpt lat="46.305982" lon="-119.990781" /><trkpt lat="46.306239" lon="-119.974614" /><trkpt lat="46.300199" lon="-119.963995" /><trkpt lat="46.275822" lon="-119.932363" /><trkpt lat="46.27106" lon="-119.926134" /><trkpt lat="46.26813" lon="-119.913135" /><trkpt lat="46.263668" lon="-119.894474" /><trkpt lat="46.255555" lon="-119.878556" /><trkpt lat="46.249993" lon="-119.863863" /><trkpt lat="46.238455" lon="-119.819625" /><trkpt lat="46.236252" lon="-119.815264" /><trkpt lat="46.223709" lon="-119.795536" /><trkpt lat="46.22179" lon="-119.788385" /><trkpt lat="46.221227" lon="-119.782523" /><trkpt lat="46.22077" lon="-119.754497" /><trkpt lat="46.216797" lon="-119.74695" /><trkpt lat="46.213908" lon="-119.743415" /><trkpt lat="46.21352" lon="-119.744628" /><trkpt lat="46.214023" lon="-119.747658" /><trkpt lat="46.20787" lon="-119.747697" /><trkpt lat="46.205962" lon="-119.747893" /><trkpt lat="46.206062" lon="-119.746605" /><trkpt lat="46.207642" lon="-119.739593" /><trkpt lat="46.208165" lon="-119.732538" /><trkpt lat="46.208708" lon="-119.72878" /><trkpt lat="46.208371" lon="-119.727022" /><trkpt lat="46.207258" lon="-119.725506" /><trkpt lat="46.202147" lon="-119.723358" /><trkpt lat="46.199722" lon="-119.719093" /><trkpt lat="46.199261" lon="-119.716871" /><trkpt lat="46.199473" lon="-119.714852" /><trkpt lat="46.2002" lon="-119.713134" /><trkpt lat="46.204546" lon="-119.708951" /><trkpt lat="46.205187" lon="-119.70787" /><trkpt lat="46.205043" lon="-119.70653" /><trkpt lat="46.204126" lon="-119.705814" /><trkpt lat="46.190107" lon="-119.705846" /><trkpt lat="46.188058" lon="-119.704099" /><trkpt lat="46.187357" lon="-119.696695" /><trkpt lat="46.18725" lon="-119.664206" /><trkpt lat="46.186677" lon="-119.605021" /><trkpt lat="46.184303" lon="-119.601055" /><trkpt lat="46.131083" lon="-119.601625" /><trkpt lat="46.13001" lon="-119.458565" /><trkpt lat="46.129575" lon="-119.411779" /><trkpt lat="46.130926" lon="-119.373973" /><trkpt lat="46.130231" lon="-119.37125" /><trkpt lat="46.128591" lon="-119.36967" /><trkpt lat="46.116275" lon="-119.369713" /><trkpt lat="46.107102" lon="-119.369963" /><trkpt lat="46.076956" lon="-119.370567" /><trkpt lat="46.056613" lon="-119.371453" /><trkpt lat="46.052263" lon="-119.371378" /><trkpt lat="46.025179" lon="-119.360681" /><trkpt lat="45.999131" lon="-119.350458" /><trkpt lat="45.979655" lon="-119.350719" /><trkpt lat="45.944647" lon="-119.351377" /><trkpt lat="45.943944" lon="-119.342449" /><trkpt lat="45.943452" lon="-119.334641" /><trkpt lat="45.926067" lon="-119.326058" /><trkpt lat="45.92027" lon="-119.322231" /><trkpt lat="45.917332" lon="-119.321543" /><trkpt lat="45.914018" lon="-119.323618" /><trkpt lat="45.903291" lon="-119.331982" /><trkpt lat="45.894798" lon="-119.329974" /><trkpt lat="45.884973" lon="-119.329898" /><trkpt lat="45.872812" lon="-119.336484" /><trkpt lat="45.839945" lon="-119.378156" /><trkpt lat="45.836863" lon="-119.381186" /><trkpt lat="45.833127" lon="-119.383196" /><trkpt lat="45.80597" lon="-119.383799" /><trkpt lat="45.803449" lon="-119.38445" /><trkpt lat="45.799819" lon="-119.389095" /><trkpt lat="45.795296" lon="-119.392924" /><trkpt lat="45.793748" lon="-119.391105" /><trkpt lat="45.793529" lon="-119.384583" /><trkpt lat="45.791425" lon="-119.371597" /><trkpt lat="45.786371" lon="-119.34209" /><trkpt lat="45.773208" lon="-119.264815" /><trkpt lat="45.76506" lon="-119.217127" /><trkpt lat="45.762736" lon="-119.203808" /><trkpt lat="45.746543" lon="-119.109943" /><trkpt lat="45.741084" lon="-119.083811" /><trkpt lat="45.720068" lon="-119.019143" /><trkpt lat="45.712452" lon="-118.995769" /><trkpt lat="45.691353" lon="-118.931016" /><trkpt lat="45.676209" lon="-118.88388" /><trkpt lat="45.677132" lon="-118.867988" /><trkpt lat="45.678914" lon="-118.857506" /><trkpt lat="45.677914" lon="-118.85245" /><trkpt lat="45.674225" lon="-118.841192" /><trkpt lat="45.666914" lon="-118.818846" /><trkpt lat="45.662798" lon="-118.806517" /><trkpt lat="45.664597" lon="-118.805223" /><trkpt lat="45.66695" lon="-118.806213" /><trkpt lat="45.668016" lon="-118.802659" /><trkpt lat="45.668158" lon="-118.801384" /><trkpt lat="45.667973" lon="-118.7998" /><trkpt lat="45.66822" lon="-118.798098" /><trkpt lat="45.670017" lon="-118.792184" /><trkpt lat="45.670786" lon="-118.789726" /><trkpt lat="45.671156" lon="-118.788493" /><trkpt lat="45.671664" lon="-118.788039" /><trkpt lat="45.672018" lon="-118.788788" /><trkpt lat="45.671443" lon="-118.787902" /><trkpt lat="45.671144" lon="-118.786578" /><trkpt lat="45.669721" lon="-118.785694" /><trkpt lat="45.668871" lon="-118.785166" /><trkpt lat="45.665384" lon="-118.778729" /><trkpt lat="45.66397" lon="-118.77221" /><trkpt lat="45.663196" lon="-118.755819" /><trkpt lat="45.657065" lon="-118.720836" /><trkpt lat="45.654929" lon="-118.710338" /><trkpt lat="45.648594" lon="-118.700118" /><trkpt lat="45.642252" lon="-118.690391" /><trkpt lat="45.634824" lon="-118.678945" /><trkpt lat="45.617394" lon="-118.653122" /><trkpt lat="45.61355" lon="-118.650992" /><trkpt lat="45.605569" lon="-118.649805" /><trkpt lat="45.603087" lon="-118.64872" /><trkpt lat="45.600613" lon="-118.640301" /><trkpt lat="45.599367" lon="-118.638217" /><trkpt lat="45.597723" lon="-118.638663" /><trkpt lat="45.597117" lon="-118.641398" /><trkpt lat="45.596607" lon="-118.644897" /><trkpt lat="45.594885" lon="-118.646132" /><trkpt lat="45.590042" lon="-118.642543" /><trkpt lat="45.585866" lon="-118.639132" /><trkpt lat="45.584012" lon="-118.639829" /><trkpt lat="45.582128" lon="-118.642945" /><trkpt lat="45.580279" lon="-118.642935" /><trkpt lat="45.579357" lon="-118.641262" /><trkpt lat="45.58059" lon="-118.635566" /><trkpt lat="45.580789" lon="-118.632569" /><trkpt lat="45.578407" lon="-118.6312" /><trkpt lat="45.576825" lon="-118.630257" /><trkpt lat="45.576713" lon="-118.627384" /><trkpt lat="45.581625" lon="-118.616078" /><trkpt lat="45.582032" lon="-118.610533" /><trkpt lat="45.583254" lon="-118.606922" /><trkpt lat="45.582067" lon="-118.604836" /><trkpt lat="45.579329" lon="-118.603239" /><trkpt lat="45.579664" lon="-118.592437" /><trkpt lat="45.580402" lon="-118.587795" /><trkpt lat="45.58165" lon="-118.583591" /><trkpt lat="45.585619" lon="-118.574407" /><trkpt lat="45.589075" lon="-118.555744" /><trkpt lat="45.592993" lon="-118.532829" /><trkpt lat="45.596148" lon="-118.515585" /><trkpt lat="45.598831" lon="-118.509605" /><trkpt lat="45.599789" lon="-118.506432" /><trkpt lat="45.600031" lon="-118.503979" /><trkpt lat="45.599773" lon="-118.501079" /><trkpt lat="45.591949" lon="-118.473167" /><trkpt lat="45.587003" lon="-118.462446" /><trkpt lat="45.582597" lon="-118.456693" /><trkpt lat="45.577812" lon="-118.454571" /><trkpt lat="45.573236" lon="-118.455129" /><trkpt lat="45.557983" lon="-118.462382" /><trkpt lat="45.55092" lon="-118.464829" /><trkpt lat="45.545418" lon="-118.463787" /><trkpt lat="45.541205" lon="-118.460848" /><trkpt lat="45.537567" lon="-118.456557" /><trkpt lat="45.531133" lon="-118.448945" /><trkpt lat="45.49974" lon="-118.420022" /><trkpt lat="45.490385" lon="-118.411418" /><trkpt lat="45.47974" lon="-118.401499" /><trkpt lat="45.464904" lon="-118.387915" /><trkpt lat="45.456946" lon="-118.380613" /><trkpt lat="45.45351" lon="-118.378659" /><trkpt lat="45.449736" lon="-118.378218" /><trkpt lat="45.445744" lon="-118.376408" /><trkpt lat="45.436166" lon="-118.366093" /><trkpt lat="45.43054" lon="-118.35994" /><trkpt lat="45.424144" lon="-118.353112" /><trkpt lat="45.417074" lon="-118.347798" /><trkpt lat="45.404481" lon="-118.338818" /><trkpt lat="45.397531" lon="-118.332237" /><trkpt lat="45.388197" lon="-118.31867" /><trkpt lat="45.381568" lon="-118.30914" /><trkpt lat="45.37561" lon="-118.303082" /><trkpt lat="45.371885" lon="-118.298261" /><trkpt lat="45.366383" lon="-118.283996" /><trkpt lat="45.361457" lon="-118.269622" /><trkpt lat="45.35816" lon="-118.264268" /><trkpt lat="45.351255" lon="-118.250518" /><trkpt lat="45.345257" lon="-118.242913" /><trkpt lat="45.343726" lon="-118.238735" /><trkpt lat="45.342185" lon="-118.230952" /><trkpt lat="45.342379" lon="-118.228203" /><trkpt lat="45.345057" lon="-118.224771" /><trkpt lat="45.347557" lon="-118.220919" /><trkpt lat="45.349513" lon="-118.211354" /><trkpt lat="45.348862" lon="-118.207476" /><trkpt lat="45.347493" lon="-118.2033" /><trkpt lat="45.348292" lon="-118.200652" /><trkpt lat="45.351818" lon="-118.197208" /><trkpt lat="45.354195" lon="-118.191135" /><trkpt lat="45.354311" lon="-118.186507" /><trkpt lat="45.352426" lon="-118.174387" /><trkpt lat="45.351487" lon="-118.170957" /><trkpt lat="45.349589" lon="-118.169745" /><trkpt lat="45.345608" lon="-118.166834" /><trkpt lat="45.345019" lon="-118.162981" /><trkpt lat="45.346141" lon="-118.158415" /><trkpt lat="45.345774" lon="-118.153657" /><trkpt lat="45.346533" lon="-118.149415" /><trkpt lat="45.34719" lon="-118.144596" /><trkpt lat="45.344604" lon="-118.140252" /><trkpt lat="45.343953" lon="-118.135853" /><trkpt lat="45.346061" lon="-118.127449" /><trkpt lat="45.345397" lon="-118.123686" /><trkpt lat="45.342867" lon="-118.11982" /><trkpt lat="45.342416" lon="-118.116716" /><trkpt lat="45.343695" lon="-118.111409" /><trkpt lat="45.343412" lon="-118.105977" /><trkpt lat="45.340191" lon="-118.086878" /><trkpt lat="45.338622" lon="-118.080545" /><trkpt lat="45.332098" lon="-118.073319" /><trkpt lat="45.325952" lon="-118.067066" /><trkpt lat="45.303097" lon="-118.043847" /><trkpt lat="45.296938" lon="-118.038887" /><trkpt lat="45.290896" lon="-118.036443" /><trkpt lat="45.251584" lon="-118.020752" /><trkpt lat="45.237799" lon="-118.015262" /><trkpt lat="45.218017" lon="-118.018064" /><trkpt lat="45.215138" lon="-118.024563" /><trkpt lat="45.20764" lon="-118.022001" /><trkpt lat="45.196172" lon="-118.010951" /><trkpt lat="45.184909" lon="-117.98945" /><trkpt lat="45.175211" lon="-117.979247" /><trkpt lat="45.169523" lon="-117.967424" /><trkpt lat="45.15552" lon="-117.969398" /><trkpt lat="45.148499" lon="-117.971758" /><trkpt lat="45.119099" lon="-117.961386" /><trkpt lat="45.081777" lon="-117.948396" /><trkpt lat="45.055845" lon="-117.941276" /><trkpt lat="45.040698" lon="-117.934358" /><trkpt lat="45.024749" lon="-117.925966" /><trkpt lat="45.018578" lon="-117.9223" /><trkpt lat="45.004653" lon="-117.909073" /><trkpt lat="44.982158" lon="-117.890833" /><trkpt lat="44.971038" lon="-117.87824" /><trkpt lat="44.957713" lon="-117.860418" /><trkpt lat="44.946258" lon="-117.84846" /><trkpt lat="44.929166" lon="-117.832903" /><trkpt lat="44.914801" lon="-117.820447" /><trkpt lat="44.893042" lon="-117.819607" /><trkpt lat="44.860556" lon="-117.816716" /><trkpt lat="44.837629" lon="-117.816484" /><trkpt lat="44.808403" lon="-117.814021" /><trkpt lat="44.784368" lon="-117.811605" /><trkpt lat="44.781627" lon="-117.814988" /><trkpt lat="44.781656" lon="-117.818121" /><trkpt lat="44.781709" lon="-117.82464" /><trkpt lat="44.781655" lon="-117.829533" /><trkpt lat="44.780293" lon="-117.829723" /><trkpt lat="44.779099" lon="-117.829729" /><trkpt lat="44.777431" lon="-117.829743" /><trkpt lat="44.775326" lon="-117.829777" /><trkpt lat="44.774512" lon="-117.830997" /><trkpt lat="44.774507" lon="-117.832696" /><trkpt lat="44.774875" lon="-117.834434" /><trkpt lat="44.774505" lon="-117.833403" /><trkpt lat="44.774509" lon="-117.832137" /><trkpt lat="44.774512" lon="-117.830997" /><trkpt lat="44.774516" lon="-117.829656" /><trkpt lat="44.774465" lon="-117.829339" /><trkpt lat="44.774294" lon="-117.829049" /><trkpt lat="44.773991" lon="-117.82867" /><trkpt lat="44.773632" lon="-117.828064" /><trkpt lat="44.773126" lon="-117.827246" /><trkpt lat="44.77284" lon="-117.826966" /><trkpt lat="44.772191" lon="-117.826827" /><trkpt lat="44.770702" lon="-117.826842" /><trkpt lat="44.76694" lon="-117.826909" /><trkpt lat="44.764787" lon="-117.826102" /><trkpt lat="44.760972" lon="-117.820599" /><trkpt lat="44.758381" lon="-117.817604" /><trkpt lat="44.756197" lon="-117.815561" /><trkpt lat="44.75129" lon="-117.810195" /><trkpt lat="44.74948" lon="-117.808384" /><trkpt lat="44.747352" lon="-117.805167" /><trkpt lat="44.743487" lon="-117.800703" /><trkpt lat="44.727029" lon="-117.781235" /><trkpt lat="44.717432" lon="-117.757519" /><trkpt lat="44.700628" lon="-117.706188" /><trkpt lat="44.6929" lon="-117.688582" /><trkpt lat="44.687364" lon="-117.676849" /><trkpt lat="44.677175" lon="-117.643899" /><trkpt lat="44.670203" lon="-117.624542" /><trkpt lat="44.667719" lon="-117.619626" /><trkpt lat="44.665778" lon="-117.617253" /><trkpt lat="44.661455" lon="-117.609965" /><trkpt lat="44.658265" lon="-117.598861" /><trkpt lat="44.651175" lon="-117.571063" /><trkpt lat="44.646134" lon="-117.552673" /><trkpt lat="44.64233" lon="-117.542474" /><trkpt lat="44.638717" lon="-117.534016" /><trkpt lat="44.628123" lon="-117.516081" /><trkpt lat="44.624064" lon="-117.506193" /><trkpt lat="44.619352" lon="-117.498275" /><trkpt lat="44.607606" lon="-117.479457" /><trkpt lat="44.601175" lon="-117.474427" /><trkpt lat="44.592641" lon="-117.469662" /><trkpt lat="44.586792" lon="-117.462139" /><trkpt lat="44.579858" lon="-117.452279" /><trkpt lat="44.560742" lon="-117.429235" /><trkpt lat="44.54503" lon="-117.419268" /><trkpt lat="44.538962" lon="-117.414635" /><trkpt lat="44.533847" lon="-117.410543" /><trkpt lat="44.53202" lon="-117.404475" /><trkpt lat="44.530615" lon="-117.402553" /><trkpt lat="44.528133" lon="-117.40152" /><trkpt lat="44.525387" lon="-117.398533" /><trkpt lat="44.524274" lon="-117.395953" /><trkpt lat="44.522719" lon="-117.390514" /><trkpt lat="44.521857" lon="-117.38676" /><trkpt lat="44.521021" lon="-117.384575" /><trkpt lat="44.519715" lon="-117.381419" /><trkpt lat="44.518657" lon="-117.376721" /><trkpt lat="44.516788" lon="-117.375055" /><trkpt lat="44.515154" lon="-117.375049" /><trkpt lat="44.512329" lon="-117.37653" /><trkpt lat="44.510789" lon="-117.376221" /><trkpt lat="44.507259" lon="-117.371022" /><trkpt lat="44.505746" lon="-117.369588" /><trkpt lat="44.503333" lon="-117.369675" /><trkpt lat="44.500319" lon="-117.370537" /><trkpt lat="44.497931" lon="-117.369533" /><trkpt lat="44.495115" lon="-117.367489" /><trkpt lat="44.487008" lon="-117.361621" /><trkpt lat="44.48506" lon="-117.359747" /><trkpt lat="44.484406" lon="-117.35789" /><trkpt lat="44.484254" lon="-117.350568" /><trkpt lat="44.483858" lon="-117.347633" /><trkpt lat="44.482301" lon="-117.345608" /><trkpt lat="44.479944" lon="-117.344785" /><trkpt lat="44.475999" lon="-117.343081" /><trkpt lat="44.473505" lon="-117.340755" /><trkpt lat="44.469964" lon="-117.336927" /><trkpt lat="44.467898" lon="-117.33574" /><trkpt lat="44.465579" lon="-117.335853" /><trkpt lat="44.463482" lon="-117.3362" /><trkpt lat="44.462009" lon="-117.335119" /><trkpt lat="44.458965" lon="-117.330738" /><trkpt lat="44.457074" lon="-117.329302" /><trkpt lat="44.454334" lon="-117.328974" /><trkpt lat="44.451796" lon="-117.33027" /><trkpt lat="44.449385" lon="-117.331401" /><trkpt lat="44.44799" lon="-117.330704" /><trkpt lat="44.446284" lon="-117.327786" /><trkpt lat="44.444706" lon="-117.325952" /><trkpt lat="44.442377" lon="-117.324979" /><trkpt lat="44.438304" lon="-117.323986" /><trkpt lat="44.435544" lon="-117.322136" /><trkpt lat="44.429903" lon="-117.316328" /><trkpt lat="44.425531" lon="-117.313719" /><trkpt lat="44.415137" lon="-117.307887" /><trkpt lat="44.411984" lon="-117.30826" /><trkpt lat="44.407174" lon="-117.313015" /><trkpt lat="44.403005" lon="-117.310376" /><trkpt lat="44.398582" lon="-117.308219" /><trkpt lat="44.385725" lon="-117.309078" /><trkpt lat="44.381813" lon="-117.306956" /><trkpt lat="44.379445" lon="-117.301932" /><trkpt lat="44.373187" lon="-117.2975" /><trkpt lat="44.36031" lon="-117.292652" /><trkpt lat="44.346818" lon="-117.288264" /><trkpt lat="44.329704" lon="-117.280828" /><trkpt lat="44.311873" lon="-117.257171" /><trkpt lat="44.29796" lon="-117.233343" /><trkpt lat="44.288915" lon="-117.221852" /><trkpt lat="44.285399" lon="-117.216151" /><trkpt lat="44.282453" lon="-117.211979" /><trkpt lat="44.279864" lon="-117.209667" /><trkpt lat="44.276689" lon="-117.207858" /><trkpt lat="44.274543" lon="-117.205962" /><trkpt lat="44.271723" lon="-117.20269" /><trkpt lat="44.27051" lon="-117.200289" /><trkpt lat="44.269275" lon="-117.196864" /><trkpt lat="44.267716" lon="-117.194702" /><trkpt lat="44.264755" lon="-117.192155" /><trkpt lat="44.263274" lon="-117.189715" /><trkpt lat="44.261442" lon="-117.184025" /><trkpt lat="44.259286" lon="-117.180286" /><trkpt lat="44.257028" lon="-117.177254" /><trkpt lat="44.255587" lon="-117.176384" /><trkpt lat="44.251808" lon="-117.17652" /><trkpt lat="44.24273" lon="-117.174986" /><trkpt lat="44.229124" lon="-117.166617" /><trkpt lat="44.223496" lon="-117.158517" /><trkpt lat="44.216768" lon="-117.153035" /><trkpt lat="44.208102" lon="-117.146447" /><trkpt lat="44.199941" lon="-117.145278" /><trkpt lat="44.191311" lon="-117.139227" /><trkpt lat="44.182635" lon="-117.136176" /><trkpt lat="44.175569" lon="-117.133862" /><trkpt lat="44.169259" lon="-117.126663" /><trkpt lat="44.160257" lon="-117.11701" /><trkpt lat="44.148354" lon="-117.108869" /><trkpt lat="44.132158" lon="-117.091693" /><trkpt lat="44.120179" lon="-117.07009" /><trkpt lat="44.097612" lon="-117.036765" /><trkpt lat="44.082801" lon="-117.01621" /><trkpt lat="44.073062" lon="-117.002681" /><trkpt lat="44.064835" lon="-116.994943" /><trkpt lat="44.06131" lon="-116.992413" /><trkpt lat="44.048742" lon="-116.976719" /><trkpt lat="44.046155" lon="-116.973396" /><trkpt lat="44.035542" lon="-116.957875" /><trkpt lat="44.032408" lon="-116.95294" /><trkpt lat="44.030221" lon="-116.951405" /><trkpt lat="44.027291" lon="-116.950427" /><trkpt lat="44.025515" lon="-116.9501" /><trkpt lat="44.024827" lon="-116.950427" /><trkpt lat="44.02512" lon="-116.953317" /><trkpt lat="44.025442" lon="-116.955676" /><trkpt lat="44.025629" lon="-116.956921" /><trkpt lat="44.025778" lon="-116.957808" /><trkpt lat="44.026013" lon="-116.959228" /><trkpt lat="44.026564" lon="-116.963" /><trkpt lat="44.026634" lon="-116.962976" /><trkpt lat="44.02661" lon="-116.962831" /><trkpt lat="44.026531" lon="-116.962358" /><trkpt lat="44.026208" lon="-116.960414" /><trkpt lat="44.026031" lon="-116.95934" /><trkpt lat="44.026013" lon="-116.959228" /><trkpt lat="44.025997" lon="-116.95913" /><trkpt lat="44.025956" lon="-116.958882" /><trkpt lat="44.025927" lon="-116.958707" /><trkpt lat="44.0259" lon="-116.958547" /><trkpt lat="44.025822" lon="-116.958076" /><trkpt lat="44.025778" lon="-116.957808" /><trkpt lat="44.025739" lon="-116.957576" /><trkpt lat="44.025722" lon="-116.957476" /><trkpt lat="44.025702" lon="-116.957356" /><trkpt lat="44.025688" lon="-116.957272" /><trkpt lat="44.025645" lon="-116.957024" /><trkpt lat="44.025629" lon="-116.956921" /><trkpt lat="44.025617" lon="-116.956843" /><trkpt lat="44.025601" lon="-116.956744" /><trkpt lat="44.025535" lon="-116.956339" /><trkpt lat="44.025515" lon="-116.956219" /><trkpt lat="44.025386" lon="-116.956262" /><trkpt lat="44.025262" lon="-116.956301" /><trkpt lat="44.025088" lon="-116.956357" /><trkpt lat="44.024876" lon="-116.956424" /><trkpt lat="44.0248" lon="-116.956449" /><trkpt lat="44.024809" lon="-116.955799" /><trkpt lat="44.024809" lon="-116.955451" /><trkpt lat="44.024803" lon="-116.955366" /><trkpt lat="44.024788" lon="-116.955127" /><trkpt lat="44.024795" lon="-116.95473" /><trkpt lat="44.024795" lon="-116.954624" /><trkpt lat="44.024796" lon="-116.954521" /><trkpt lat="44.024801" lon="-116.954048" /><trkpt lat="44.024798" lon="-116.953333" /><trkpt lat="44.02479" lon="-116.953183" /><trkpt lat="44.024771" lon="-116.953042" /><trkpt lat="44.024745" lon="-116.952898" /><trkpt lat="44.024693" lon="-116.952701" /><trkpt lat="44.024625" lon="-116.95251" /><trkpt lat="44.024591" lon="-116.952416" /><trkpt lat="44.024364" lon="-116.951806" /><trkpt lat="44.024245" lon="-116.951512" /><trkpt lat="44.024121" lon="-116.951237" /><trkpt lat="44.024072" lon="-116.951138" /><trkpt lat="44.023945" lon="-116.950896" /><trkpt lat="44.023795" lon="-116.950622" /><trkpt lat="44.023722" lon="-116.950545" /><trkpt lat="44.023645" lon="-116.950492" /><trkpt lat="44.023542" lon="-116.950454" /><trkpt lat="44.023438" lon="-116.950427" /><trkpt lat="44.023373" lon="-116.950421" /><trkpt lat="44.023229" lon="-116.950423" /><trkpt lat="44.023193" lon="-116.950423" /><trkpt lat="44.022724" lon="-116.95042" /><trkpt lat="44.022584" lon="-116.950419" /><trkpt lat="44.022229" lon="-116.950418" /><trkpt lat="44.021894" lon="-116.950418" /><trkpt lat="44.02173" lon="-116.950417" /><trkpt lat="44.021448" lon="-116.950416" /><trkpt lat="44.023229" lon="-116.950423" /><trkpt lat="44.023945" lon="-116.950896" /><trkpt lat="44.024625" lon="-116.95251" /><trkpt lat="44.024796" lon="-116.954521" /><trkpt lat="44.0248" lon="-116.956449" /><trkpt lat="44.02522" lon="-116.954615" /><trkpt lat="44.02472" lon="-116.950643" /><trkpt lat="44.023949" lon="-116.950353" /><trkpt lat="44.022927" lon="-116.948648" /><trkpt lat="44.021037" lon="-116.94749" /><trkpt lat="44.008201" lon="-116.941982" /><trkpt lat="43.998455" lon="-116.937772" /><trkpt lat="43.991268" lon="-116.933682" /><trkpt lat="43.982774" lon="-116.927102" /><trkpt lat="43.979084" lon="-116.923509" /><trkpt lat="43.975583" lon="-116.919643" /><trkpt lat="43.971546" lon="-116.914667" /><trkpt lat="43.968009" lon="-116.910274" /><trkpt lat="43.963102" lon="-116.904172" /><trkpt lat="43.957036" lon="-116.896388" /><trkpt lat="43.954439" lon="-116.892384" /><trkpt lat="43.946793" lon="-116.878233" /><trkpt lat="43.941314" lon="-116.867945" /><trkpt lat="43.936585" lon="-116.859076" /><trkpt lat="43.930931" lon="-116.848456" /><trkpt lat="43.926565" lon="-116.840642" /><trkpt lat="43.924024" lon="-116.836942" /><trkpt lat="43.918892" lon="-116.830491" /><trkpt lat="43.914291" lon="-116.824813" /><trkpt lat="43.909402" lon="-116.818752" /><trkpt lat="43.906913" lon="-116.815673" /><trkpt lat="43.904601" lon="-116.813079" /><trkpt lat="43.897977" lon="-116.808152" /><trkpt lat="43.887609" lon="-116.803205" /><trkpt lat="43.878902" lon="-116.796776" /><trkpt lat="43.873909" lon="-116.790329" /><trkpt lat="43.866723" lon="-116.779155" /><trkpt lat="43.86548" lon="-116.777451" /><trkpt lat="43.858982" lon="-116.770965" /><trkpt lat="43.852666" lon="-116.7674" /><trkpt lat="43.841491" lon="-116.764436" /><trkpt lat="43.833129" lon="-116.762429" /><trkpt lat="43.824186" lon="-116.759604" /><trkpt lat="43.812876" lon="-116.755052" /><trkpt lat="43.806518" lon="-116.752225" /><trkpt lat="43.803061" lon="-116.749954" /><trkpt lat="43.795738" lon="-116.742951" /><trkpt lat="43.783167" lon="-116.730212" /><trkpt lat="43.77765" lon="-116.725435" /><trkpt lat="43.773443" lon="-116.723075" /><trkpt lat="43.765141" lon="-116.719973" /><trkpt lat="43.750122" lon="-116.714497" /><trkpt lat="43.737822" lon="-116.709974" /><trkpt lat="43.722206" lon="-116.704246" /><trkpt lat="43.710993" lon="-116.700203" /><trkpt lat="43.705789" lon="-116.699544" /><trkpt lat="43.702057" lon="-116.699318" /><trkpt lat="43.696583" lon="-116.697949" /><trkpt lat="43.693205" lon="-116.695756" /><trkpt lat="43.688316" lon="-116.691411" /><trkpt lat="43.686525" lon="-116.690505" /><trkpt lat="43.681109" lon="-116.689552" /><trkpt lat="43.679157" lon="-116.688702" /><trkpt lat="43.677322" lon="-116.687307" /><trkpt lat="43.673423" lon="-116.682055" /><trkpt lat="43.668953" lon="-116.675212" /><trkpt lat="43.666893" lon="-116.670099" /><trkpt lat="43.663385" lon="-116.661423" /><trkpt lat="43.661737" lon="-116.659023" /><trkpt lat="43.659451" lon="-116.657272" /><trkpt lat="43.649308" lon="-116.650818" /><trkpt lat="43.646" lon="-116.648718" /><trkpt lat="43.640413" lon="-116.643374" /><trkpt lat="43.631267" lon="-116.627496" /><trkpt lat="43.620204" lon="-116.610746" /><trkpt lat="43.607441" lon="-116.593589" /><trkpt lat="43.603644" lon="-116.587735" /><trkpt lat="43.601283" lon="-116.5801" /><trkpt lat="43.60023" lon="-116.569241" /><trkpt lat="43.59988" lon="-116.564918" /><trkpt lat="43.598728" lon="-116.552339" /><trkpt lat="43.598105" lon="-116.540939" /><trkpt lat="43.598849" lon="-116.519654" /><trkpt lat="43.599479" lon="-116.506651" /><trkpt lat="43.598401" lon="-116.486262" /><trkpt lat="43.596592" lon="-116.470499" /><trkpt lat="43.593572" lon="-116.443733" /><trkpt lat="43.593344" lon="-116.436227" /><trkpt lat="43.593355" lon="-116.418091" /><trkpt lat="43.593374" lon="-116.401223" /><trkpt lat="43.593372" lon="-116.393869" /><trkpt lat="43.593338" lon="-116.39122" /><trkpt lat="43.59336" lon="-116.37477" /><trkpt lat="43.593582" lon="-116.36711" /><trkpt lat="43.595162" lon="-116.358594" /><trkpt lat="43.596242" lon="-116.354876" /><trkpt lat="43.596824" lon="-116.351872" /><trkpt lat="43.597118" lon="-116.34895" /><trkpt lat="43.597178" lon="-116.343296" /><trkpt lat="43.597162" lon="-116.329298" /><trkpt lat="43.597164" lon="-116.298765" /><trkpt lat="43.596915" lon="-116.29326" /><trkpt lat="43.596146" lon="-116.288842" /><trkpt lat="43.594517" lon="-116.283383" /><trkpt lat="43.589775" lon="-116.273652" /><trkpt lat="43.58661" lon="-116.267081" /><trkpt lat="43.580681" lon="-116.254858" /><trkpt lat="43.576959" lon="-116.247154" /><trkpt lat="43.575376" lon="-116.243882" /><trkpt lat="43.572754" lon="-116.238386" /><trkpt lat="43.572219" lon="-116.236635" /><trkpt lat="43.571943" lon="-116.234093" /><trkpt lat="43.571923" lon="-116.220974" /><trkpt lat="43.571616" lon="-116.217854" /><trkpt lat="43.57112" lon="-116.215293" /><trkpt lat="43.568329" lon="-116.204207" /><trkpt lat="43.56587" lon="-116.195644" /><trkpt lat="43.563908" lon="-116.191498" /><trkpt lat="43.561565" lon="-116.187953" /><trkpt lat="43.547722" lon="-116.168331" /><trkpt lat="43.544838" lon="-116.164318" /><trkpt lat="43.541819" lon="-116.160984" /><trkpt lat="43.539676" lon="-116.159105" /><trkpt lat="43.536901" lon="-116.157125" /><trkpt lat="43.532392" lon="-116.154883" /><trkpt lat="43.515662" lon="-116.147387" /><trkpt lat="43.505838" lon="-116.141831" /><trkpt lat="43.485643" lon="-116.119" /><trkpt lat="43.476487" lon="-116.105512" /><trkpt lat="43.466761" lon="-116.096301" /><trkpt lat="43.458657" lon="-116.08755" /><trkpt lat="43.438112" lon="-116.06572" /><trkpt lat="43.431702" lon="-116.058177" /><trkpt lat="43.413179" lon="-116.027388" /><trkpt lat="43.399865" lon="-116.012991" /><trkpt lat="43.384782" lon="-115.99673" /><trkpt lat="43.344407" lon="-115.953152" /><trkpt lat="43.312511" lon="-115.918741" /><trkpt lat="43.268929" lon="-115.872027" /><trkpt lat="43.237207" lon="-115.837848" /><trkpt lat="43.213508" lon="-115.81251" /><trkpt lat="43.183223" lon="-115.777605" /><trkpt lat="43.176175" lon="-115.760231" /><trkpt lat="43.174392" lon="-115.751982" /><trkpt lat="43.173373" lon="-115.748049" /><trkpt lat="43.17158" lon="-115.745139" /><trkpt lat="43.167891" lon="-115.741409" /><trkpt lat="43.165186" lon="-115.737276" /><trkpt lat="43.16015" lon="-115.7296" /><trkpt lat="43.156174" lon="-115.723556" /><trkpt lat="43.152695" lon="-115.71824" /><trkpt lat="43.149923" lon="-115.714059" /><trkpt lat="43.14664" lon="-115.709213" /><trkpt lat="43.143289" lon="-115.705308" /><trkpt lat="43.140991" lon="-115.703222" /><trkpt lat="43.13863" lon="-115.701278" /><trkpt lat="43.136965" lon="-115.700001" /><trkpt lat="43.134621" lon="-115.697466" /><trkpt lat="43.131863" lon="-115.693958" /><trkpt lat="43.133854" lon="-115.687472" /><trkpt lat="43.133857" lon="-115.683718" /><trkpt lat="43.133849" lon="-115.681106" /><trkpt lat="43.133854" lon="-115.676304" /><trkpt lat="43.133843" lon="-115.67262" /><trkpt lat="43.133938" lon="-115.67018" /><trkpt lat="43.134655" lon="-115.667642" /><trkpt lat="43.136207" lon="-115.665572" /><trkpt lat="43.138321" lon="-115.664299" /><trkpt lat="43.135639" lon="-115.660683" /><trkpt lat="43.121914" lon="-115.648843" /><trkpt lat="43.111261" lon="-115.638972" /><trkpt lat="43.099062" lon="-115.623285" /><trkpt lat="43.095605" lon="-115.620491" /><trkpt lat="43.091104" lon="-115.617062" /><trkpt lat="43.08532" lon="-115.612524" /><trkpt lat="43.079467" lon="-115.607997" /><trkpt lat="43.072446" lon="-115.602273" /><trkpt lat="43.058652" lon="-115.589378" /><trkpt lat="43.051202" lon="-115.582445" /><trkpt lat="43.038068" lon="-115.5702" /><trkpt lat="43.030065" lon="-115.563131" /><trkpt lat="43.014959" lon="-115.553447" /><trkpt lat="43.006781" lon="-115.546482" /><trkpt lat="43.001921" lon="-115.538779" /><trkpt lat="42.995025" lon="-115.531466" /><trkpt lat="42.981356" lon="-115.513443" /><trkpt lat="42.97633" lon="-115.50686" /><trkpt lat="42.96747" lon="-115.495651" /><trkpt lat="42.959525" lon="-115.48518" /><trkpt lat="42.958285" lon="-115.477822" /><trkpt lat="42.958629" lon="-115.461425" /><trkpt lat="42.958387" lon="-115.455027" /><trkpt lat="42.957084" lon="-115.448584" /><trkpt lat="42.954198" lon="-115.441822" /><trkpt lat="42.948077" lon="-115.430496" /><trkpt lat="42.946127" lon="-115.423902" /><trkpt lat="42.945508" lon="-115.409392" /><trkpt lat="42.947748" lon="-115.396347" /><trkpt lat="42.949483" lon="-115.386002" /><trkpt lat="42.954212" lon="-115.37691" /><trkpt lat="42.956726" lon="-115.36793" /><trkpt lat="42.957443" lon="-115.359887" /><trkpt lat="42.957181" lon="-115.351743" /><trkpt lat="42.958551" lon="-115.345798" /><trkpt lat="42.964448" lon="-115.329931" /><trkpt lat="42.963177" lon="-115.321214" /><trkpt lat="42.961818" lon="-115.312502" /><trkpt lat="42.960023" lon="-115.300728" /><trkpt lat="42.959647" lon="-115.29429" /><trkpt lat="42.959898" lon="-115.288501" /><trkpt lat="42.960253" lon="-115.282639" /><trkpt lat="42.960974" lon="-115.270858" /><trkpt lat="42.961563" lon="-115.262508" /><trkpt lat="42.963312" lon="-115.25689" /><trkpt lat="42.966656" lon="-115.248119" /><trkpt lat="42.968551" lon="-115.241343" /><trkpt lat="42.971209" lon="-115.231818" /><trkpt lat="42.973277" lon="-115.222671" /><trkpt lat="42.973818" lon="-115.214668" /><trkpt lat="42.97381" lon="-115.207455" /><trkpt lat="42.972399" lon="-115.200002" /><trkpt lat="42.970156" lon="-115.194889" /><trkpt lat="42.964548" lon="-115.187999" /><trkpt lat="42.95994" lon="-115.183108" /><trkpt lat="42.956723" lon="-115.178032" /><trkpt lat="42.955508" lon="-115.172175" /><trkpt lat="42.954167" lon="-115.154906" /><trkpt lat="42.953017" lon="-115.140248" /><trkpt lat="42.951735" lon="-115.124525" /><trkpt lat="42.947979" lon="-115.107662" /><trkpt lat="42.943241" lon="-115.08996" /><trkpt lat="42.939421" lon="-115.075753" /><trkpt lat="42.938029" lon="-115.067392" /><trkpt lat="42.937799" lon="-115.057068" /><trkpt lat="42.937881" lon="-115.022897" /><trkpt lat="42.937945" lon="-114.996252" /><trkpt lat="42.937982" lon="-114.97761" /><trkpt lat="42.937882" lon="-114.958134" /><trkpt lat="42.935847" lon="-114.951801" /><trkpt lat="42.930817" lon="-114.944752" /><trkpt lat="42.924373" lon="-114.935819" /><trkpt lat="42.919606" lon="-114.927648" /><trkpt lat="42.915011" lon="-114.920727" /><trkpt lat="42.903311" lon="-114.905319" /><trkpt lat="42.893631" lon="-114.892614" /><trkpt lat="42.884313" lon="-114.880348" /><trkpt lat="42.874724" lon="-114.867693" /><trkpt lat="42.871958" lon="-114.862442" /><trkpt lat="42.869362" lon="-114.855974" /><trkpt lat="42.866304" lon="-114.851793" /><trkpt lat="42.862449" lon="-114.848185" /><trkpt lat="42.856598" lon="-114.844049" /><trkpt lat="42.853381" lon="-114.837946" /><trkpt lat="42.850696" lon="-114.831292" /><trkpt lat="42.838992" lon="-114.819389" /><trkpt lat="42.833633" lon="-114.812457" /><trkpt lat="42.824029" lon="-114.79526" /><trkpt lat="42.816682" lon="-114.783616" /><trkpt lat="42.807518" lon="-114.770176" /><trkpt lat="42.800856" lon="-114.760489" /><trkpt lat="42.787911" lon="-114.741654" /><trkpt lat="42.778315" lon="-114.728272" /><trkpt lat="42.775263" lon="-114.725605" /><trkpt lat="42.771448" lon="-114.71884" /><trkpt lat="42.768198" lon="-114.712212" /><trkpt lat="42.765362" lon="-114.700532" /><trkpt lat="42.762752" lon="-114.68711" /><trkpt lat="42.754269" lon="-114.658577" /><trkpt lat="42.747056" lon="-114.635024" /><trkpt lat="42.741887" lon="-114.616977" /><trkpt lat="42.736985" lon="-114.597116" /><trkpt lat="42.734283" lon="-114.580012" /><trkpt lat="42.731991" lon="-114.56458" /><trkpt lat="42.729711" lon="-114.55677" /><trkpt lat="42.725636" lon="-114.548552" /><trkpt lat="42.723318" lon="-114.545273" /><trkpt lat="42.716296" lon="-114.538515" /><trkpt lat="42.709752" lon="-114.533757" /><trkpt lat="42.702748" lon="-114.528662" /><trkpt lat="42.689708" lon="-114.519213" /><trkpt lat="42.68802" lon="-114.517997" /><trkpt lat="42.681481" lon="-114.512569" /><trkpt lat="42.679875" lon="-114.510743" /><trkpt lat="42.675605" lon="-114.505316" /><trkpt lat="42.671548" lon="-114.500083" /><trkpt lat="42.666168" lon="-114.493172" /><trkpt lat="42.660807" lon="-114.486259" /><trkpt lat="42.654408" lon="-114.477742" /><trkpt lat="42.650218" lon="-114.469326" /><trkpt lat="42.647033" lon="-114.460385" /><trkpt lat="42.64019" lon="-114.451181" /><trkpt lat="42.634245" lon="-114.447642" /><trkpt lat="42.620876" lon="-114.449774" /><trkpt lat="42.607276" lon="-114.452497" /><trkpt lat="42.602772" lon="-114.453059" /><trkpt lat="42.596623" lon="-114.455165" /><trkpt lat="42.59498" lon="-114.457728" /><trkpt lat="42.593422" lon="-114.459718" /><trkpt lat="42.591663" lon="-114.460066" /><trkpt lat="42.589715" lon="-114.46011" /><trkpt lat="42.586836" lon="-114.460182" /><trkpt lat="42.585389" lon="-114.460217" /><trkpt lat="42.58351" lon="-114.460253" /><trkpt lat="42.581579" lon="-114.460287" /><trkpt lat="42.579214" lon="-114.460329" /><trkpt lat="42.577958" lon="-114.460351" /><trkpt lat="42.576361" lon="-114.460348" /><trkpt lat="42.574821" lon="-114.46034" /><trkpt lat="42.572853" lon="-114.46033" /><trkpt lat="42.570783" lon="-114.460318" /><trkpt lat="42.569065" lon="-114.46031" /><trkpt lat="42.566716" lon="-114.460298" /><trkpt lat="42.563728" lon="-114.460375" /><trkpt lat="42.562084" lon="-114.46173" /><trkpt lat="42.560721" lon="-114.463556" /><trkpt lat="42.557976" lon="-114.467232" /><trkpt lat="42.556879" lon="-114.468702" /><trkpt lat="42.55586" lon="-114.470073" /><trkpt lat="42.553452" lon="-114.473284" /><trkpt lat="42.551134" lon="-114.47634" /><trkpt lat="42.549316" lon="-114.478945" /><trkpt lat="42.547109" lon="-114.47958" /><trkpt lat="42.542772" lon="-114.479533" /><trkpt lat="42.538987" lon="-114.479553" /><trkpt lat="42.534095" lon="-114.479554" /><trkpt lat="42.5305" lon="-114.479593" /><trkpt lat="42.521944" lon="-114.479675" /><trkpt lat="42.520168" lon="-114.481138" /><trkpt lat="42.520235" lon="-114.489454" /><trkpt lat="42.520343" lon="-114.499199" /><trkpt lat="42.520286" lon="-114.515998" /><trkpt lat="42.520283" lon="-114.540468" /><trkpt lat="42.520276" lon="-114.567342" /><trkpt lat="42.519086" lon="-114.569412" /><trkpt lat="42.513769" lon="-114.574292" /><trkpt lat="42.506738" lon="-114.574773" /><trkpt lat="42.485609" lon="-114.574665" /><trkpt lat="42.474954" lon="-114.574676" /><trkpt lat="42.462161" lon="-114.574713" /><trkpt lat="42.444019" lon="-114.574749" /><trkpt lat="42.432615" lon="-114.574748" /><trkpt lat="42.418577" lon="-114.574725" /><trkpt lat="42.404128" lon="-114.574785" /><trkpt lat="42.389496" lon="-114.574718" /><trkpt lat="42.381792" lon="-114.573514" /><trkpt lat="42.373922" lon="-114.574589" /><trkpt lat="42.363596" lon="-114.575045" /><trkpt lat="42.355877" lon="-114.5748" /><trkpt lat="42.3528" lon="-114.574801" /><trkpt lat="42.342814" lon="-114.574776" /><trkpt lat="42.332618" lon="-114.574763" /><trkpt lat="42.317082" lon="-114.574763" /><trkpt lat="42.293018" lon="-114.57471" /><trkpt lat="42.265335" lon="-114.574687" /><trkpt lat="42.248324" lon="-114.574888" /><trkpt lat="42.24026" lon="-114.577523" /><trkpt lat="42.230144" lon="-114.583892" /><trkpt lat="42.21734" lon="-114.59223" /><trkpt lat="42.208404" lon="-114.600485" /><trkpt lat="42.198013" lon="-114.611453" /><trkpt lat="42.189822" lon="-114.620106" /><trkpt lat="42.182478" lon="-114.628756" /><trkpt lat="42.179851" lon="-114.635378" /><trkpt lat="42.175533" lon="-114.654542" /><trkpt lat="42.171592" lon="-114.661727" /><trkpt lat="42.162722" lon="-114.669035" /><trkpt lat="42.145216" lon="-114.681854" /><trkpt lat="42.13913" lon="-114.683997" /><trkpt lat="42.121409" lon="-114.686383" /><trkpt lat="42.106603" lon="-114.688176" /><trkpt lat="42.101129" lon="-114.685929" /><trkpt lat="42.084675" lon="-114.679246" /><trkpt lat="42.073671" lon="-114.67688" /><trkpt lat="42.06157" lon="-114.675147" /><trkpt lat="42.045616" lon="-114.674026" /><trkpt lat="42.022663" lon="-114.673586" /><trkpt lat="42.0122" lon="-114.67331" /><trkpt lat="42.006298" lon="-114.671608" /><trkpt lat="41.999235" lon="-114.669579" /><trkpt lat="41.995374" lon="-114.669306" /><trkpt lat="41.992774" lon="-114.669619" /><trkpt lat="41.988894" lon="-114.670762" /><trkpt lat="41.985936" lon="-114.671817" /><trkpt lat="41.982717" lon="-114.672968" /><trkpt lat="41.980024" lon="-114.673765" /><trkpt lat="41.978389" lon="-114.674068" /><trkpt lat="41.974689" lon="-114.674456" /><trkpt lat="41.965344" lon="-114.67538" /><trkpt lat="41.957543" lon="-114.676372" /><trkpt lat="41.953297" lon="-114.678736" /><trkpt lat="41.948233" lon="-114.68369" /><trkpt lat="41.943883" lon="-114.686912" /><trkpt lat="41.934534" lon="-114.691809" /><trkpt lat="41.924911" lon="-114.695846" /><trkpt lat="41.915821" lon="-114.699005" /><trkpt lat="41.906949" lon="-114.702065" /><trkpt lat="41.894998" lon="-114.706223" /><trkpt lat="41.884463" lon="-114.709452" /><trkpt lat="41.870439" lon="-114.711221" /><trkpt lat="41.8593" lon="-114.712627" /><trkpt lat="41.852038" lon="-114.713612" /><trkpt lat="41.844746" lon="-114.716446" /><trkpt lat="41.832852" lon="-114.7224" /><trkpt lat="41.821585" lon="-114.728044" /><trkpt lat="41.801442" lon="-114.736778" /><trkpt lat="41.791314" lon="-114.741483" /><trkpt lat="41.783524" lon="-114.745978" /><trkpt lat="41.774647" lon="-114.75075" /><trkpt lat="41.770102" lon="-114.752954" /><trkpt lat="41.762068" lon="-114.756869" /><trkpt lat="41.75442" lon="-114.761333" /><trkpt lat="41.748395" lon="-114.767773" /><trkpt lat="41.743287" lon="-114.773706" /><trkpt lat="41.740565" lon="-114.779016" /><trkpt lat="41.737112" lon="-114.786414" /><trkpt lat="41.732855" lon="-114.790976" /><trkpt lat="41.723385" lon="-114.7999" /><trkpt lat="41.711195" lon="-114.81133" /><trkpt lat="41.70364" lon="-114.818461" /><trkpt lat="41.696071" lon="-114.82459" /><trkpt lat="41.689362" lon="-114.827095" /><trkpt lat="41.677139" lon="-114.828841" /><trkpt lat="41.671172" lon="-114.828997" /><trkpt lat="41.664866" lon="-114.827258" /><trkpt lat="41.650501" lon="-114.82064" /><trkpt lat="41.635546" lon="-114.813725" /><trkpt lat="41.621115" lon="-114.807102" /><trkpt lat="41.602891" lon="-114.798772" /><trkpt lat="41.590205" lon="-114.795654" /><trkpt lat="41.566205" lon="-114.79011" /><trkpt lat="41.550907" lon="-114.785457" /><trkpt lat="41.538336" lon="-114.78178" /><trkpt lat="41.529681" lon="-114.776166" /><trkpt lat="41.519879" lon="-114.76962" /><trkpt lat="41.501028" lon="-114.765416" /><trkpt lat="41.486966" lon="-114.76282" /><trkpt lat="41.473418" lon="-114.760312" /><trkpt lat="41.453411" lon="-114.756624" /><trkpt lat="41.438436" lon="-114.753852" /><trkpt lat="41.423738" lon="-114.751153" /><trkpt lat="41.417333" lon="-114.749971" /><trkpt lat="41.41241" lon="-114.749755" /><trkpt lat="41.408022" lon="-114.752229" /><trkpt lat="41.379897" lon="-114.777678" /><trkpt lat="41.376202" lon="-114.782753" /><trkpt lat="41.370341" lon="-114.79412" /><trkpt lat="41.367663" lon="-114.79723" /><trkpt lat="41.355148" lon="-114.803189" /><trkpt lat="41.348694" lon="-114.805475" /><trkpt lat="41.345226" lon="-114.807608" /><trkpt lat="41.333927" lon="-114.81611" /><trkpt lat="41.328252" lon="-114.819621" /><trkpt lat="41.323182" lon="-114.820762" /><trkpt lat="41.308902" lon="-114.822488" /><trkpt lat="41.292077" lon="-114.824508" /><trkpt lat="41.281089" lon="-114.82584" /><trkpt lat="41.26596" lon="-114.827646" /><trkpt lat="41.254927" lon="-114.82915" /><trkpt lat="41.239029" lon="-114.835241" /><trkpt lat="41.216475" lon="-114.8439" /><trkpt lat="41.211247" lon="-114.846775" /><trkpt lat="41.20647" lon="-114.852485" /><trkpt lat="41.193648" lon="-114.867678" /><trkpt lat="41.189269" lon="-114.871854" /><trkpt lat="41.180245" lon="-114.876599" /><trkpt lat="41.17077" lon="-114.882989" /><trkpt lat="41.147372" lon="-114.90646" /><trkpt lat="41.131346" lon="-114.922557" /><trkpt lat="41.117495" lon="-114.936485" /><trkpt lat="41.111765" lon="-114.943909" /><trkpt lat="41.106556" lon="-114.950891" /><trkpt lat="41.101967" lon="-114.956692" /><trkpt lat="41.102534" lon="-114.958736" /><trkpt lat="41.10452" lon="-114.960893" /><trkpt lat="41.107191" lon="-114.961144" /><trkpt lat="41.109309" lon="-114.961931" /><trkpt lat="41.110838" lon="-114.963004" /><trkpt lat="41.1097" lon="-114.962394" /><trkpt lat="41.107939" lon="-114.961188" /><trkpt lat="41.105742" lon="-114.961258" /><trkpt lat="41.103622" lon="-114.960268" /><trkpt lat="41.102426" lon="-114.958475" /><trkpt lat="41.101682" lon="-114.95686" /><trkpt lat="41.099703" lon="-114.957966" /><trkpt lat="41.098033" lon="-114.958858" /><trkpt lat="41.092549" lon="-114.961816" /><trkpt lat="41.088233" lon="-114.963492" /><trkpt lat="41.083746" lon="-114.964195" /><trkpt lat="41.042715" lon="-114.964096" /><trkpt lat="41.02331" lon="-114.964019" /><trkpt lat="40.992696" lon="-114.963856" /><trkpt lat="40.977365" lon="-114.963789" /><trkpt lat="40.942996" lon="-114.96362" /><trkpt lat="40.904464" lon="-114.963442" /><trkpt lat="40.894033" lon="-114.963893" /><trkpt lat="40.890145" lon="-114.965123" /><trkpt lat="40.877437" lon="-114.971854" /><trkpt lat="40.85952" lon="-114.981489" /><trkpt lat="40.849306" lon="-114.986981" /><trkpt lat="40.832655" lon="-114.995927" /><trkpt lat="40.814921" lon="-115.005466" /><trkpt lat="40.779341" lon="-115.024604" /><trkpt lat="40.757954" lon="-115.036089" /><trkpt lat="40.75475" lon="-115.036742" /><trkpt lat="40.749671" lon="-115.036725" /><trkpt lat="40.740531" lon="-115.036306" /><trkpt lat="40.73224" lon="-115.032945" /><trkpt lat="40.713905" lon="-115.025329" /><trkpt lat="40.698778" lon="-115.019049" /><trkpt lat="40.657731" lon="-115.00203" /><trkpt lat="40.644993" lon="-114.996746" /><trkpt lat="40.634579" lon="-114.992391" /><trkpt lat="40.622099" lon="-114.987236" /><trkpt lat="40.605173" lon="-114.980237" /><trkpt lat="40.592261" lon="-114.974891" /><trkpt lat="40.566379" lon="-114.964178" /><trkpt lat="40.548518" lon="-114.956812" /><trkpt lat="40.539117" lon="-114.952407" /><trkpt lat="40.534081" lon="-114.948203" /><trkpt lat="40.523059" lon="-114.937694" /><trkpt lat="40.516515" lon="-114.931524" /><trkpt lat="40.504956" lon="-114.920628" /><trkpt lat="40.493215" lon="-114.909545" /><trkpt lat="40.483057" lon="-114.899909" /><trkpt lat="40.467406" lon="-114.885096" /><trkpt lat="40.451995" lon="-114.870433" /><trkpt lat="40.430956" lon="-114.850618" /><trkpt lat="40.414097" lon="-114.834669" /><trkpt lat="40.397127" lon="-114.820831" /><trkpt lat="40.380877" lon="-114.812149" /><trkpt lat="40.353361" lon="-114.797511" /><trkpt lat="40.338576" lon="-114.789683" /><trkpt lat="40.315634" lon="-114.777484" /><trkpt lat="40.299313" lon="-114.76884" /><trkpt lat="40.274966" lon="-114.755925" /><trkpt lat="40.267714" lon="-114.750148" /><trkpt lat="40.266251" lon="-114.74761" /><trkpt lat="40.264521" lon="-114.744359" /><trkpt lat="40.262296" lon="-114.741552" /><trkpt lat="40.25508" lon="-114.735523" /><trkpt lat="40.250348" lon="-114.731665" /><trkpt lat="40.240243" lon="-114.722978" /><trkpt lat="40.220366" lon="-114.704771" /><trkpt lat="40.207777" lon="-114.693232" /><trkpt lat="40.19904" lon="-114.685205" /><trkpt lat="40.181595" lon="-114.66924" /><trkpt lat="40.162467" lon="-114.651747" /><trkpt lat="40.151155" lon="-114.645713" /><trkpt lat="40.138428" lon="-114.64101" /><trkpt lat="40.120305" lon="-114.634301" /><trkpt lat="40.103294" lon="-114.628012" /><trkpt lat="40.087677" lon="-114.622237" /><trkpt lat="40.078552" lon="-114.618854" /><trkpt lat="40.068269" lon="-114.615057" /><trkpt lat="40.061422" lon="-114.619707" /><trkpt lat="40.049423" lon="-114.637782" /><trkpt lat="40.039306" lon="-114.645905" /><trkpt lat="40.017427" lon="-114.661252" /><trkpt lat="40.003238" lon="-114.671237" /><trkpt lat="39.99483" lon="-114.677227" /><trkpt lat="39.991226" lon="-114.679738" /><trkpt lat="39.988196" lon="-114.68142" /><trkpt lat="39.984384" lon="-114.683342" /><trkpt lat="39.975534" lon="-114.687799" /><trkpt lat="39.959433" lon="-114.695898" /><trkpt lat="39.943925" lon="-114.703655" /><trkpt lat="39.929714" lon="-114.710808" /><trkpt lat="39.9139" lon="-114.71876" /><trkpt lat="39.899338" lon="-114.726067" /><trkpt lat="39.889108" lon="-114.731189" /><trkpt lat="39.88482" lon="-114.73269" /><trkpt lat="39.879133" lon="-114.73348" /><trkpt lat="39.867341" lon="-114.734716" /><trkpt lat="39.854295" lon="-114.736087" /><trkpt lat="39.848235" lon="-114.736737" /><trkpt lat="39.830798" lon="-114.738568" /><trkpt lat="39.810213" lon="-114.740735" /><trkpt lat="39.789196" lon="-114.742942" /><trkpt lat="39.781695" lon="-114.743723" /><trkpt lat="39.765732" lon="-114.745381" /><trkpt lat="39.75744" lon="-114.746252" /><trkpt lat="39.745997" lon="-114.747456" /><trkpt lat="39.732816" lon="-114.748829" /><trkpt lat="39.724858" lon="-114.749659" /><trkpt lat="39.709841" lon="-114.751224" /><trkpt lat="39.698423" lon="-114.752428" /><trkpt lat="39.682722" lon="-114.754075" /><trkpt lat="39.66792" lon="-114.755623" /><trkpt lat="39.658327" lon="-114.756313" /><trkpt lat="39.634547" lon="-114.757796" /><trkpt lat="39.626207" lon="-114.758308" /><trkpt lat="39.619064" lon="-114.758801" /><trkpt lat="39.609153" lon="-114.759399" /><trkpt lat="39.588889" lon="-114.760643" /><trkpt lat="39.577989" lon="-114.761375" /><trkpt lat="39.559507" lon="-114.76254" /><trkpt lat="39.54468" lon="-114.763465" /><trkpt lat="39.530869" lon="-114.76426" /><trkpt lat="39.524206" lon="-114.764685" /><trkpt lat="39.501862" lon="-114.766114" /><trkpt lat="39.47611" lon="-114.767751" /><trkpt lat="39.45102" lon="-114.769242" /><trkpt lat="39.42543" lon="-114.770898" /><trkpt lat="39.417903" lon="-114.772883" /><trkpt lat="39.41161" lon="-114.775736" /><trkpt lat="39.408873" lon="-114.776981" /><trkpt lat="39.405558" lon="-114.778546" /><trkpt lat="39.402159" lon="-114.780216" /><trkpt lat="39.398146" lon="-114.782525" /><trkpt lat="39.392339" lon="-114.786485" /><trkpt lat="39.38638" lon="-114.79012" /><trkpt lat="39.374904" lon="-114.794128" /><trkpt lat="39.362012" lon="-114.798584" /><trkpt lat="39.347221" lon="-114.803667" /><trkpt lat="39.339754" lon="-114.807057" /><trkpt lat="39.332433" lon="-114.811884" /><trkpt lat="39.320391" lon="-114.819814" /><trkpt lat="39.3142" lon="-114.823884" /><trkpt lat="39.303278" lon="-114.831071" /><trkpt lat="39.290674" lon="-114.839386" /><trkpt lat="39.283994" lon="-114.843745" /><trkpt lat="39.26902" lon="-114.85359" /><trkpt lat="39.261188" lon="-114.857046" /><trkpt lat="39.260054" lon="-114.857717" /><trkpt lat="39.258272" lon="-114.859749" /><trkpt lat="39.257296" lon="-114.861847" /><trkpt lat="39.255583" lon="-114.867295" /><trkpt lat="39.25373" lon="-114.873119" /><trkpt lat="39.25318" lon="-114.874955" /><trkpt lat="39.25286" lon="-114.877657" /><trkpt lat="39.25086" lon="-114.881578" /><trkpt lat="39.249873" lon="-114.88329" /><trkpt lat="39.249212" lon="-114.884989" /><trkpt lat="39.248801" lon="-114.887768" /><trkpt lat="39.248358" lon="-114.890755" /><trkpt lat="39.248043" lon="-114.891821" /><trkpt lat="39.247283" lon="-114.894885" /><trkpt lat="39.24087" lon="-114.894938" /><trkpt lat="39.233138" lon="-114.896161" /><trkpt lat="39.227975" lon="-114.899664" /><trkpt lat="39.226855" lon="-114.906899" /><trkpt lat="39.228543" lon="-114.9162" /><trkpt lat="39.227113" lon="-114.926477" /><trkpt lat="39.22009" lon="-114.937328" /><trkpt lat="39.220765" lon="-114.945217" /><trkpt lat="39.221298" lon="-114.962263" /><trkpt lat="39.213813" lon="-114.973294" /><trkpt lat="39.211445" lon="-114.980906" /><trkpt lat="39.198493" lon="-115.000099" /><trkpt lat="39.056761" lon="-115.092297" /><trkpt lat="38.983153" lon="-115.116175" /><trkpt lat="38.927749" lon="-115.059887" /><trkpt lat="38.897554" lon="-115.027849" /><trkpt lat="38.88049" lon="-115.015931" /><trkpt lat="38.866915" lon="-115.008075" /><trkpt lat="38.852479" lon="-115.007827" /><trkpt lat="38.838485" lon="-115.010239" /><trkpt lat="38.822765" lon="-115.014007" /><trkpt lat="38.778851" lon="-115.015257" /><trkpt lat="38.760238" lon="-115.022338" /><trkpt lat="38.734045" lon="-115.034901" /><trkpt lat="38.701231" lon="-115.050611" /><trkpt lat="38.679037" lon="-115.059332" /><trkpt lat="38.657397" lon="-115.061997" /><trkpt lat="38.62658" lon="-115.048222" /><trkpt lat="38.608803" lon="-115.043473" /><trkpt lat="38.584198" lon="-115.038477" /><trkpt lat="38.552236" lon="-115.031999" /><trkpt lat="38.527502" lon="-115.026979" /><trkpt lat="38.499782" lon="-115.021371" /><trkpt lat="38.457398" lon="-115.012815" /><trkpt lat="38.439598" lon="-115.010197" /><trkpt lat="38.423269" lon="-115.021108" /><trkpt lat="38.397008" lon="-115.031991" /><trkpt lat="38.371312" lon="-115.03706" /><trkpt lat="38.336431" lon="-115.043861" /><trkpt lat="38.323849" lon="-115.042596" /><trkpt lat="38.308012" lon="-115.033142" /><trkpt lat="38.294182" lon="-115.029099" /><trkpt lat="38.245715" lon="-115.018969" /><trkpt lat="38.220594" lon="-115.013759" /><trkpt lat="38.205538" lon="-115.010641" /><trkpt lat="38.186763" lon="-115.006705" /><trkpt lat="38.165268" lon="-115.002281" /><trkpt lat="38.148423" lon="-114.999629" /><trkpt lat="38.122606" lon="-114.999446" /><trkpt lat="38.105623" lon="-114.9993" /><trkpt lat="38.098917" lon="-114.998165" /><trkpt lat="38.088401" lon="-114.987946" /><trkpt lat="38.077274" lon="-114.980355" /><trkpt lat="38.051574" lon="-114.970714" /><trkpt lat="38.039602" lon="-114.967224" /><trkpt lat="38.017916" lon="-114.963106" /><trkpt lat="38.00524" lon="-114.962786" /><trkpt lat="37.990885" lon="-114.964872" /><trkpt lat="37.971775" lon="-114.971983" /><trkpt lat="37.955641" lon="-114.978309" /><trkpt lat="37.942837" lon="-114.978998" /><trkpt lat="37.931748" lon="-114.98219" /><trkpt lat="37.917916" lon="-114.99013" /><trkpt lat="37.906531" lon="-114.997837" /><trkpt lat="37.897568" lon="-115.004422" /><trkpt lat="37.882568" lon="-115.010666" /><trkpt lat="37.87049" lon="-115.014343" /><trkpt lat="37.858886" lon="-115.01359" /><trkpt lat="37.851367" lon="-115.016759" /><trkpt lat="37.846669" lon="-115.023543" /><trkpt lat="37.841712" lon="-115.026867" /><trkpt lat="37.836736" lon="-115.034287" /><trkpt lat="37.835484" lon="-115.043407" /><trkpt lat="37.827262" lon="-115.05165" /><trkpt lat="37.813526" lon="-115.064104" /><trkpt lat="37.800718" lon="-115.07322" /><trkpt lat="37.783761" lon="-115.084869" /><trkpt lat="37.765842" lon="-115.097137" /><trkpt lat="37.751642" lon="-115.108548" /><trkpt lat="37.737399" lon="-115.121357" /><trkpt lat="37.718394" lon="-115.144014" /><trkpt lat="37.705229" lon="-115.160611" /><trkpt lat="37.693529" lon="-115.175471" /><trkpt lat="37.688872" lon="-115.186" /><trkpt lat="37.679658" lon="-115.193798" /><trkpt lat="37.655493" lon="-115.206466" /><trkpt lat="37.636964" lon="-115.216274" /><trkpt lat="37.619007" lon="-115.225608" /><trkpt lat="37.606791" lon="-115.228293" /><trkpt lat="37.598874" lon="-115.224293" /><trkpt lat="37.590215" lon="-115.224471" /><trkpt lat="37.578231" lon="-115.228439" /><trkpt lat="37.567191" lon="-115.231363" /><trkpt lat="37.551001" lon="-115.231943" /><trkpt lat="37.535192" lon="-115.234816" /><trkpt lat="37.529005" lon="-115.220147" /><trkpt lat="37.52399" lon="-115.221608" /><trkpt lat="37.511196" lon="-115.213226" /><trkpt lat="37.490766" lon="-115.203521" /><trkpt lat="37.474912" lon="-115.196109" /><trkpt lat="37.463481" lon="-115.19384" /><trkpt lat="37.458772" lon="-115.193563" /><trkpt lat="37.442323" lon="-115.18413" /><trkpt lat="37.421851" lon="-115.175155" /><trkpt lat="37.395367" lon="-115.164576" /><trkpt lat="37.380463" lon="-115.159726" /><trkpt lat="37.364584" lon="-115.159658" /><trkpt lat="37.358845" lon="-115.156845" /><trkpt lat="37.344219" lon="-115.148234" /><trkpt lat="37.333353" lon="-115.140158" /><trkpt lat="37.31962" lon="-115.132212" /><trkpt lat="37.309677" lon="-115.12382" /><trkpt lat="37.300373" lon="-115.120507" /><trkpt lat="37.286793" lon="-115.118019" /><trkpt lat="37.279626" lon="-115.118985" /><trkpt lat="37.264396" lon="-115.109719" /><trkpt lat="37.250509" lon="-115.103249" /><trkpt lat="37.236713" lon="-115.095743" /><trkpt lat="37.223317" lon="-115.080923" /><trkpt lat="37.210868" lon="-115.066603" /><trkpt lat="37.203897" lon="-115.049545" /><trkpt lat="37.192952" lon="-115.036753" /><trkpt lat="37.188275" lon="-115.020236" /><trkpt lat="37.181907" lon="-115.015313" /><trkpt lat="37.167946" lon="-115.010164" /><trkpt lat="37.153884" lon="-115.007038" /><trkpt lat="37.125778" lon="-115.000998" /><trkpt lat="37.101944" lon="-114.99585" /><trkpt lat="37.057571" lon="-114.986615" /><trkpt lat="37.013757" lon="-114.981603" /><trkpt lat="36.988898" lon="-114.978748" /><trkpt lat="36.969926" lon="-114.976507" /><trkpt lat="36.94576" lon="-114.972278" /><trkpt lat="36.92279" lon="-114.968237" /><trkpt lat="36.903796" lon="-114.964901" /><trkpt lat="36.87631" lon="-114.9601" /><trkpt lat="36.855509" lon="-114.956454" /><trkpt lat="36.64398" lon="-114.919586" /><trkpt lat="36.546445" lon="-114.933776" /><trkpt lat="36.439026" lon="-114.959965" /><trkpt lat="36.428837" lon="-114.950556" /><trkpt lat="36.388862" lon="-114.902254" /><trkpt lat="36.382513" lon="-114.8947" /><trkpt lat="36.381033" lon="-114.892715" /><trkpt lat="36.376875" lon="-114.894354" /><trkpt lat="36.35561" lon="-114.903586" /><trkpt lat="36.328628" lon="-114.924499" /><trkpt lat="36.313814" lon="-114.944986" /><trkpt lat="36.292897" lon="-114.999337" /><trkpt lat="36.27042" lon="-115.059175" /><trkpt lat="36.267252" lon="-115.067293" /><trkpt lat="36.265324" lon="-115.070866" /><trkpt lat="36.262802" lon="-115.074413" /><trkpt lat="36.240179" lon="-115.102074" /><trkpt lat="36.223659" lon="-115.119817" /><trkpt lat="36.203834" lon="-115.134372" /><trkpt lat="36.197694" lon="-115.139337" /><trkpt lat="36.195776" lon="-115.137708" /><trkpt lat="36.195783" lon="-115.13718" /><trkpt lat="36.195787" lon="-115.136877" /><trkpt lat="36.19579" lon="-115.136703" /><trkpt lat="36.1958" lon="-115.135813" /><trkpt lat="36.195805" lon="-115.135614" /><trkpt lat="36.195806" lon="-115.134911" /><trkpt lat="36.195805" lon="-115.134801" /><trkpt lat="36.195801" lon="-115.134381" /><trkpt lat="36.1958" lon="-115.134218" /><trkpt lat="36.19564" lon="-115.134224" /><trkpt lat="36.194232" lon="-115.134273" /><trkpt lat="36.194009" lon="-115.134281" /><trkpt lat="36.193681" lon="-115.134286" /><trkpt lat="36.19325" lon="-115.134293" /><trkpt lat="36.192391" lon="-115.134293" /><trkpt lat="36.192286" lon="-115.134281" /><trkpt lat="36.192118" lon="-115.134232" /><trkpt lat="36.191992" lon="-115.134192" /><trkpt lat="36.191741" lon="-115.134104" /><trkpt lat="36.191641" lon="-115.134073" /><trkpt lat="36.191466" lon="-115.134018" /><trkpt lat="36.191318" lon="-115.13399" /><trkpt lat="36.191254" lon="-115.133991" /><trkpt lat="36.190946" lon="-115.134011" /><trkpt lat="36.190598" lon="-115.134076" /><trkpt lat="36.19027" lon="-115.134109" /><trkpt lat="36.18985" lon="-115.134106" /><trkpt lat="36.1896" lon="-115.134109" /><trkpt lat="36.189236" lon="-115.134119" /><trkpt lat="36.188881" lon="-115.134128" /><trkpt lat="36.188578" lon="-115.134131" /><trkpt lat="36.188551" lon="-115.134131" /><trkpt lat="36.188403" lon="-115.134133" /><trkpt lat="36.188328" lon="-115.134134" /><trkpt lat="36.188146" lon="-115.134135" /><trkpt lat="36.187752" lon="-115.134139" /><trkpt lat="36.187509" lon="-115.134087" /><trkpt lat="36.18732" lon="-115.134073" /><trkpt lat="36.186909" lon="-115.134066" /><trkpt lat="36.186353" lon="-115.134056" /><trkpt lat="36.186278" lon="-115.134055" /><trkpt lat="36.186195" lon="-115.134054" /><trkpt lat="36.186192" lon="-115.134054" /><trkpt lat="36.185776" lon="-115.134051" /><trkpt lat="36.18576" lon="-115.134051" /><trkpt lat="36.184669" lon="-115.134038" /><trkpt lat="36.183917" lon="-115.134032" /><trkpt lat="36.18329" lon="-115.134028" /><trkpt lat="36.183056" lon="-115.134027" /><trkpt lat="36.18304" lon="-115.134026" /><trkpt lat="36.18269" lon="-115.134018" /><trkpt lat="36.18256" lon="-115.134019" /><trkpt lat="36.182134" lon="-115.134027" /><trkpt lat="36.18201" lon="-115.13411" /><trkpt lat="36.181663" lon="-115.134153" /><trkpt lat="36.181385" lon="-115.134196" /><trkpt lat="36.181379" lon="-115.134197" /><trkpt lat="36.181264" lon="-115.134223" /><trkpt lat="36.181134" lon="-115.134254" /><trkpt lat="36.180943" lon="-115.1343" /><trkpt lat="36.180679" lon="-115.13437" /><trkpt lat="36.180106" lon="-115.134567" /><trkpt lat="36.180004" lon="-115.134606" /><trkpt lat="36.179281" lon="-115.134879" /><trkpt lat="36.179237" lon="-115.134896" /><trkpt lat="36.179197" lon="-115.134911" /><trkpt lat="36.179042" lon="-115.134968" /><trkpt lat="36.178715" lon="-115.13509" /><trkpt lat="36.17808" lon="-115.135327" /><trkpt lat="36.178036" lon="-115.135347" /><trkpt lat="36.177762" lon="-115.135469" /><trkpt lat="36.177629" lon="-115.13553" /><trkpt lat="36.177482" lon="-115.135603" /><trkpt lat="36.177398" lon="-115.135647" /><trkpt lat="36.177033" lon="-115.135843" /><trkpt lat="36.176437" lon="-115.136195" /><trkpt lat="36.176223" lon="-115.13633" /><trkpt lat="36.175943" lon="-115.136508" /><trkpt lat="36.175919" lon="-115.136523" /><trkpt lat="36.175363" lon="-115.136899" /><trkpt lat="36.175295" lon="-115.136944" /><trkpt lat="36.175037" lon="-115.137116" /><trkpt lat="36.174934" lon="-115.137185" /><trkpt lat="36.174845" lon="-115.136966" /><trkpt lat="36.174835" lon="-115.136943" /><trkpt lat="36.174799" lon="-115.136861" /><trkpt lat="36.174677" lon="-115.136582" /><trkpt lat="36.174639" lon="-115.136493" /><trkpt lat="36.174434" lon="-115.136026" /><trkpt lat="36.174255" lon="-115.135614" /><trkpt lat="36.174111" lon="-115.135383" /><trkpt lat="36.174059" lon="-115.135207" /><trkpt lat="36.174006" lon="-115.134877" /><trkpt lat="36.173995" lon="-115.13471" /><trkpt lat="36.173993" lon="-115.134442" /><trkpt lat="36.173991" lon="-115.134121" /><trkpt lat="36.17399" lon="-115.13403" /><trkpt lat="36.17404" lon="-115.133355" /><trkpt lat="36.174038" lon="-115.133311" /><trkpt lat="36.17404" lon="-115.132668" /><trkpt lat="36.17404" lon="-115.132478" /><trkpt lat="36.174035" lon="-115.131388" /><trkpt lat="36.173983" lon="-115.131247" /><trkpt lat="36.173982" lon="-115.130821" /><trkpt lat="36.173982" lon="-115.130668" /><trkpt lat="36.173913" lon="-115.130669" /><trkpt lat="36.173598" lon="-115.130668" /><trkpt lat="36.173482" lon="-115.130656" /><trkpt lat="36.173134" lon="-115.130556" /><trkpt lat="36.172639" lon="-115.130303" /><trkpt lat="36.172373" lon="-115.130166" /><trkpt lat="36.172372" lon="-115.130166" /><trkpt lat="36.172237" lon="-115.130104" /><trkpt lat="36.171896" lon="-115.129978" /><trkpt lat="36.171662" lon="-115.12996" /><trkpt lat="36.171379" lon="-115.129963" /><trkpt lat="36.171129" lon="-115.129961" /><trkpt lat="36.170957" lon="-115.12996" /><trkpt lat="36.170455" lon="-115.129965" /><trkpt lat="36.170352" lon="-115.129971" /><trkpt lat="36.170342" lon="-115.129972" /><trkpt lat="36.170234" lon="-115.129986" /><trkpt lat="36.170102" lon="-115.130008" /><trkpt lat="36.169988" lon="-115.130035" /><trkpt lat="36.169873" lon="-115.130075" /><trkpt lat="36.169816" lon="-115.130099" /><trkpt lat="36.169636" lon="-115.130185" /><trkpt lat="36.16954" lon="-115.130242" /><trkpt lat="36.169233" lon="-115.130436" /><trkpt lat="36.169108" lon="-115.130518" /><trkpt lat="36.168632" lon="-115.130828" /><trkpt lat="36.168305" lon="-115.131039" /><trkpt lat="36.168245" lon="-115.131079" /><trkpt lat="36.168134" lon="-115.13115" /><trkpt lat="36.168059" lon="-115.1312" /><trkpt lat="36.167798" lon="-115.131374" /><trkpt lat="36.16757" lon="-115.131525" /><trkpt lat="36.167069" lon="-115.131855" /><trkpt lat="36.166971" lon="-115.13192" /><trkpt lat="36.166239" lon="-115.132403" /><trkpt lat="36.16594" lon="-115.132594" /><trkpt lat="36.165921" lon="-115.132607" /><trkpt lat="36.165751" lon="-115.132716" /><trkpt lat="36.165703" lon="-115.132748" /><trkpt lat="36.165181" lon="-115.133094" /><trkpt lat="36.164754" lon="-115.133377" /><trkpt lat="36.164647" lon="-115.133447" /><trkpt lat="36.164552" lon="-115.133509" /><trkpt lat="36.163564" lon="-115.134154" /><trkpt lat="36.163476" lon="-115.134211" /><trkpt lat="36.163381" lon="-115.134273" /><trkpt lat="36.162369" lon="-115.134934" /><trkpt lat="36.162324" lon="-115.134963" /><trkpt lat="36.162211" lon="-115.135041" /><trkpt lat="36.161809" lon="-115.135326" /><trkpt lat="36.161713" lon="-115.135393" /><trkpt lat="36.161277" lon="-115.135713" /><trkpt lat="36.161176" lon="-115.135794" /><trkpt lat="36.160746" lon="-115.136077" /><trkpt lat="36.159048" lon="-115.137032" /><trkpt lat="36.158933" lon="-115.138654" /><trkpt lat="36.158914" lon="-115.140878" /><trkpt lat="36.158906" lon="-115.145147" /><trkpt lat="36.158924" lon="-115.14832" /><trkpt lat="36.158893" lon="-115.150797" /><trkpt lat="36.158907" lon="-115.153638" /><trkpt lat="36.158954" lon="-115.157456" /><trkpt lat="36.159264" lon="-115.159773" /><trkpt lat="36.160795" lon="-115.160224" /><trkpt lat="36.165908" lon="-115.159896" /><trkpt lat="36.168959" lon="-115.158633" /><trkpt lat="36.172656" lon="-115.156313" /><trkpt lat="36.174963" lon="-115.154038" /><trkpt lat="36.177409" lon="-115.150613" /><trkpt lat="36.181166" lon="-115.14479" /><trkpt lat="36.183882" lon="-115.143561" /><trkpt lat="36.187152" lon="-115.14343" /><trkpt lat="36.19051" lon="-115.141899" /><trkpt lat="36.199618" lon="-115.136866" /><trkpt lat="36.217691" lon="-115.123884" /><trkpt lat="36.233582" lon="-115.109703" /><trkpt lat="36.245116" lon="-115.095552" /><trkpt lat="36.263571" lon="-115.072938" /><trkpt lat="36.26554" lon="-115.069897" /><trkpt lat="36.267072" lon="-115.066898" /><trkpt lat="36.269293" lon="-115.061213" /><trkpt lat="36.290029" lon="-115.005865" /><trkpt lat="36.313515" lon="-114.944889" /><trkpt lat="36.32324" lon="-114.933349" /><trkpt lat="36.336834" lon="-114.91721" /><trkpt lat="36.36318" lon="-114.902315" /><trkpt lat="36.382759" lon="-114.890359" /><trkpt lat="36.469353" lon="-114.824987" /><trkpt lat="36.505803" lon="-114.754514" /><trkpt lat="36.550749" lon="-114.698028" /><trkpt lat="36.590738" lon="-114.647153" /><trkpt lat="36.621383" lon="-114.616255" /><trkpt lat="36.637062" lon="-114.598791" /><trkpt lat="36.650874" lon="-114.584349" /><trkpt lat="36.660464" lon="-114.57427" /><trkpt lat="36.662881" lon="-114.570861" /><trkpt lat="36.664891" lon="-114.565025" /><trkpt lat="36.66649" lon="-114.546706" /><trkpt lat="36.669515" lon="-114.525478" /><trkpt lat="36.67124" lon="-114.520302" /><trkpt lat="36.675607" lon="-114.51519" /><trkpt lat="36.684487" lon="-114.510255" /><trkpt lat="36.691162" lon="-114.503647" /><trkpt lat="36.698564" lon="-114.494703" /><trkpt lat="36.715955" lon="-114.466544" /><trkpt lat="36.742554" lon="-114.423292" /><trkpt lat="36.747568" lon="-114.409414" /><trkpt lat="36.758816" lon="-114.369777" /><trkpt lat="36.763207" lon="-114.350052" /><trkpt lat="36.774529" lon="-114.286576" /><trkpt lat="36.778652" lon="-114.261316" /><trkpt lat="36.775357" lon="-114.249955" /><trkpt lat="36.77028" lon="-114.23415" /><trkpt lat="36.763211" lon="-114.177602" /><trkpt lat="36.770353" lon="-114.159213" /><trkpt lat="36.78221" lon="-114.138014" /><trkpt lat="36.80288" lon="-114.107568" /><trkpt lat="36.807978" lon="-114.092172" /><trkpt lat="36.809659" lon="-114.081381" /><trkpt lat="36.81039" lon="-114.068812" /><trkpt lat="36.815578" lon="-114.057629" /><trkpt lat="36.831038" lon="-114.006851" /><trkpt lat="36.868131" lon="-113.966012" /><trkpt lat="36.891748" lon="-113.92881" /><trkpt lat="36.893629" lon="-113.920573" /><trkpt lat="36.898474" lon="-113.905592" /><trkpt lat="36.917233" lon="-113.873284" /><trkpt lat="36.917967" lon="-113.866955" /><trkpt lat="36.91986" lon="-113.860523" /><trkpt lat="36.922114" lon="-113.855783" /><trkpt lat="36.921245" lon="-113.852197" /><trkpt lat="36.915673" lon="-113.844777" /><trkpt lat="36.920563" lon="-113.832271" /><trkpt lat="36.931775" lon="-113.827375" /><trkpt lat="36.940162" lon="-113.822085" /><trkpt lat="36.947067" lon="-113.806097" /><trkpt lat="36.957667" lon="-113.787167" /><trkpt lat="36.959398" lon="-113.769891" /><trkpt lat="36.97117" lon="-113.749041" /><trkpt lat="36.970374" lon="-113.721292" /><trkpt lat="36.970931" lon="-113.716514" /><trkpt lat="36.972277" lon="-113.690762" /><trkpt lat="36.978924" lon="-113.673072" /><trkpt lat="36.981548" lon="-113.64538" /><trkpt lat="36.9946" lon="-113.623699" /><trkpt lat="37.005311" lon="-113.619295" /><trkpt lat="37.027699" lon="-113.604926" /><trkpt lat="37.045031" lon="-113.590987" /><trkpt lat="37.058516" lon="-113.58488" /><trkpt lat="37.065052" lon="-113.583824" /><trkpt lat="37.076137" lon="-113.584731" /><trkpt lat="37.081435" lon="-113.583584" /><trkpt lat="37.084314" lon="-113.583133" /><trkpt lat="37.088745" lon="-113.5854" /><trkpt lat="37.094257" lon="-113.586384" /><trkpt lat="37.097109" lon="-113.587277" /><trkpt lat="37.100015" lon="-113.588648" /><trkpt lat="37.103904" lon="-113.592509" /><trkpt lat="37.106941" lon="-113.593087" /><trkpt lat="37.109425" lon="-113.593532" /><trkpt lat="37.111836" lon="-113.594619" /><trkpt lat="37.114592" lon="-113.595923" /><trkpt lat="37.12005" lon="-113.598387" /><trkpt lat="37.123218" lon="-113.599689" /><trkpt lat="37.125471" lon="-113.600718" /><trkpt lat="37.130205" lon="-113.602621" /><trkpt lat="37.132901" lon="-113.602592" /><trkpt lat="37.136939" lon="-113.602927" /><trkpt lat="37.143209" lon="-113.605499" /><trkpt lat="37.152938" lon="-113.606308" /><trkpt lat="37.159667" lon="-113.604762" /><trkpt lat="37.167877" lon="-113.615575" /><trkpt lat="37.180237" lon="-113.619069" /><trkpt lat="37.1906" lon="-113.620813" /><trkpt lat="37.203024" lon="-113.626458" /><trkpt lat="37.214515" lon="-113.632128" /><trkpt lat="37.230852" lon="-113.633728" /><trkpt lat="37.243" lon="-113.634751" /><trkpt lat="37.248702" lon="-113.622981" /><trkpt lat="37.250782" lon="-113.613577" /><trkpt lat="37.249692" lon="-113.603683" /><trkpt lat="37.249824" lon="-113.601781" /><trkpt lat="37.249558" lon="-113.600691" /><trkpt lat="37.249425" lon="-113.598952" /><trkpt lat="37.249306" lon="-113.597015" /><trkpt lat="37.249001" lon="-113.595505" /><trkpt lat="37.248228" lon="-113.593902" /><trkpt lat="37.248164" lon="-113.592625" /><trkpt lat="37.247028" lon="-113.59156" /><trkpt lat="37.245312" lon="-113.591467" /><trkpt lat="37.243914" lon="-113.590688" /><trkpt lat="37.242664" lon="-113.590104" /><trkpt lat="37.243479" lon="-113.588951" /><trkpt lat="37.244467" lon="-113.58717" /><trkpt lat="37.246334" lon="-113.584769" /><trkpt lat="37.247119" lon="-113.582939" /><trkpt lat="37.246711" lon="-113.581017" /><trkpt lat="37.245859" lon="-113.579627" /><trkpt lat="37.245186" lon="-113.57807" /><trkpt lat="37.245046" lon="-113.576802" /><trkpt lat="37.244063" lon="-113.576282" /><trkpt lat="37.243306" lon="-113.573969" /><trkpt lat="37.242363" lon="-113.570047" /><trkpt lat="37.240966" lon="-113.568228" /><trkpt lat="37.237807" lon="-113.566592" /><trkpt lat="37.235563" lon="-113.56471" /><trkpt lat="37.233963" lon="-113.563432" /><trkpt lat="37.232391" lon="-113.564" /><trkpt lat="37.232226" lon="-113.562583" /><trkpt lat="37.238569" lon="-113.548247" /><trkpt lat="37.247395" lon="-113.535921" /><trkpt lat="37.249382" lon="-113.527628" /><trkpt lat="37.245336" lon="-113.52353" /><trkpt lat="37.250584" lon="-113.528561" /><trkpt lat="37.241658" lon="-113.542618" /><trkpt lat="37.235826" lon="-113.556939" /><trkpt lat="37.232154" lon="-113.56406" /><trkpt lat="37.234477" lon="-113.563466" /><trkpt lat="37.236676" lon="-113.565885" /><trkpt lat="37.240015" lon="-113.56809" /><trkpt lat="37.242251" lon="-113.569825" /><trkpt lat="37.243234" lon="-113.574513" /><trkpt lat="37.244446" lon="-113.576592" /><trkpt lat="37.244849" lon="-113.577713" /><trkpt lat="37.24588" lon="-113.579459" /><trkpt lat="37.246855" lon="-113.581403" /><trkpt lat="37.246856" lon="-113.583742" /><trkpt lat="37.24493" lon="-113.586205" /><trkpt lat="37.243591" lon="-113.588695" /><trkpt lat="37.242675" lon="-113.590129" /><trkpt lat="37.244291" lon="-113.590788" /><trkpt lat="37.246191" lon="-113.591663" /><trkpt lat="37.247938" lon="-113.592565" /><trkpt lat="37.248262" lon="-113.593934" /><trkpt lat="37.249194" lon="-113.596072" /><trkpt lat="37.249355" lon="-113.598237" /><trkpt lat="37.249528" lon="-113.60048" /><trkpt lat="37.249824" lon="-113.601781" /><trkpt lat="37.249013" lon="-113.605357" /><trkpt lat="37.25048" lon="-113.618108" /><trkpt lat="37.246888" lon="-113.62791" /><trkpt lat="37.231021" lon="-113.633756" /><trkpt lat="37.211434" lon="-113.630497" /><trkpt lat="37.195448" lon="-113.623017" /><trkpt lat="37.184881" lon="-113.619308" /><trkpt lat="37.169051" lon="-113.616946" /><trkpt lat="37.158921" lon="-113.603544" /><trkpt lat="37.149612" lon="-113.607639" /><trkpt lat="37.138643" lon="-113.603693" /><trkpt lat="37.134334" lon="-113.603014" /><trkpt lat="37.134556" lon="-113.601325" /><trkpt lat="37.135927" lon="-113.599321" /><trkpt lat="37.134661" lon="-113.596838" /><trkpt lat="37.133145" lon="-113.586954" /><trkpt lat="37.130849" lon="-113.583164" /><trkpt lat="37.126304" lon="-113.582861" /><trkpt lat="37.123941" lon="-113.584307" /><trkpt lat="37.117823" lon="-113.581893" /><trkpt lat="37.115" lon="-113.579582" /><trkpt lat="37.113628" lon="-113.57671" /><trkpt lat="37.112541" lon="-113.57059" /><trkpt lat="37.112211" lon="-113.563407" /><trkpt lat="37.110551" lon="-113.56213" /><trkpt lat="37.109797" lon="-113.559435" /><trkpt lat="37.109837" lon="-113.558508" /><trkpt lat="37.112188" lon="-113.556367" /><trkpt lat="37.125441" lon="-113.530319" /><trkpt lat="37.139904" lon="-113.507346" /><trkpt lat="37.147252" lon="-113.486916" /><trkpt lat="37.159116" lon="-113.47303" /><trkpt lat="37.165837" lon="-113.452455" /><trkpt lat="37.166018" lon="-113.449344" /><trkpt lat="37.165085" lon="-113.447207" /><trkpt lat="37.16084" lon="-113.440569" /><trkpt lat="37.166116" lon="-113.419842" /><trkpt lat="37.167017" lon="-113.399413" /><trkpt lat="37.1613" lon="-113.391308" /><trkpt lat="37.164641" lon="-113.384732" /><trkpt lat="37.172093" lon="-113.354282" /><trkpt lat="37.173116" lon="-113.344819" /><trkpt lat="37.17576" lon="-113.336359" /><trkpt lat="37.176409" lon="-113.319825" /><trkpt lat="37.17643" lon="-113.309015" /><trkpt lat="37.176503" lon="-113.300687" /><trkpt lat="37.176498" lon="-113.29465" /><trkpt lat="37.176514" lon="-113.288121" /><trkpt lat="37.175442" lon="-113.284365" /><trkpt lat="37.179946" lon="-113.281261" /><trkpt lat="37.183227" lon="-113.274403" /><trkpt lat="37.179478" lon="-113.274476" /><trkpt lat="37.173748" lon="-113.268445" /><trkpt lat="37.165204" lon="-113.263023" /><trkpt lat="37.140777" lon="-113.251383" /><trkpt lat="37.134837" lon="-113.241996" /><trkpt lat="37.118595" lon="-113.173" /><trkpt lat="37.108941" lon="-113.143789" /><trkpt lat="37.087036" lon="-113.112742" /><trkpt lat="37.049958" lon="-113.091069" /><trkpt lat="37.029999" lon="-113.055179" /><trkpt lat="37.005431" lon="-113.005139" /><trkpt lat="36.990437" lon="-112.991054" /><trkpt lat="36.953916" lon="-112.961698" /><trkpt lat="36.924996" lon="-112.938952" /><trkpt lat="36.889286" lon="-112.909673" /><trkpt lat="36.873698" lon="-112.86696" /><trkpt lat="36.859797" lon="-112.81434" /><trkpt lat="36.857851" lon="-112.757428" /><trkpt lat="36.860752" lon="-112.717733" /><trkpt lat="36.875698" lon="-112.661402" /><trkpt lat="36.900621" lon="-112.599969" /><trkpt lat="36.942724" lon="-112.544737" /><trkpt lat="36.945646" lon="-112.530732" /><trkpt lat="36.953145" lon="-112.526422" /><trkpt lat="36.961394" lon="-112.526942" /><trkpt lat="36.991321" lon="-112.53074" /><trkpt lat="37.007916" lon="-112.527743" /><trkpt lat="37.024246" lon="-112.524859" /><trkpt lat="37.036346" lon="-112.524848" /><trkpt lat="37.040467" lon="-112.526226" /><trkpt lat="37.042988" lon="-112.526383" /><trkpt lat="37.043004" lon="-112.517175" /><trkpt lat="37.042776" lon="-112.514958" /><trkpt lat="37.040753" lon="-112.510209" /><trkpt lat="37.032379" lon="-112.494592" /><trkpt lat="37.029321" lon="-112.486616" /><trkpt lat="37.023919" lon="-112.454604" /><trkpt lat="37.023256" lon="-112.435229" /><trkpt lat="37.031031" lon="-112.399229" /><trkpt lat="37.037229" lon="-112.367123" /><trkpt lat="37.038211" lon="-112.332183" /><trkpt lat="37.039997" lon="-112.265043" /><trkpt lat="37.041365" lon="-112.221173" /><trkpt lat="37.047647" lon="-112.208281" /><trkpt lat="37.062376" lon="-112.187195" /><trkpt lat="37.103092" lon="-112.12869" /><trkpt lat="37.127714" lon="-112.094008" /><trkpt lat="37.14863" lon="-112.064035" /><trkpt lat="37.168545" lon="-112.029198" /><trkpt lat="37.185333" lon="-111.995757" /><trkpt lat="37.185088" lon="-111.983212" /><trkpt lat="37.179317" lon="-111.976108" /><trkpt lat="37.167172" lon="-111.971476" /><trkpt lat="37.146188" lon="-111.97251" /><trkpt lat="37.128008" lon="-111.976858" /><trkpt lat="37.123805" lon="-111.972325" /><trkpt lat="37.126826" lon="-111.952052" /><trkpt lat="37.108803" lon="-111.914597" /><trkpt lat="37.099497" lon="-111.868838" /><trkpt lat="37.104717" lon="-111.834133" /><trkpt lat="37.087149" lon="-111.697018" /><trkpt lat="37.074164" lon="-111.654689" /><trkpt lat="37.0579" lon="-111.639745" /><trkpt lat="37.048578" lon="-111.624835" /><trkpt lat="37.032338" lon="-111.608042" /><trkpt lat="37.008494" lon="-111.580391" /><trkpt lat="36.989675" lon="-111.559707" /><trkpt lat="36.984236" lon="-111.552347" /><trkpt lat="36.982388" lon="-111.545912" /><trkpt lat="36.977384" lon="-111.520319" /><trkpt lat="36.965803" lon="-111.511207" /><trkpt lat="36.951547" lon="-111.498478" /><trkpt lat="36.938488" lon="-111.494315" /><trkpt lat="36.934564" lon="-111.488697" /><trkpt lat="36.934961" lon="-111.485245" /><trkpt lat="36.936301" lon="-111.479343" /><trkpt lat="36.932614" lon="-111.473831" /><trkpt lat="36.926445" lon="-111.472244" /><trkpt lat="36.925401" lon="-111.47214" /><trkpt lat="36.925759" lon="-111.46959" /><trkpt lat="36.921146" lon="-111.464137" /><trkpt lat="36.919263" lon="-111.460309" /><trkpt lat="36.915043" lon="-111.456884" /><trkpt lat="36.912944" lon="-111.458921" /><trkpt lat="36.91063" lon="-111.463063" /><trkpt lat="36.9069" lon="-111.471598" /><trkpt lat="36.907745" lon="-111.478665" /><trkpt lat="36.908246" lon="-111.482285" /><trkpt lat="36.905387" lon="-111.48403" /><trkpt lat="36.905018" lon="-111.484494" /><trkpt lat="36.90427" lon="-111.484673" /><trkpt lat="36.888134" lon="-111.494061" /><trkpt lat="36.875212" lon="-111.501375" /><trkpt lat="36.866141" lon="-111.503805" /><trkpt lat="36.85278" lon="-111.507344" /><trkpt lat="36.838094" lon="-111.508418" /><trkpt lat="36.831975" lon="-111.508991" /><trkpt lat="36.814512" lon="-111.516453" /><trkpt lat="36.794142" lon="-111.525347" /><trkpt lat="36.785227" lon="-111.530561" /><trkpt lat="36.78434" lon="-111.535625" /><trkpt lat="36.785308" lon="-111.539321" /><trkpt lat="36.786024" lon="-111.543017" /><trkpt lat="36.778045" lon="-111.552939" /><trkpt lat="36.765283" lon="-111.56323" /><trkpt lat="36.752544" lon="-111.573686" /><trkpt lat="36.728696" lon="-111.585687" /><trkpt lat="36.703921" lon="-111.598085" /><trkpt lat="36.672346" lon="-111.617841" /><trkpt lat="36.668392" lon="-111.623696" /><trkpt lat="36.667887" lon="-111.630296" /><trkpt lat="36.664915" lon="-111.633168" /><trkpt lat="36.660109" lon="-111.632863" /><trkpt lat="36.65603" lon="-111.632592" /><trkpt lat="36.649943" lon="-111.632431" /><trkpt lat="36.646528" lon="-111.633174" /><trkpt lat="36.643506" lon="-111.632927" /><trkpt lat="36.640837" lon="-111.630352" /><trkpt lat="36.63887" lon="-111.629746" /><trkpt lat="36.63559" lon="-111.632326" /><trkpt lat="36.634455" lon="-111.635509" /><trkpt lat="36.635106" lon="-111.646586" /><trkpt lat="36.634178" lon="-111.651204" /><trkpt lat="36.627883" lon="-111.653371" /><trkpt lat="36.618646" lon="-111.654301" /><trkpt lat="36.599952" lon="-111.656635" /><trkpt lat="36.593135" lon="-111.655813" /><trkpt lat="36.582525" lon="-111.648117" /><trkpt lat="36.572943" lon="-111.641968" /><trkpt lat="36.563249" lon="-111.636754" /><trkpt lat="36.5539" lon="-111.629109" /><trkpt lat="36.540719" lon="-111.616758" /><trkpt lat="36.526639" lon="-111.602923" /><trkpt lat="36.515804" lon="-111.591933" /><trkpt lat="36.505849" lon="-111.583637" /><trkpt lat="36.497464" lon="-111.580373" /><trkpt lat="36.487303" lon="-111.576451" /><trkpt lat="36.470695" lon="-111.570029" /><trkpt lat="36.461329" lon="-111.566046" /><trkpt lat="36.440537" lon="-111.554227" /><trkpt lat="36.427162" lon="-111.546785" /><trkpt lat="36.41346" lon="-111.53988" /><trkpt lat="36.401883" lon="-111.532907" /><trkpt lat="36.391051" lon="-111.524169" /><trkpt lat="36.380868" lon="-111.519197" /><trkpt lat="36.367262" lon="-111.512377" /><trkpt lat="36.356167" lon="-111.506674" /><trkpt lat="36.346423" lon="-111.50336" /><trkpt lat="36.336084" lon="-111.494214" /><trkpt lat="36.324514" lon="-111.483202" /><trkpt lat="36.313432" lon="-111.471093" /><trkpt lat="36.305587" lon="-111.462421" /><trkpt lat="36.300749" lon="-111.457621" /><trkpt lat="36.284412" lon="-111.44477" /><trkpt lat="36.266516" lon="-111.430451" /><trkpt lat="36.255118" lon="-111.421264" /><trkpt lat="36.241625" lon="-111.41322" /><trkpt lat="36.231457" lon="-111.405013" /><trkpt lat="36.214086" lon="-111.395207" /><trkpt lat="36.198478" lon="-111.393293" /><trkpt lat="36.189793" lon="-111.393597" /><trkpt lat="36.182346" lon="-111.396977" /><trkpt lat="36.171642" lon="-111.39937" /><trkpt lat="36.150779" lon="-111.397398" /><trkpt lat="36.123901" lon="-111.394823" /><trkpt lat="36.102536" lon="-111.396196" /><trkpt lat="36.086682" lon="-111.392606" /><trkpt lat="36.0755" lon="-111.391926" /><trkpt lat="36.068149" lon="-111.393057" /><trkpt lat="36.040745" lon="-111.397231" /><trkpt lat="36.0286" lon="-111.397994" /><trkpt lat="36.015137" lon="-111.395785" /><trkpt lat="35.99978" lon="-111.393225" /><trkpt lat="35.979204" lon="-111.394681" /><trkpt lat="35.957128" lon="-111.397683" /><trkpt lat="35.939888" lon="-111.400035" /><trkpt lat="35.915423" lon="-111.403345" /><trkpt lat="35.896009" lon="-111.406113" /><trkpt lat="35.885766" lon="-111.408828" /><trkpt lat="35.879124" lon="-111.410871" /><trkpt lat="35.870742" lon="-111.413461" /><trkpt lat="35.863155" lon="-111.417552" /><trkpt lat="35.855367" lon="-111.424595" /><trkpt lat="35.855097" lon="-111.425088" /><trkpt lat="35.85305" lon="-111.426703" /><trkpt lat="35.843128" lon="-111.434539" /><trkpt lat="35.831799" lon="-111.437944" /><trkpt lat="35.813585" lon="-111.442639" /><trkpt lat="35.797007" lon="-111.44766" /><trkpt lat="35.783012" lon="-111.455003" /><trkpt lat="35.768255" lon="-111.464338" /><trkpt lat="35.752177" lon="-111.470585" /><trkpt lat="35.745295" lon="-111.473735" /><trkpt lat="35.733426" lon="-111.479186" /><trkpt lat="35.710533" lon="-111.49208" /><trkpt lat="35.69076" lon="-111.504363" /><trkpt lat="35.670829" lon="-111.510181" /><trkpt lat="35.652305" lon="-111.515514" /><trkpt lat="35.631549" lon="-111.519866" /><trkpt lat="35.612405" lon="-111.523573" /><trkpt lat="35.592378" lon="-111.527451" /><trkpt lat="35.5673" lon="-111.532676" /><trkpt lat="35.545139" lon="-111.538053" /><trkpt lat="35.525587" lon="-111.542817" /><trkpt lat="35.515204" lon="-111.544739" /><trkpt lat="35.494369" lon="-111.554151" /><trkpt lat="35.481169" lon="-111.556666" /><trkpt lat="35.463651" lon="-111.55991" /><trkpt lat="35.447189" lon="-111.564192" /><trkpt lat="35.421839" lon="-111.570738" /><trkpt lat="35.386666" lon="-111.579897" /><trkpt lat="35.372209" lon="-111.576076" /><trkpt lat="35.350972" lon="-111.568082" /><trkpt lat="35.34473" lon="-111.561534" /><trkpt lat="35.340332" lon="-111.557238" /><trkpt lat="35.332724" lon="-111.548096" /><trkpt lat="35.325928" lon="-111.544061" /><trkpt lat="35.318673" lon="-111.542784" /><trkpt lat="35.306807" lon="-111.542696" /><trkpt lat="35.29368" lon="-111.542555" /><trkpt lat="35.282974" lon="-111.54226" /><trkpt lat="35.270824" lon="-111.544913" /><trkpt lat="35.265538" lon="-111.547384" /><trkpt lat="35.255492" lon="-111.554882" /><trkpt lat="35.249782" lon="-111.559973" /><trkpt lat="35.243389" lon="-111.566838" /><trkpt lat="35.239749" lon="-111.570805" /><trkpt lat="35.235726" lon="-111.574405" /><trkpt lat="35.230303" lon="-111.578192" /><trkpt lat="35.225643" lon="-111.581686" /><trkpt lat="35.224118" lon="-111.583595" /><trkpt lat="35.222372" lon="-111.586405" /><trkpt lat="35.220935" lon="-111.587803" /><trkpt lat="35.219245" lon="-111.585451" /><trkpt lat="35.216388" lon="-111.584931" /><trkpt lat="35.210115" lon="-111.597706" /><trkpt lat="35.194871" lon="-111.618002" /><trkpt lat="35.192542" lon="-111.622546" /><trkpt lat="35.19213" lon="-111.624317" /><trkpt lat="35.192091" lon="-111.627349" /><trkpt lat="35.194253" lon="-111.628086" /><trkpt lat="35.194971" lon="-111.628966" /><trkpt lat="35.195148" lon="-111.628317" /><trkpt lat="35.194748" lon="-111.628187" /><trkpt lat="35.194023" lon="-111.628083" /><trkpt lat="35.19313" lon="-111.628376" /><trkpt lat="35.192467" lon="-111.628073" /><trkpt lat="35.192091" lon="-111.627349" /><trkpt lat="35.192117" lon="-111.625915" /><trkpt lat="35.192136" lon="-111.625192" /><trkpt lat="35.192129" lon="-111.624163" /><trkpt lat="35.192082" lon="-111.623419" /><trkpt lat="35.191939" lon="-111.623144" /><trkpt lat="35.19138" lon="-111.623599" /><trkpt lat="35.190554" lon="-111.624484" /><trkpt lat="35.190235" lon="-111.625001" /><trkpt lat="35.189727" lon="-111.625924" /><trkpt lat="35.189122" lon="-111.627082" /><trkpt lat="35.188435" lon="-111.62842" /><trkpt lat="35.187493" lon="-111.630271" /><trkpt lat="35.186852" lon="-111.631573" /><trkpt lat="35.186023" lon="-111.633119" /><trkpt lat="35.184419" lon="-111.635521" /><trkpt lat="35.183022" lon="-111.637195" /><trkpt lat="35.181361" lon="-111.638814" /><trkpt lat="35.180038" lon="-111.639871" /><trkpt lat="35.17868" lon="-111.640902" /><trkpt lat="35.177133" lon="-111.642345" /><trkpt lat="35.17635" lon="-111.643242" /><trkpt lat="35.175419" lon="-111.644474" /><trkpt lat="35.174666" lon="-111.645622" /><trkpt lat="35.173617" lon="-111.647622" /><trkpt lat="35.173056" lon="-111.64893" /><trkpt lat="35.172507" lon="-111.650626" /><trkpt lat="35.172146" lon="-111.652105" /><trkpt lat="35.171956" lon="-111.653069" /><trkpt lat="35.171709" lon="-111.655059" /><trkpt lat="35.17163" lon="-111.656957" /><trkpt lat="35.171691" lon="-111.658636" /><trkpt lat="35.171756" lon="-111.659346" /><trkpt lat="35.171918" lon="-111.660571" /><trkpt lat="35.172137" lon="-111.661659" /><trkpt lat="35.172543" lon="-111.663275" /><trkpt lat="35.172816" lon="-111.664169" /><trkpt lat="35.17315" lon="-111.665027" /><trkpt lat="35.173735" lon="-111.666444" /><trkpt lat="35.174493" lon="-111.668085" /><trkpt lat="35.175966" lon="-111.671334" /><trkpt lat="35.177726" lon="-111.675541" /><trkpt lat="35.179729" lon="-111.68325" /><trkpt lat="35.181955" lon="-111.693846" /><trkpt lat="35.182262" lon="-111.695298" /><trkpt lat="35.184205" lon="-111.704074" /><trkpt lat="35.186053" lon="-111.709989" /><trkpt lat="35.188187" lon="-111.716829" /><trkpt lat="35.191136" lon="-111.726294" /><trkpt lat="35.193124" lon="-111.732609" /><trkpt lat="35.193609" lon="-111.734118" /><trkpt lat="35.194719" lon="-111.737282" /><trkpt lat="35.196031" lon="-111.739156" /><trkpt lat="35.197634" lon="-111.742062" /><trkpt lat="35.197785" lon="-111.742442" /><trkpt lat="35.198343" lon="-111.74397" /><trkpt lat="35.199345" lon="-111.750702" /><trkpt lat="35.199766" lon="-111.753461" /><trkpt lat="35.20198" lon="-111.76076" /><trkpt lat="35.203998" lon="-111.766476" /><trkpt lat="35.206729" lon="-111.769952" /><trkpt lat="35.209504" lon="-111.771731" /><trkpt lat="35.211447" lon="-111.77339" /><trkpt lat="35.213102" lon="-111.776023" /><trkpt lat="35.214944" lon="-111.781538" /><trkpt lat="35.21615" lon="-111.7846" /><trkpt lat="35.217755" lon="-111.787364" /><trkpt lat="35.221334" lon="-111.792052" /><trkpt lat="35.224498" lon="-111.797245" /><trkpt lat="35.234936" lon="-111.819217" /><trkpt lat="35.236643" lon="-111.82279" /><trkpt lat="35.237418" lon="-111.824412" /><trkpt lat="35.244046" lon="-111.838511" /><trkpt lat="35.246381" lon="-111.844013" /><trkpt lat="35.248537" lon="-111.851812" /><trkpt lat="35.249414" lon="-111.857781" /><trkpt lat="35.249637" lon="-111.861533" /><trkpt lat="35.249543" lon="-111.866907" /><trkpt lat="35.249102" lon="-111.871222" /><trkpt lat="35.248207" lon="-111.876313" /><trkpt lat="35.247248" lon="-111.882053" /><trkpt lat="35.247231" lon="-111.885026" /><trkpt lat="35.247801" lon="-111.889" /><trkpt lat="35.249101" lon="-111.892937" /><trkpt lat="35.251728" lon="-111.89868" /><trkpt lat="35.252351" lon="-111.900997" /><trkpt lat="35.252858" lon="-111.904559" /><trkpt lat="35.253283" lon="-111.909774" /><trkpt lat="35.255543" lon="-111.919322" /><trkpt lat="35.257052" lon="-111.925873" /><trkpt lat="35.257305" lon="-111.929435" /><trkpt lat="35.257033" lon="-111.933014" /><trkpt lat="35.255679" lon="-111.938988" /><trkpt lat="35.255134" lon="-111.941281" /><trkpt lat="35.25455" lon="-111.943698" /><trkpt lat="35.253461" lon="-111.948483" /><trkpt lat="35.252287" lon="-111.953624" /><trkpt lat="35.249129" lon="-111.96664" /><trkpt lat="35.248302" lon="-111.970947" /><trkpt lat="35.247922" lon="-111.974849" /><trkpt lat="35.247846" lon="-111.977803" /><trkpt lat="35.248019" lon="-111.981504" /><trkpt lat="35.248577" lon="-111.985661" /><trkpt lat="35.249696" lon="-111.990359" /><trkpt lat="35.252475" lon="-111.998338" /><trkpt lat="35.254951" lon="-112.008048" /><trkpt lat="35.257199" lon="-112.017466" /><trkpt lat="35.261102" lon="-112.033812" /><trkpt lat="35.263846" lon="-112.045286" /><trkpt lat="35.264367" lon="-112.047622" /><trkpt lat="35.264847" lon="-112.050621" /><trkpt lat="35.265012" lon="-112.052339" /><trkpt lat="35.265126" lon="-112.055444" /><trkpt lat="35.264987" lon="-112.058587" /><trkpt lat="35.264565" lon="-112.061958" /><trkpt lat="35.263564" lon="-112.066322" /><trkpt lat="35.262193" lon="-112.070175" /><trkpt lat="35.259714" lon="-112.075792" /><trkpt lat="35.258782" lon="-112.078607" /><trkpt lat="35.258123" lon="-112.082624" /><trkpt lat="35.258116" lon="-112.086092" /><trkpt lat="35.258502" lon="-112.093731" /><trkpt lat="35.258621" lon="-112.098683" /><trkpt lat="35.258428" lon="-112.113958" /><trkpt lat="35.258381" lon="-112.122401" /><trkpt lat="35.258309" lon="-112.125524" /><trkpt lat="35.258276" lon="-112.130505" /><trkpt lat="35.258227" lon="-112.133641" /><trkpt lat="35.258156" lon="-112.140597" /><trkpt lat="35.25857" lon="-112.144654" /><trkpt lat="35.259294" lon="-112.147464" /><trkpt lat="35.260756" lon="-112.151477" /><trkpt lat="35.261989" lon="-112.154819" /><trkpt lat="35.263097" lon="-112.157775" /><trkpt lat="35.26383" lon="-112.160582" /><trkpt lat="35.264245" lon="-112.164145" /><trkpt lat="35.264174" lon="-112.172747" /><trkpt lat="35.264061" lon="-112.179975" /><trkpt lat="35.263346" lon="-112.184091" /><trkpt lat="35.262602" lon="-112.186119" /><trkpt lat="35.262035" lon="-112.187435" /><trkpt lat="35.260908" lon="-112.190205" /><trkpt lat="35.259459" lon="-112.192893" /><trkpt lat="35.258035" lon="-112.19218" /><trkpt lat="35.257091" lon="-112.191721" /><trkpt lat="35.256822" lon="-112.191594" /><trkpt lat="35.256201" lon="-112.191287" /><trkpt lat="35.254573" lon="-112.190459" /><trkpt lat="35.253552" lon="-112.189952" /><trkpt lat="35.252625" lon="-112.189446" /><trkpt lat="35.252079" lon="-112.18916" /><trkpt lat="35.251762" lon="-112.189011" /><trkpt lat="35.251002" lon="-112.188623" /><trkpt lat="35.25085" lon="-112.187294" /><trkpt lat="35.251805" lon="-112.18903" /><trkpt lat="35.253552" lon="-112.189952" /><trkpt lat="35.256822" lon="-112.191594" /><trkpt lat="35.259719" lon="-112.193024" /><trkpt lat="35.256174" lon="-112.199255" /><trkpt lat="35.249069" lon="-112.21032" /><trkpt lat="35.244618" lon="-112.215394" /><trkpt lat="35.239861" lon="-112.219155" /><trkpt lat="35.235462" lon="-112.227538" /><trkpt lat="35.230308" lon="-112.234381" /><trkpt lat="35.22507" lon="-112.239463" /><trkpt lat="35.22455" lon="-112.249179" /><trkpt lat="35.222846" lon="-112.257525" /><trkpt lat="35.222191" lon="-112.271984" /><trkpt lat="35.219987" lon="-112.279148" /><trkpt lat="35.219874" lon="-112.285909" /><trkpt lat="35.221429" lon="-112.298545" /><trkpt lat="35.220083" lon="-112.307334" /><trkpt lat="35.223262" lon="-112.324944" /><trkpt lat="35.220571" lon="-112.335877" /><trkpt lat="35.218667" lon="-112.341358" /><trkpt lat="35.215227" lon="-112.355017" /><trkpt lat="35.216491" lon="-112.366885" /><trkpt lat="35.216666" lon="-112.376673" /><trkpt lat="35.216087" lon="-112.389958" /><trkpt lat="35.216391" lon="-112.399327" /><trkpt lat="35.213456" lon="-112.409277" /><trkpt lat="35.214528" lon="-112.424222" /><trkpt lat="35.214986" lon="-112.43098" /><trkpt lat="35.217622" lon="-112.4401" /><trkpt lat="35.21934" lon="-112.446944" /><trkpt lat="35.219917" lon="-112.451693" /><trkpt lat="35.220902" lon="-112.463394" /><trkpt lat="35.221705" lon="-112.471826" /><trkpt lat="35.219949" lon="-112.479243" /><trkpt lat="35.21935" lon="-112.49018" /><trkpt lat="35.220759" lon="-112.499927" /><trkpt lat="35.221117" lon="-112.51654" /><trkpt lat="35.221267" lon="-112.54288" /><trkpt lat="35.22915" lon="-112.583059" /><trkpt lat="35.230899" lon="-112.593421" /><trkpt lat="35.236993" lon="-112.646009" /><trkpt lat="35.249603" lon="-112.688816" /><trkpt lat="35.265042" lon="-112.723476" /><trkpt lat="35.271856" lon="-112.734577" /><trkpt lat="35.272795" lon="-112.749939" /><trkpt lat="35.2792" lon="-112.780107" /><trkpt lat="35.28917" lon="-112.814924" /><trkpt lat="35.294542" lon="-112.827777" /><trkpt lat="35.310355" lon="-112.855489" /><trkpt lat="35.3156" lon="-112.8682" /><trkpt lat="35.321293" lon="-112.897915" /><trkpt lat="35.323134" lon="-112.920602" /><trkpt lat="35.32082" lon="-112.945216" /><trkpt lat="35.317124" lon="-112.960448" /><trkpt lat="35.304668" lon="-112.996253" /><trkpt lat="35.30239" lon="-113.012426" /><trkpt lat="35.299546" lon="-113.022839" /><trkpt lat="35.293082" lon="-113.033141" /><trkpt lat="35.292075" lon="-113.072119" /><trkpt lat="35.289672" lon="-113.087005" /><trkpt lat="35.286338" lon="-113.094832" /><trkpt lat="35.287788" lon="-113.111375" /><trkpt lat="35.283994" lon="-113.123813" /><trkpt lat="35.274908" lon="-113.137188" /><trkpt lat="35.253548" lon="-113.176734" /><trkpt lat="35.247643" lon="-113.187665" /><trkpt lat="35.226607" lon="-113.234947" /><trkpt lat="35.210192" lon="-113.266052" /><trkpt lat="35.209219" lon="-113.27652" /><trkpt lat="35.209005" lon="-113.289011" /><trkpt lat="35.20541" lon="-113.297915" /><trkpt lat="35.200571" lon="-113.303456" /><trkpt lat="35.190365" lon="-113.316211" /><trkpt lat="35.191172" lon="-113.331821" /><trkpt lat="35.190976" lon="-113.367359" /><trkpt lat="35.191114" lon="-113.398" /><trkpt lat="35.194728" lon="-113.413338" /><trkpt lat="35.189763" lon="-113.422645" /><trkpt lat="35.191085" lon="-113.435885" /><trkpt lat="35.190581" lon="-113.440542" /><trkpt lat="35.186311" lon="-113.450978" /><trkpt lat="35.184379" lon="-113.462378" /><trkpt lat="35.184467" lon="-113.4664" /><trkpt lat="35.182859" lon="-113.470758" /><trkpt lat="35.181038" lon="-113.475023" /><trkpt lat="35.178996" lon="-113.488954" /><trkpt lat="35.174589" lon="-113.502591" /><trkpt lat="35.17165" lon="-113.510533" /><trkpt lat="35.171678" lon="-113.517787" /><trkpt lat="35.167237" lon="-113.528462" /><trkpt lat="35.161819" lon="-113.538139" /><trkpt lat="35.160964" lon="-113.547764" /><trkpt lat="35.158939" lon="-113.562353" /><trkpt lat="35.160702" lon="-113.570173" /><trkpt lat="35.162386" lon="-113.584378" /><trkpt lat="35.160376" lon="-113.623323" /><trkpt lat="35.16028" lon="-113.64587" /><trkpt lat="35.162434" lon="-113.660272" /><trkpt lat="35.160266" lon="-113.685943" /><trkpt lat="35.15942" lon="-113.694124" /><trkpt lat="35.159421" lon="-113.697379" /><trkpt lat="35.160497" lon="-113.705159" /><trkpt lat="35.171513" lon="-113.775448" /><trkpt lat="35.174277" lon="-113.784372" /><trkpt lat="35.18521" lon="-113.808759" /><trkpt lat="35.194239" lon="-113.83542" /><trkpt lat="35.197617" lon="-113.899828" /><trkpt lat="35.198379" lon="-113.914224" /><trkpt lat="35.207017" lon="-113.952041" /><trkpt lat="35.212408" lon="-113.974177" /><trkpt lat="35.216846" lon="-113.992886" /><trkpt lat="35.217351" lon="-114.010366" /><trkpt lat="35.217161" lon="-114.023751" /><trkpt lat="35.217365" lon="-114.03576" /><trkpt lat="35.214345" lon="-114.048711" /><trkpt lat="35.207348" lon="-114.060202" /><trkpt lat="35.203406" lon="-114.063527" /><trkpt lat="35.19897" lon="-114.066831" /><trkpt lat="35.191332" lon="-114.067923" /><trkpt lat="35.191207" lon="-114.068707" /><trkpt lat="35.192213" lon="-114.07066" /><trkpt lat="35.19538" lon="-114.074285" /><trkpt lat="35.198123" lon="-114.077362" /><trkpt lat="35.201691" lon="-114.082041" /><trkpt lat="35.202838" lon="-114.085588" /><trkpt lat="35.205622" lon="-114.093466" /><trkpt lat="35.20687" lon="-114.097288" /><trkpt lat="35.21041" lon="-114.106817" /><trkpt lat="35.215016" lon="-114.114841" /><trkpt lat="35.21828" lon="-114.119217" /><trkpt lat="35.220802" lon="-114.124327" /><trkpt lat="35.223931" lon="-114.128968" /><trkpt lat="35.23067" lon="-114.136216" /><trkpt lat="35.237777" lon="-114.14257" /><trkpt lat="35.248785" lon="-114.151822" /><trkpt lat="35.28989" lon="-114.18167" /><trkpt lat="35.321809" lon="-114.204845" /><trkpt lat="35.360424" lon="-114.232758" /><trkpt lat="35.410623" lon="-114.269102" /><trkpt lat="35.420898" lon="-114.276536" /><trkpt lat="35.456028" lon="-114.301343" /><trkpt lat="35.497724" lon="-114.330147" /><trkpt lat="35.518331" lon="-114.344404" /><trkpt lat="35.543765" lon="-114.362" /><trkpt lat="35.577595" lon="-114.38544" /><trkpt lat="35.595685" lon="-114.397962" /><trkpt lat="35.610198" lon="-114.410963" /><trkpt lat="35.657921" lon="-114.446932" /><trkpt lat="35.667881" lon="-114.457254" /><trkpt lat="35.681383" lon="-114.46663" /><trkpt lat="35.691054" lon="-114.46984" /><trkpt lat="35.70092" lon="-114.472138" /><trkpt lat="35.705747" lon="-114.457695" /><trkpt lat="35.714066" lon="-114.433682" /><trkpt lat="35.718751" lon="-114.420484" /><trkpt lat="35.722255" lon="-114.41067" /><trkpt lat="35.725361" lon="-114.402087" /><trkpt lat="35.718279" lon="-114.398161" /><trkpt lat="35.724738" lon="-114.403753" /><trkpt lat="35.720061" lon="-114.41683" /><trkpt lat="35.714391" lon="-114.432772" /><trkpt lat="35.703385" lon="-114.464725" /><trkpt lat="35.704797" lon="-114.477018" /><trkpt lat="35.751666" lon="-114.502321" /><trkpt lat="35.787191" lon="-114.522991" /><trkpt lat="35.82121" lon="-114.553367" /><trkpt lat="35.844032" lon="-114.574204" /><trkpt lat="35.852285" lon="-114.592084" /><trkpt lat="35.863858" lon="-114.602638" /><trkpt lat="35.8892" lon="-114.621434" /><trkpt lat="35.913018" lon="-114.628793" /><trkpt lat="35.946798" lon="-114.645275" /><trkpt lat="35.960562" lon="-114.663312" /><trkpt lat="35.970743" lon="-114.683493" /><trkpt lat="35.975609" lon="-114.693939" /><trkpt lat="35.98307" lon="-114.705342" /><trkpt lat="35.987116" lon="-114.714196" /><trkpt lat="35.997391" lon="-114.720073" /><trkpt lat="36.00428" lon="-114.723828" /><trkpt lat="36.009004" lon="-114.729245" /><trkpt lat="36.010347" lon="-114.735958" /><trkpt lat="36.0146" lon="-114.745873" /><trkpt lat="36.015387" lon="-114.752354" /><trkpt lat="36.014267" lon="-114.756914" /><trkpt lat="36.010567" lon="-114.76266" /><trkpt lat="36.010139" lon="-114.767409" /><trkpt lat="36.011461" lon="-114.773528" /><trkpt lat="36.010796" lon="-114.776594" /><trkpt lat="36.007119" lon="-114.780819" /><trkpt lat="36.004272" lon="-114.783532" /><trkpt lat="36.003228" lon="-114.789635" /><trkpt lat="36.002243" lon="-114.794811" /><trkpt lat="35.997821" lon="-114.798785" /><trkpt lat="35.99387" lon="-114.799964" /><trkpt lat="35.990294" lon="-114.798872" /><trkpt lat="35.980428" lon="-114.792792" /><trkpt lat="35.960604" lon="-114.800171" /><trkpt lat="35.941677" lon="-114.81001" /><trkpt lat="35.934388" lon="-114.838214" /><trkpt lat="35.935253" lon="-114.863152" /><trkpt lat="35.945185" lon="-114.88638" /><trkpt lat="35.953022" lon="-114.903395" /><trkpt lat="35.95555" lon="-114.907202" /><trkpt lat="35.963631" lon="-114.911736" /><trkpt lat="35.972006" lon="-114.913871" /><trkpt lat="35.976772" lon="-114.915242" /><trkpt lat="35.981874" lon="-114.918001" /><trkpt lat="35.992581" lon="-114.929053" /><trkpt lat="35.998157" lon="-114.94052" /><trkpt lat="36.000055" lon="-114.948865" /><trkpt lat="36.000298" lon="-114.973568" /><trkpt lat="36.001723" lon="-114.978984" /><trkpt lat="36.006409" lon="-114.986154" /><trkpt lat="36.014504" lon="-114.992007" /><trkpt lat="36.028426" lon="-115.008408" /><trkpt lat="36.033682" lon="-115.013848" /><trkpt lat="36.034109" lon="-115.015975" /><trkpt lat="36.033409" lon="-115.01836" /><trkpt lat="36.032384" lon="-115.026736" /><trkpt lat="36.030252" lon="-115.040883" /><trkpt lat="36.02838" lon="-115.056095" /><trkpt lat="36.027507" lon="-115.062928" /><trkpt lat="36.025146" lon="-115.08148" /><trkpt lat="36.023642" lon="-115.091902" /><trkpt lat="36.023788" lon="-115.113706" /><trkpt lat="36.024484" lon="-115.124446" /><trkpt lat="36.028167" lon="-115.130092" /><trkpt lat="36.037583" lon="-115.133322" /><trkpt lat="36.042047" lon="-115.133471" /><trkpt lat="36.042776" lon="-115.136027" /><trkpt lat="36.042576" lon="-115.144673" /><trkpt lat="36.042389" lon="-115.154198" /><trkpt lat="36.042345" lon="-115.159504" /><trkpt lat="36.042346" lon="-115.168063" /><trkpt lat="36.042447" lon="-115.172149" /><trkpt lat="36.043421" lon="-115.177025" /><trkpt lat="36.043601" lon="-115.18031" /><trkpt lat="36.043496" lon="-115.183175" /><trkpt lat="36.041587" lon="-115.188088" /><trkpt lat="36.038513" lon="-115.194932" /><trkpt lat="36.03451" lon="-115.203845" /><trkpt lat="36.032746" lon="-115.207782" /><trkpt lat="36.029326" lon="-115.215475" /><trkpt lat="36.025703" lon="-115.225438" /><trkpt lat="36.023609" lon="-115.23746" /><trkpt lat="36.020497" lon="-115.255384" /><trkpt lat="36.020197" lon="-115.263807" /><trkpt lat="36.020331" lon="-115.278977" /><trkpt lat="36.020391" lon="-115.288393" /><trkpt lat="36.021103" lon="-115.302409" /><trkpt lat="36.022219" lon="-115.309681" /><trkpt lat="36.024136" lon="-115.318122" /><trkpt lat="36.026665" lon="-115.32303" /><trkpt lat="36.029756" lon="-115.331114" /><trkpt lat="36.033642" lon="-115.345068" /><trkpt lat="36.035285" lon="-115.353244" /><trkpt lat="36.034849" lon="-115.35985" /><trkpt lat="36.033791" lon="-115.37104" /><trkpt lat="36.032841" lon="-115.381192" /><trkpt lat="36.032851" lon="-115.39236" /><trkpt lat="36.032391" lon="-115.396098" /><trkpt lat="36.03007" lon="-115.399515" /><trkpt lat="36.025774" lon="-115.402358" /><trkpt lat="36.01877" lon="-115.417511" /><trkpt lat="36.014106" lon="-115.423904" /><trkpt lat="36.009995" lon="-115.431176" /><trkpt lat="36.006941" lon="-115.438238" /><trkpt lat="36.002061" lon="-115.443536" /><trkpt lat="35.999016" lon="-115.447469" /><trkpt lat="35.994979" lon="-115.457063" /><trkpt lat="35.993882" lon="-115.463108" /><trkpt lat="35.996553" lon="-115.4696" /><trkpt lat="35.997648" lon="-115.473049" /><trkpt lat="36.001019" lon="-115.481222" /><trkpt lat="36.001919" lon="-115.486851" /><trkpt lat="36.006693" lon="-115.488631" /><trkpt lat="36.008759" lon="-115.489948" /><trkpt lat="36.010415" lon="-115.492558" /><trkpt lat="36.01125" lon="-115.49586" /><trkpt lat="36.013198" lon="-115.499289" /><trkpt lat="36.015278" lon="-115.502048" /><trkpt lat="36.017927" lon="-115.505965" /><trkpt lat="36.019648" lon="-115.509103" /><trkpt lat="36.021075" lon="-115.511387" /><trkpt lat="36.022738" lon="-115.517591" /><trkpt lat="36.023394" lon="-115.526452" /><trkpt lat="36.022049" lon="-115.55215" /><trkpt lat="36.006964" lon="-115.589874" /><trkpt lat="36.004607" lon="-115.654377" /><trkpt lat="36.030233" lon="-115.698183" /><trkpt lat="36.088313" lon="-115.793389" /><trkpt lat="36.135203" lon="-115.870476" /><trkpt lat="36.144955" lon="-115.886531" /><trkpt lat="36.149734" lon="-115.89358" /><trkpt lat="36.154873" lon="-115.898726" /><trkpt lat="36.15853" lon="-115.902293" /><trkpt lat="36.168271" lon="-115.911823" /><trkpt lat="36.17558" lon="-115.929573" /><trkpt lat="36.182616" lon="-115.949492" /><trkpt lat="36.185578" lon="-115.957764" /><trkpt lat="36.187091" lon="-115.960695" /><trkpt lat="36.192058" lon="-115.966201" /><trkpt lat="36.193917" lon="-115.96809" /><trkpt lat="36.201146" lon="-115.975518" /><trkpt lat="36.203398" lon="-115.977816" /><trkpt lat="36.208005" lon="-115.983188" /><trkpt lat="36.20823" lon="-115.98551" /><trkpt lat="36.206901" lon="-115.989464" /><trkpt lat="36.206682" lon="-115.99117" /><trkpt lat="36.205681" lon="-115.994489" /><trkpt lat="36.205092" lon="-116.001474" /><trkpt lat="36.205194" lon="-116.013193" /><trkpt lat="36.205162" lon="-116.013671" /><trkpt lat="36.205215" lon="-116.014041" /><trkpt lat="36.205231" lon="-116.014297" /><trkpt lat="36.205158" lon="-116.015799" /><trkpt lat="36.204187" lon="-116.026703" /><trkpt lat="36.205107" lon="-116.030927" /><trkpt lat="36.204667" lon="-116.034273" /><trkpt lat="36.203558" lon="-116.037787" /><trkpt lat="36.202536" lon="-116.039859" /><trkpt lat="36.198688" lon="-116.045945" /><trkpt lat="36.195221" lon="-116.051425" /><trkpt lat="36.193388" lon="-116.054353" /><trkpt lat="36.184957" lon="-116.067686" /><trkpt lat="36.179806" lon="-116.075894" /><trkpt lat="36.178345" lon="-116.079077" /><trkpt lat="36.176008" lon="-116.084981" /><trkpt lat="36.174991" lon="-116.087408" /><trkpt lat="36.172206" lon="-116.092149" /><trkpt lat="36.170234" lon="-116.095716" /><trkpt lat="36.168931" lon="-116.099841" /><trkpt lat="36.167277" lon="-116.10791" /><trkpt lat="36.163598" lon="-116.125783" /><trkpt lat="36.162745" lon="-116.129825" /><trkpt lat="36.16133" lon="-116.136673" /><trkpt lat="36.159991" lon="-116.142536" /><trkpt lat="36.154043" lon="-116.1536" /><trkpt lat="36.150806" lon="-116.159438" /><trkpt lat="36.148076" lon="-116.161863" /><trkpt lat="36.132361" lon="-116.171901" /><trkpt lat="36.128045" lon="-116.174636" /><trkpt lat="36.122272" lon="-116.178327" /><trkpt lat="36.11697" lon="-116.180319" /><trkpt lat="36.111477" lon="-116.181585" /><trkpt lat="36.104454" lon="-116.182637" /><trkpt lat="36.089432" lon="-116.184898" /><trkpt lat="36.075681" lon="-116.186887" /><trkpt lat="36.068537" lon="-116.187934" /><trkpt lat="36.056643" lon="-116.189719" /><trkpt lat="36.044347" lon="-116.191517" /><trkpt lat="36.032867" lon="-116.193225" /><trkpt lat="36.026507" lon="-116.194156" /><trkpt lat="36.020046" lon="-116.195103" /><trkpt lat="36.014833" lon="-116.19586" /><trkpt lat="36.007018" lon="-116.197015" /><trkpt lat="36.001725" lon="-116.197853" /><trkpt lat="36.000161" lon="-116.19866" /><trkpt lat="35.998513" lon="-116.19999" /><trkpt lat="35.993846" lon="-116.203794" /><trkpt lat="35.992689" lon="-116.205585" /><trkpt lat="35.991676" lon="-116.211209" /><trkpt lat="35.991991" lon="-116.213377" /><trkpt lat="35.993715" lon="-116.215715" /><trkpt lat="35.995843" lon="-116.218027" /><trkpt lat="35.997835" lon="-116.220496" /><trkpt lat="35.998539" lon="-116.222934" /><trkpt lat="35.998225" lon="-116.225255" /><trkpt lat="35.99596" lon="-116.23038" /><trkpt lat="35.992762" lon="-116.234755" /><trkpt lat="35.987995" lon="-116.24113" /><trkpt lat="35.983963" lon="-116.246001" /><trkpt lat="35.979319" lon="-116.24831" /><trkpt lat="35.976879" lon="-116.249305" /><trkpt lat="35.974579" lon="-116.250222" /><trkpt lat="35.973478" lon="-116.251195" /><trkpt lat="35.972537" lon="-116.252912" /><trkpt lat="35.971821" lon="-116.256916" /><trkpt lat="35.971391" lon="-116.263105" /><trkpt lat="35.971814" lon="-116.268146" /><trkpt lat="35.971681" lon="-116.270531" /><trkpt lat="35.968131" lon="-116.270337" /><trkpt lat="35.966463" lon="-116.269598" /><trkpt lat="35.964469" lon="-116.268924" /><trkpt lat="35.96176" lon="-116.268055" /><trkpt lat="35.958845" lon="-116.267288" /><trkpt lat="35.957173" lon="-116.267296" /><trkpt lat="35.95201" lon="-116.268492" /><trkpt lat="35.948946" lon="-116.269261" /><trkpt lat="35.944889" lon="-116.269777" /><trkpt lat="35.941837" lon="-116.269506" /><trkpt lat="35.936939" lon="-116.268964" /><trkpt lat="35.91822" lon="-116.266931" /><trkpt lat="35.913297" lon="-116.266407" /><trkpt lat="35.909597" lon="-116.26543" /><trkpt lat="35.906435" lon="-116.263435" /><trkpt lat="35.900796" lon="-116.259203" /><trkpt lat="35.897494" lon="-116.258195" /><trkpt lat="35.889629" lon="-116.25747" /><trkpt lat="35.886026" lon="-116.257311" /><trkpt lat="35.884087" lon="-116.258112" /><trkpt lat="35.882305" lon="-116.260075" /><trkpt lat="35.877709" lon="-116.266776" /><trkpt lat="35.876253" lon="-116.269873" /><trkpt lat="35.873696" lon="-116.280335" /><trkpt lat="35.872813" lon="-116.283107" /><trkpt lat="35.871066" lon="-116.28788" /><trkpt lat="35.869614" lon="-116.29153" /><trkpt lat="35.868304" lon="-116.29631" /><trkpt lat="35.867066" lon="-116.301065" /><trkpt lat="35.86145" lon="-116.306739" /><trkpt lat="35.854668" lon="-116.311826" /><trkpt lat="35.850035" lon="-116.315312" /><trkpt lat="35.844106" lon="-116.317838" /><trkpt lat="35.828798" lon="-116.320774" /><trkpt lat="35.824951" lon="-116.321806" /><trkpt lat="35.820265" lon="-116.325341" /><trkpt lat="35.817356" lon="-116.328344" /><trkpt lat="35.815291" lon="-116.330449" /><trkpt lat="35.811427" lon="-116.333104" /><trkpt lat="35.805416" lon="-116.336096" /><trkpt lat="35.799678" lon="-116.338483" /><trkpt lat="35.79546" lon="-116.340142" /><trkpt lat="35.79355" lon="-116.339992" /><trkpt lat="35.791976" lon="-116.338903" /><trkpt lat="35.789761" lon="-116.335126" /><trkpt lat="35.786914" lon="-116.332188" /><trkpt lat="35.782034" lon="-116.326823" /><trkpt lat="35.777641" lon="-116.325608" /><trkpt lat="35.772423" lon="-116.32553" /><trkpt lat="35.768834" lon="-116.323621" /><trkpt lat="35.765866" lon="-116.323273" /><trkpt lat="35.759767" lon="-116.323246" /><trkpt lat="35.756503" lon="-116.321152" /><trkpt lat="35.748667" lon="-116.315321" /><trkpt lat="35.734076" lon="-116.31174" /><trkpt lat="35.717389" lon="-116.308259" /><trkpt lat="35.674575" lon="-116.299318" /><trkpt lat="35.648566" lon="-116.293863" /><trkpt lat="35.635621" lon="-116.291139" /><trkpt lat="35.627673" lon="-116.289427" /><trkpt lat="35.625607" lon="-116.288336" /><trkpt lat="35.623918" lon="-116.286711" /><trkpt lat="35.622219" lon="-116.283724" /><trkpt lat="35.619413" lon="-116.277553" /><trkpt lat="35.617982" lon="-116.274516" /><trkpt lat="35.617292" lon="-116.271524" /><trkpt lat="35.614188" lon="-116.264005" /><trkpt lat="35.609149" lon="-116.250926" /><trkpt lat="35.603878" lon="-116.244973" /><trkpt lat="35.594011" lon="-116.234204" /><trkpt lat="35.575353" lon="-116.213974" /><trkpt lat="35.560683" lon="-116.19774" /><trkpt lat="35.552777" lon="-116.18919" /><trkpt lat="35.551196" lon="-116.188166" /><trkpt lat="35.537172" lon="-116.182901" /><trkpt lat="35.528517" lon="-116.179444" /><trkpt lat="35.518643" lon="-116.176356" /><trkpt lat="35.499962" lon="-116.171204" /><trkpt lat="35.492583" lon="-116.16935" /><trkpt lat="35.477864" lon="-116.166572" /><trkpt lat="35.467662" lon="-116.166129" /><trkpt lat="35.461397" lon="-116.165943" /><trkpt lat="35.435873" lon="-116.151567" /><trkpt lat="35.404031" lon="-116.128409" /><trkpt lat="35.392311" lon="-116.127355" /><trkpt lat="35.387256" lon="-116.126257" /><trkpt lat="35.375181" lon="-116.120848" /><trkpt lat="35.37053" lon="-116.115695" /><trkpt lat="35.344659" lon="-116.084073" /><trkpt lat="35.328522" lon="-116.080799" /><trkpt lat="35.311135" lon="-116.084107" /><trkpt lat="35.292283" lon="-116.081869" /><trkpt lat="35.278031" lon="-116.075379" /><trkpt lat="35.278295" lon="-116.074145" /><trkpt lat="35.274753" lon="-116.069423" /><trkpt lat="35.27476" lon="-116.064934" /><trkpt lat="35.274616" lon="-116.063278" /><trkpt lat="35.27287" lon="-116.063123" /><trkpt lat="35.271446" lon="-116.065428" /><trkpt lat="35.271103" lon="-116.065955" /><trkpt lat="35.270256" lon="-116.067226" /><trkpt lat="35.26983" lon="-116.067878" /><trkpt lat="35.26919" lon="-116.06891" /><trkpt lat="35.268669" lon="-116.069749" /><trkpt lat="35.268457" lon="-116.07009" /><trkpt lat="35.267785" lon="-116.071182" /><trkpt lat="35.267588" lon="-116.071497" /><trkpt lat="35.267352" lon="-116.071875" /><trkpt lat="35.267024" lon="-116.072399" /><trkpt lat="35.266216" lon="-116.073696" /><trkpt lat="35.265966" lon="-116.074097" /><trkpt lat="35.265706" lon="-116.074512" /><trkpt lat="35.265391" lon="-116.075007" /><trkpt lat="35.264613" lon="-116.074308" /><trkpt lat="35.26416" lon="-116.074694" /><trkpt lat="35.263387" lon="-116.074848" /><trkpt lat="35.26267" lon="-116.075156" /><trkpt lat="35.262146" lon="-116.075694" /><trkpt lat="35.26047" lon="-116.078156" /><trkpt lat="35.257981" lon="-116.082126" /><trkpt lat="35.25456" lon="-116.087549" /><trkpt lat="35.253737" lon="-116.088611" /><trkpt lat="35.252709" lon="-116.089715" /><trkpt lat="35.251226" lon="-116.090991" /><trkpt lat="35.24867" lon="-116.092559" /><trkpt lat="35.244743" lon="-116.09487" /><trkpt lat="35.213582" lon="-116.113205" /><trkpt lat="35.203109" lon="-116.119411" /><trkpt lat="35.200989" lon="-116.121201" /><trkpt lat="35.200836" lon="-116.121363" /><trkpt lat="35.198891" lon="-116.12411" /><trkpt lat="35.197726" lon="-116.126948" /><trkpt lat="35.197271" lon="-116.128795" /><trkpt lat="35.196625" lon="-116.134268" /><trkpt lat="35.195626" lon="-116.14276" /><trkpt lat="35.194566" lon="-116.151019" /><trkpt lat="35.193885" lon="-116.152953" /><trkpt lat="35.192385" lon="-116.155406" /><trkpt lat="35.188243" lon="-116.160942" /><trkpt lat="35.18563" lon="-116.163927" /><trkpt lat="35.184005" lon="-116.165455" /><trkpt lat="35.176555" lon="-116.172455" /><trkpt lat="35.164708" lon="-116.183221" /><trkpt lat="35.151154" lon="-116.195758" /><trkpt lat="35.132503" lon="-116.212979" /><trkpt lat="35.130905" lon="-116.21464" /><trkpt lat="35.129664" lon="-116.216337" /><trkpt lat="35.12375" lon="-116.226265" /><trkpt lat="35.109859" lon="-116.250282" /><trkpt lat="35.103772" lon="-116.260917" /><trkpt lat="35.102098" lon="-116.263902" /><trkpt lat="35.100971" lon="-116.266979" /><trkpt lat="35.100503" lon="-116.269444" /><trkpt lat="35.10038" lon="-116.270576" /><trkpt lat="35.098692" lon="-116.291051" /><trkpt lat="35.098341" lon="-116.293041" /><trkpt lat="35.097691" lon="-116.295339" /><trkpt lat="35.096478" lon="-116.29841" /><trkpt lat="35.088794" lon="-116.317715" /><trkpt lat="35.088361" lon="-116.319254" /><trkpt lat="35.08743" lon="-116.324318" /><trkpt lat="35.087123" lon="-116.32684" /><trkpt lat="35.087119" lon="-116.329039" /><trkpt lat="35.087252" lon="-116.330507" /><trkpt lat="35.08785" lon="-116.333702" /><trkpt lat="35.088233" lon="-116.336315" /><trkpt lat="35.088215" lon="-116.337756" /><trkpt lat="35.086886" lon="-116.349706" /><trkpt lat="35.086735" lon="-116.351028" /><trkpt lat="35.083754" lon="-116.376804" /><trkpt lat="35.083389" lon="-116.378362" /><trkpt lat="35.082438" lon="-116.380971" /><trkpt lat="35.080253" lon="-116.385537" /><trkpt lat="35.079716" lon="-116.387328" /><trkpt lat="35.079542" lon="-116.388668" /><trkpt lat="35.079346" lon="-116.397565" /><trkpt lat="35.079191" lon="-116.398631" /><trkpt lat="35.078696" lon="-116.400322" /><trkpt lat="35.078342" lon="-116.401174" /><trkpt lat="35.073485" lon="-116.408793" /><trkpt lat="35.068419" lon="-116.416573" /><trkpt lat="35.059868" lon="-116.429645" /><trkpt lat="35.035981" lon="-116.466147" /><trkpt lat="35.034082" lon="-116.469054" /><trkpt lat="35.033438" lon="-116.470094" /><trkpt lat="35.033145" lon="-116.470638" /><trkpt lat="35.032745" lon="-116.471449" /><trkpt lat="35.032617" lon="-116.471735" /><trkpt lat="35.032258" lon="-116.472606" /><trkpt lat="35.031863" lon="-116.473683" /><trkpt lat="35.024816" lon="-116.493331" /><trkpt lat="35.017841" lon="-116.512758" /><trkpt lat="35.012815" lon="-116.526769" /><trkpt lat="35.010386" lon="-116.533526" /><trkpt lat="35.00086" lon="-116.559935" /><trkpt lat="34.998269" lon="-116.565893" /><trkpt lat="34.992915" lon="-116.578144" /><trkpt lat="34.989935" lon="-116.585014" /><trkpt lat="34.966269" lon="-116.639256" /><trkpt lat="34.962082" lon="-116.648807" /><trkpt lat="34.946544" lon="-116.684286" /><trkpt lat="34.928879" lon="-116.72202" /><trkpt lat="34.928509" lon="-116.722864" /><trkpt lat="34.928099" lon="-116.724001" /><trkpt lat="34.927876" lon="-116.724742" /><trkpt lat="34.927531" lon="-116.726146" /><trkpt lat="34.919183" lon="-116.766819" /><trkpt lat="34.91387" lon="-116.792617" /><trkpt lat="34.912479" lon="-116.799333" /><trkpt lat="34.911114" lon="-116.806017" /><trkpt lat="34.910998" lon="-116.806777" /><trkpt lat="34.910873" lon="-116.808009" /><trkpt lat="34.910824" lon="-116.809019" /><trkpt lat="34.910941" lon="-116.813008" /><trkpt lat="34.911283" lon="-116.823037" /><trkpt lat="34.909976" lon="-116.833873" /><trkpt lat="34.908565" lon="-116.844105" /><trkpt lat="34.908098" lon="-116.847584" /><trkpt lat="34.902747" lon="-116.886479" /><trkpt lat="34.902304" lon="-116.8897" /><trkpt lat="34.901396" lon="-116.896185" /><trkpt lat="34.901182" lon="-116.898627" /><trkpt lat="34.901272" lon="-116.906743" /><trkpt lat="34.901561" lon="-116.923592" /><trkpt lat="34.901837" lon="-116.926372" /><trkpt lat="34.902689" lon="-116.930819" /><trkpt lat="34.906583" lon="-116.957092" /><trkpt lat="34.908388" lon="-116.9675" /><trkpt lat="34.908522" lon="-116.96959" /><trkpt lat="34.90846" lon="-116.970695" /><trkpt lat="34.908265" lon="-116.971924" /><trkpt lat="34.908113" lon="-116.97252" /><trkpt lat="34.907508" lon="-116.974544" /><trkpt lat="34.906264" lon="-116.978546" /><trkpt lat="34.90547" lon="-116.981038" /><trkpt lat="34.90497" lon="-116.982218" /><trkpt lat="34.904211" lon="-116.983656" /><trkpt lat="34.903007" lon="-116.985433" /><trkpt lat="34.902171" lon="-116.986527" /><trkpt lat="34.897229" lon="-116.993318" /><trkpt lat="34.895376" lon="-116.99585" /><trkpt lat="34.893246" lon="-116.998888" /><trkpt lat="34.89269" lon="-116.999828" /><trkpt lat="34.892564" lon="-117.000186" /><trkpt lat="34.892555" lon="-117.000449" /><trkpt lat="34.892652" lon="-117.000806" /><trkpt lat="34.892911" lon="-117.001526" /><trkpt lat="34.893197" lon="-117.002362" /><trkpt lat="34.893363" lon="-117.002804" /><trkpt lat="34.893658" lon="-117.003354" /><trkpt lat="34.893836" lon="-117.003348" /><trkpt lat="34.894218" lon="-117.003024" /><trkpt lat="34.894103" lon="-117.002607" /><trkpt lat="34.893825" lon="-117.00243" /><trkpt lat="34.893658" lon="-117.003354" /><trkpt lat="34.891557" lon="-117.001391" /><trkpt lat="34.887173" lon="-117.007423" /><trkpt lat="34.886367" lon="-117.00983" /><trkpt lat="34.886078" lon="-117.013051" /><trkpt lat="34.886277" lon="-117.044142" /><trkpt lat="34.88408" lon="-117.060103" /><trkpt lat="34.872255" lon="-117.074989" /><trkpt lat="34.86685" lon="-117.080595" /><trkpt lat="34.855876" lon="-117.084526" /><trkpt lat="34.812404" lon="-117.096937" /><trkpt lat="34.75911" lon="-117.159515" /><trkpt lat="34.720164" lon="-117.19564" /><trkpt lat="34.682433" lon="-117.213236" /><trkpt lat="34.644603" lon="-117.21793" /><trkpt lat="34.59082" lon="-117.259898" /><trkpt lat="34.560764" lon="-117.286179" /><trkpt lat="34.549621" lon="-117.293867" /><trkpt lat="34.540363" lon="-117.308995" /><trkpt lat="34.523512" lon="-117.318668" /><trkpt lat="34.505425" lon="-117.323573" /><trkpt lat="34.480357" lon="-117.33862" /><trkpt lat="34.464671" lon="-117.350903" /><trkpt lat="34.441055" lon="-117.369319" /><trkpt lat="34.424053" lon="-117.38265" /><trkpt lat="34.40744" lon="-117.395593" /><trkpt lat="34.39902" lon="-117.402208" /><trkpt lat="34.38702" lon="-117.412253" /><trkpt lat="34.363235" lon="-117.432604" /><trkpt lat="34.35059" lon="-117.444913" /><trkpt lat="34.34589" lon="-117.451176" /><trkpt lat="34.344387" lon="-117.456777" /><trkpt lat="34.345801" lon="-117.465842" /><trkpt lat="34.347863" lon="-117.473507" /><trkpt lat="34.342037" lon="-117.482105" /><trkpt lat="34.326583" lon="-117.48239" /><trkpt lat="34.311022" lon="-117.474146" /><trkpt lat="34.30234" lon="-117.46075" /><trkpt lat="34.29262" lon="-117.453005" /><trkpt lat="34.279163" lon="-117.452177" /><trkpt lat="34.266807" lon="-117.449728" /><trkpt lat="34.258144" lon="-117.450294" /><trkpt lat="34.253259" lon="-117.448476" /><trkpt lat="34.247857" lon="-117.439239" /><trkpt lat="34.240032" lon="-117.429991" /><trkpt lat="34.235307" lon="-117.423647" /><trkpt lat="34.226305" lon="-117.412145" /><trkpt lat="34.22284" lon="-117.410192" /><trkpt lat="34.214895" lon="-117.411781" /><trkpt lat="34.195871" lon="-117.419437" /><trkpt lat="34.181662" lon="-117.437082" /><trkpt lat="34.166112" lon="-117.460191" /><trkpt lat="34.150551" lon="-117.479036" /><trkpt lat="34.139219" lon="-117.493573" /><trkpt lat="34.136722" lon="-117.500557" /><trkpt lat="34.136489" lon="-117.512753" /><trkpt lat="34.136676" lon="-117.54123" /><trkpt lat="34.136774" lon="-117.561363" /><trkpt lat="34.136353" lon="-117.573222" /><trkpt lat="34.135189" lon="-117.597569" /><trkpt lat="34.13501" lon="-117.628123" /><trkpt lat="34.134816" lon="-117.660822" /><trkpt lat="34.1347" lon="-117.67382" /><trkpt lat="34.124927" lon="-117.691968" /><trkpt lat="34.121589" lon="-117.696735" /><trkpt lat="34.120109" lon="-117.704105" /><trkpt lat="34.120582" lon="-117.736667" /><trkpt lat="34.120623" lon="-117.746147" /><trkpt lat="34.119603" lon="-117.753489" /><trkpt lat="34.119797" lon="-117.768661" /><trkpt lat="34.120093" lon="-117.782513" /><trkpt lat="34.119901" lon="-117.792876" /><trkpt lat="34.119884" lon="-117.807856" /><trkpt lat="34.120647" lon="-117.824062" /><trkpt lat="34.121158" lon="-117.833029" /><trkpt lat="34.118116" lon="-117.842814" /><trkpt lat="34.117742" lon="-117.854224" /><trkpt lat="34.117678" lon="-117.863338" /><trkpt lat="34.120536" lon="-117.870326" /><trkpt lat="34.121049" lon="-117.879398" /><trkpt lat="34.120993" lon="-117.892295" /><trkpt lat="34.120972" lon="-117.904197" /><trkpt lat="34.121833" lon="-117.911161" /><trkpt lat="34.127698" lon="-117.91785" /><trkpt lat="34.130656" lon="-117.926722" /><trkpt lat="34.129018" lon="-117.938011" /><trkpt lat="34.132233" lon="-117.94991" /><trkpt lat="34.134145" lon="-117.954946" /><trkpt lat="34.133541" lon="-117.958052" /><trkpt lat="34.1281" lon="-117.962517" /><trkpt lat="34.115053" lon="-117.977866" /><trkpt lat="34.09642" lon="-117.986453" /><trkpt lat="34.087747" lon="-117.995303" /><trkpt lat="34.075226" lon="-117.998722" /><trkpt lat="34.067221" lon="-118.001233" /><trkpt lat="34.064871" lon="-118.003494" /><trkpt lat="34.064143" lon="-118.008011" /><trkpt lat="34.065218" lon="-118.014388" /><trkpt lat="34.066181" lon="-118.017449" /><trkpt lat="34.068039" lon="-118.022234" /><trkpt lat="34.068202" lon="-118.027409" /><trkpt lat="34.068338" lon="-118.037485" /><trkpt lat="34.069725" lon="-118.045789" /><trkpt lat="34.072743" lon="-118.05359" /><trkpt lat="34.07246" lon="-118.069633" /><trkpt lat="34.072279" lon="-118.081771" /><trkpt lat="34.072182" lon="-118.091508" /><trkpt lat="34.072176" lon="-118.101646" /><trkpt lat="34.071994" lon="-118.108059" /><trkpt lat="34.071811" lon="-118.123538" /><trkpt lat="34.071653" lon="-118.135039" /><trkpt lat="34.071842" lon="-118.143911" /><trkpt lat="34.068678" lon="-118.151015" /><trkpt lat="34.063728" lon="-118.160733" /><trkpt lat="34.061902" lon="-118.163181" /><trkpt lat="34.06129" lon="-118.165207" /><trkpt lat="34.061673" lon="-118.170003" /><trkpt lat="34.061272" lon="-118.171963" /><trkpt lat="34.056513" lon="-118.18272" /><trkpt lat="34.055555" lon="-118.185622" /><trkpt lat="34.0556" lon="-118.197802" /><trkpt lat="34.053866" lon="-118.20514" /><trkpt lat="34.053989" lon="-118.208354" /><trkpt lat="34.055373" lon="-118.214487" /><trkpt lat="34.054926" lon="-118.2207" /><trkpt lat="34.052975" lon="-118.223405" /><trkpt lat="34.05286" lon="-118.226996" /><trkpt lat="34.053674" lon="-118.232486" /><trkpt lat="34.053885" lon="-118.236529" /><trkpt lat="34.056031" lon="-118.240764" /><trkpt lat="34.058678" lon="-118.244834" /><trkpt lat="34.060436" lon="-118.246783" /><trkpt lat="34.064023" lon="-118.250041" /><trkpt lat="34.067291" lon="-118.254688" /><trkpt lat="34.069682" lon="-118.260916" /><trkpt lat="34.072158" lon="-118.267047" /><trkpt lat="34.073557" lon="-118.270358" /><trkpt lat="34.074955" lon="-118.273424" /><trkpt lat="34.077044" lon="-118.280682" /><trkpt lat="34.07842" lon="-118.287096" /><trkpt lat="34.080507" lon="-118.292271" /><trkpt lat="34.082028" lon="-118.295461" /><trkpt lat="34.08574" lon="-118.301704" /><trkpt lat="34.088271" lon="-118.304762" /><trkpt lat="34.090785" lon="-118.306079" /><trkpt lat="34.090775" lon="-118.308491" /><trkpt lat="34.090771" lon="-118.311497" /><trkpt lat="34.090752" lon="-118.31565" /><trkpt lat="34.090754" lon="-118.317829" /><trkpt lat="34.090751" lon="-118.320345" /><trkpt lat="34.090749" lon="-118.324169" /><trkpt lat="34.090741" lon="-118.326637" /><trkpt lat="34.090743" lon="-118.328879" /><trkpt lat="34.090742" lon="-118.33099" /><trkpt lat="34.090728" lon="-118.333448" /><trkpt lat="34.090719" lon="-118.336393" /><trkpt lat="34.090708" lon="-118.337953" /><trkpt lat="34.090715" lon="-118.340435" /><trkpt lat="34.090939" lon="-118.342104" /><trkpt lat="34.090716" lon="-118.341624" /><trkpt lat="34.09071" lon="-118.342664" /><trkpt lat="34.090703" lon="-118.343669" /><trkpt lat="34.090128" lon="-118.344088" /><trkpt lat="34.088775" lon="-118.344065" /><trkpt lat="34.087017" lon="-118.34406" /><trkpt lat="34.085373" lon="-118.344054" /><trkpt lat="34.083997" lon="-118.34406" /><trkpt lat="34.082461" lon="-118.344054" /><trkpt lat="34.080657" lon="-118.344052" /><trkpt lat="34.080094" lon="-118.344053" /><trkpt lat="34.078716" lon="-118.344055" /><trkpt lat="34.07804" lon="-118.344056" /><trkpt lat="34.076419" lon="-118.344059" /><trkpt lat="34.075805" lon="-118.344055" /><trkpt lat="34.073462" lon="-118.344018" /><trkpt lat="34.07104" lon="-118.34403" /><trkpt lat="34.069056" lon="-118.344026" /><trkpt lat="34.06709" lon="-118.344033" /><trkpt lat="34.066695" lon="-118.344044" /><trkpt lat="34.064387" lon="-118.344039" /><trkpt lat="34.062822" lon="-118.344035" /><trkpt lat="34.061903" lon="-118.344179" /><trkpt lat="34.060613" lon="-118.34466" /><trkpt lat="34.05937" lon="-118.345136" /><trkpt lat="34.058736" lon="-118.345381" /><trkpt lat="34.057867" lon="-118.345756" /><trkpt lat="34.057118" lon="-118.345875" /><trkpt lat="34.056396" lon="-118.34526" /><trkpt lat="34.054894" lon="-118.343935" /><trkpt lat="34.054244" lon="-118.343531" /><trkpt lat="34.053443" lon="-118.343608" /><trkpt lat="34.052226" lon="-118.344048" /><trkpt lat="34.051368" lon="-118.344267" /><trkpt lat="34.050111" lon="-118.344208" /><trkpt lat="34.049246" lon="-118.344164" /><trkpt lat="34.048253" lon="-118.344507" /><trkpt lat="34.047698" lon="-118.344712" /><trkpt lat="34.04644" lon="-118.345216" /><trkpt lat="34.046188" lon="-118.345317" /><trkpt lat="34.045641" lon="-118.345484" /><trkpt lat="34.04419" lon="-118.346036" /><trkpt lat="34.043066" lon="-118.346468" /><trkpt lat="34.041076" lon="-118.34723" /><trkpt lat="34.040062" lon="-118.347665" /><trkpt lat="34.03865" lon="-118.348375" /><trkpt lat="34.038019" lon="-118.348622" /><trkpt lat="34.035717" lon="-118.349624" /><trkpt lat="34.034148" lon="-118.350231" /><trkpt lat="34.032862" lon="-118.350788" /><trkpt lat="34.032319" lon="-118.351038" /><trkpt lat="34.030541" lon="-118.351924" /><trkpt lat="34.028779" lon="-118.352606" /><trkpt lat="34.028004" lon="-118.353122" /><trkpt lat="34.02595" lon="-118.354594" /><trkpt lat="34.025403" lon="-118.354988" /><trkpt lat="34.023541" lon="-118.355572" /><trkpt lat="34.021984" lon="-118.355641" /><trkpt lat="34.020626" lon="-118.355622" /><trkpt lat="34.019012" lon="-118.355595" /><trkpt lat="34.018199" lon="-118.355666" /><trkpt lat="34.012824" lon="-118.355585" /><trkpt lat="34.012017" lon="-118.355802" /><trkpt lat="34.009198" lon="-118.357722" /><trkpt lat="34.002255" lon="-118.359165" /><trkpt lat="34.00085" lon="-118.359095" /><trkpt lat="33.999077" lon="-118.358325" /><trkpt lat="33.997417" lon="-118.358114" /><trkpt lat="33.997123" lon="-118.358342" /><trkpt lat="33.996841" lon="-118.359784" /><trkpt lat="33.998144" lon="-118.364511" /><trkpt lat="33.998458" lon="-118.365843" /><trkpt lat="33.998319" lon="-118.368632" /><trkpt lat="33.99822" lon="-118.369235" /><trkpt lat="33.998016" lon="-118.369567" /><trkpt lat="33.997516" lon="-118.369419" /><trkpt lat="33.994343" lon="-118.368902" /><trkpt lat="33.993421" lon="-118.368804" /><trkpt lat="33.992493" lon="-118.368812" /><trkpt lat="33.991443" lon="-118.368972" /><trkpt lat="33.99054" lon="-118.369243" /><trkpt lat="33.988684" lon="-118.370056" /><trkpt lat="33.98716" lon="-118.37065" /><trkpt lat="33.98624" lon="-118.370789" /><trkpt lat="33.985712" lon="-118.370793" /><trkpt lat="33.980068" lon="-118.370437" /><trkpt lat="33.978835" lon="-118.370367" /><trkpt lat="33.977707" lon="-118.370328" /><trkpt lat="33.976762" lon="-118.370234" /><trkpt lat="33.975004" lon="-118.370201" /><trkpt lat="33.972863" lon="-118.370196" /><trkpt lat="33.968849" lon="-118.37017" /><trkpt lat="33.967674" lon="-118.370446" /><trkpt lat="33.965913" lon="-118.371015" /><trkpt lat="33.964299" lon="-118.370282" /><trkpt lat="33.961463" lon="-118.369528" /><trkpt lat="33.956553" lon="-118.369491" /><trkpt lat="33.953831" lon="-118.36951" /><trkpt lat="33.95155" lon="-118.369185" /><trkpt lat="33.949255" lon="-118.368655" /><trkpt lat="33.946883" lon="-118.36855" /><trkpt lat="33.942631" lon="-118.368563" /><trkpt lat="33.938647" lon="-118.368542" /><trkpt lat="33.933079" lon="-118.368533" /><trkpt lat="33.929368" lon="-118.36855" /><trkpt lat="33.926256" lon="-118.368579" /><trkpt lat="33.924036" lon="-118.368707" /><trkpt lat="33.919673" lon="-118.369631" /><trkpt lat="33.91625" lon="-118.37037" /><trkpt lat="33.915574" lon="-118.370476" /><trkpt lat="33.913212" lon="-118.370562" /><trkpt lat="33.905765" lon="-118.370562" /><trkpt lat="33.899925" lon="-118.370562" /><trkpt lat="33.898473" lon="-118.370314" /><trkpt lat="33.897501" lon="-118.369872" /><trkpt lat="33.896316" lon="-118.368911" /><trkpt lat="33.894452" lon="-118.366423" /><trkpt lat="33.889629" lon="-118.359694" /><trkpt lat="33.886564" lon="-118.355419" /><trkpt lat="33.884598" lon="-118.352666" /><trkpt lat="33.882235" lon="-118.349526" /><trkpt lat="33.880336" lon="-118.347702" /><trkpt lat="33.879592" lon="-118.347289" /><trkpt lat="33.876837" lon="-118.345774" /><trkpt lat="33.875696" lon="-118.348851" /><trkpt lat="33.874712" lon="-118.351827" /><trkpt lat="33.874235" lon="-118.352699" /><trkpt lat="33.872896" lon="-118.352689" /><trkpt lat="33.870578" lon="-118.352703" /><trkpt lat="33.868657" lon="-118.352698" /><trkpt lat="33.866375" lon="-118.352702" /><trkpt lat="33.865092" lon="-118.352695" /><trkpt lat="33.862579" lon="-118.352687" /><trkpt lat="33.861743" lon="-118.352685" /><trkpt lat="33.859633" lon="-118.352801" /><trkpt lat="33.858429" lon="-118.353585" /><trkpt lat="33.857693" lon="-118.353846" /><trkpt lat="33.855825" lon="-118.353845" /><trkpt lat="33.852724" lon="-118.353851" /><trkpt lat="33.851398" lon="-118.353834" /><trkpt lat="33.848608" lon="-118.353969" /><trkpt lat="33.848617" lon="-118.355501" /><trkpt lat="33.848668" lon="-118.358055" /><trkpt lat="33.848606" lon="-118.3612" /><trkpt lat="33.848607" lon="-118.362194" /><trkpt lat="33.84861" lon="-118.363154" /><trkpt lat="33.84861" lon="-118.366721" /><trkpt lat="33.848609" lon="-118.370934" /><trkpt lat="33.848656" lon="-118.373096" /><trkpt lat="33.848689" lon="-118.374713" /><trkpt lat="33.848805" lon="-118.376592" /><trkpt lat="33.848419" lon="-118.377554" /><trkpt lat="33.846841" lon="-118.377409" /><trkpt lat="33.844327" lon="-118.376932" /><trkpt lat="33.842479" lon="-118.376555" /><trkpt lat="33.841187" lon="-118.376304" /><trkpt lat="33.840645" lon="-118.377758" /><trkpt lat="33.84051" lon="-118.380212" /><trkpt lat="33.839844" lon="-118.384326" /><trkpt lat="33.841344" lon="-118.385654" /><trkpt lat="33.842798" lon="-118.386113" /><trkpt lat="33.843609" lon="-118.386529" /><trkpt lat="33.845097" lon="-118.387287" /><trkpt lat="33.847142" lon="-118.38793" /><trkpt lat="33.8491" lon="-118.388516" /><trkpt lat="33.850253" lon="-118.388891" /><trkpt lat="33.851386" lon="-118.389245" /><trkpt lat="33.852404" lon="-118.389563" /><trkpt lat="33.853502" lon="-118.389908" /><trkpt lat="33.854549" lon="-118.390233" /><trkpt lat="33.8554" lon="-118.39045" /><trkpt lat="33.856386" lon="-118.39061" /><trkpt lat="33.857558" lon="-118.390948" /><trkpt lat="33.85831" lon="-118.391173" /><trkpt lat="33.859167" lon="-118.391411" /><trkpt lat="33.860369" lon="-118.391759" /><trkpt lat="33.861" lon="-118.391943" /><trkpt lat="33.861923" lon="-118.39221" /><trkpt lat="33.862578" lon="-118.392158" /><trkpt lat="33.863225" lon="-118.391297" /><trkpt lat="33.863349" lon="-118.389847" /><trkpt lat="33.864154" lon="-118.388383" /><trkpt lat="33.864921" lon="-118.387384" /><trkpt lat="33.865888" lon="-118.386097" /><trkpt lat="33.866763" lon="-118.384724" /><trkpt lat="33.868023" lon="-118.383079" /><trkpt lat="33.869118" lon="-118.382638" /><trkpt lat="33.87002" lon="-118.382529" /><trkpt lat="33.871623" lon="-118.382153" /><trkpt lat="33.87269" lon="-118.381675" /><trkpt lat="33.874525" lon="-118.380552" /><trkpt lat="33.876779" lon="-118.380036" /><trkpt lat="33.879599" lon="-118.380023" /><trkpt lat="33.880444" lon="-118.379797" /><trkpt lat="33.882475" lon="-118.378651" /><trkpt lat="33.884834" lon="-118.378616" /><trkpt lat="33.886702" lon="-118.378575" /><trkpt lat="33.887428" lon="-118.378651" /><trkpt lat="33.891183" lon="-118.378673" /><trkpt lat="33.894192" lon="-118.378683" /><trkpt lat="33.895964" lon="-118.378692" /><trkpt lat="33.898509" lon="-118.378712" /><trkpt lat="33.900219" lon="-118.378697" /><trkpt lat="33.901797" lon="-118.378702" /><trkpt lat="33.901758" lon="-118.375174" /><trkpt lat="33.90176" lon="-118.372556" /><trkpt lat="33.901658" lon="-118.36946" /><trkpt lat="33.901066" lon="-118.369579" /><trkpt lat="33.901139" lon="-118.370119" /><trkpt lat="33.902199" lon="-118.370355" /><trkpt lat="33.912047" lon="-118.370359" /><trkpt lat="33.916545" lon="-118.370119" /><trkpt lat="33.921593" lon="-118.368998" /><trkpt lat="33.924578" lon="-118.368392" /><trkpt lat="33.929722" lon="-118.368286" /><trkpt lat="33.935464" lon="-118.368279" /><trkpt lat="33.943376" lon="-118.368252" /><trkpt lat="33.948334" lon="-118.368312" /><trkpt lat="33.951397" lon="-118.368934" /><trkpt lat="33.953674" lon="-118.369299" /><trkpt lat="33.957171" lon="-118.369278" /><trkpt lat="33.962021" lon="-118.369416" /><trkpt lat="33.964851" lon="-118.370255" /><trkpt lat="33.967229" lon="-118.371053" /><trkpt lat="33.968691" lon="-118.372145" /><trkpt lat="33.970603" lon="-118.375335" /><trkpt lat="33.973268" lon="-118.380363" /><trkpt lat="33.975608" lon="-118.384864" /><trkpt lat="33.978491" lon="-118.391008" /><trkpt lat="33.979938" lon="-118.392821" /><trkpt lat="33.983597" lon="-118.395742" /><trkpt lat="33.988693" lon="-118.399766" /><trkpt lat="33.991309" lon="-118.401795" /><trkpt lat="33.997894" lon="-118.406974" /><trkpt lat="34.00252" lon="-118.410636" /><trkpt lat="34.006349" lon="-118.413664" /><trkpt lat="34.009304" lon="-118.416015" /><trkpt lat="34.016524" lon="-118.421707" /><trkpt lat="34.025891" lon="-118.429003" /><trkpt lat="34.029329" lon="-118.431299" /><trkpt lat="34.030774" lon="-118.432758" /><trkpt lat="34.031356" lon="-118.434551" /><trkpt lat="34.030965" lon="-118.437543" /><trkpt lat="34.030065" lon="-118.442532" /><trkpt lat="34.028582" lon="-118.448413" /><trkpt lat="34.027791" lon="-118.452821" /><trkpt lat="34.027716" lon="-118.456501" /><trkpt lat="34.023515" lon="-118.473199" /><trkpt lat="34.021281" lon="-118.477407" /><trkpt lat="34.014976" lon="-118.485769" /><trkpt lat="34.012688" lon="-118.48995" /><trkpt lat="34.012469" lon="-118.492236" /><trkpt lat="34.011623" lon="-118.49396" /><trkpt lat="34.011418" lon="-118.494802" /><trkpt lat="34.011539" lon="-118.495884" /><trkpt lat="34.012012" lon="-118.496788" /><trkpt lat="34.015956" lon="-118.501149" /><trkpt lat="34.018659" lon="-118.504676" /><trkpt lat="34.019807" lon="-118.506137" /><trkpt lat="34.021645" lon="-118.508485" /><trkpt lat="34.025221" lon="-118.513769" /><trkpt lat="34.026942" lon="-118.517107" /><trkpt lat="34.028016" lon="-118.519029" /><trkpt lat="34.028729" lon="-118.520424" /><trkpt lat="34.031417" lon="-118.525402" /><trkpt lat="34.032838" lon="-118.529605" /><trkpt lat="34.035689" lon="-118.535574" /><trkpt lat="34.037235" lon="-118.538661" /><trkpt lat="34.038909" lon="-118.542488" /><trkpt lat="34.039609" lon="-118.545986" /><trkpt lat="34.039402" lon="-118.548437" /><trkpt lat="34.039526" lon="-118.550258" /><trkpt lat="34.038612" lon="-118.554538" /><trkpt lat="34.038605" lon="-118.556066" /><trkpt lat="34.039948" lon="-118.560115" /><trkpt lat="34.040655" lon="-118.562308" /><trkpt lat="34.041354" lon="-118.564437" /><trkpt lat="34.041804" lon="-118.567336" /><trkpt lat="34.042067" lon="-118.571195" /><trkpt lat="34.04033" lon="-118.575241" /><trkpt lat="34.039986" lon="-118.576323" /><trkpt lat="34.040135" lon="-118.57909" /><trkpt lat="34.040039" lon="-118.580087" /><trkpt lat="34.039274" lon="-118.582748" /><trkpt lat="34.038806" lon="-118.584456" /><trkpt lat="34.03932" lon="-118.587716" /><trkpt lat="34.039741" lon="-118.590798" /><trkpt lat="34.039999" lon="-118.594528" /><trkpt lat="34.039557" lon="-118.597103" /><trkpt lat="34.039399" lon="-118.602211" /><trkpt lat="34.039177" lon="-118.604504" /><trkpt lat="34.0376" lon="-118.607923" /><trkpt lat="34.03689" lon="-118.609565" /><trkpt lat="34.037141" lon="-118.612066" /><trkpt lat="34.038126" lon="-118.622253" /><trkpt lat="34.037779" lon="-118.625556" /><trkpt lat="34.037356" lon="-118.628355" /><trkpt lat="34.037261" lon="-118.634273" /><trkpt lat="34.036916" lon="-118.636031" /><trkpt lat="34.037222" lon="-118.638327" /><trkpt lat="34.038623" lon="-118.645183" /><trkpt lat="34.038201" lon="-118.648259" /><trkpt lat="34.038037" lon="-118.649763" /><trkpt lat="34.038895" lon="-118.655294" /><trkpt lat="34.039659" lon="-118.663783" /><trkpt lat="34.039669" lon="-118.66528" /><trkpt lat="34.039622" lon="-118.666254" /><trkpt lat="34.039453" lon="-118.669249" /><trkpt lat="34.039358" lon="-118.670837" /><trkpt lat="34.038798" lon="-118.673463" /><trkpt lat="34.03762" lon="-118.67652" /><trkpt lat="34.037162" lon="-118.677361" /><trkpt lat="34.03525" lon="-118.679921" /><trkpt lat="34.034509" lon="-118.683829" /><trkpt lat="34.034347" lon="-118.686367" /><trkpt lat="34.034902" lon="-118.691268" /><trkpt lat="34.035659" lon="-118.692134" /><trkpt lat="34.035201" lon="-118.693796" /><trkpt lat="34.036843" lon="-118.699223" /><trkpt lat="34.038131" lon="-118.701348" /><trkpt lat="34.039289" lon="-118.701185" /><trkpt lat="34.040219" lon="-118.698231" /><trkpt lat="34.041668" lon="-118.694308" /><trkpt lat="34.042373" lon="-118.692643" /><trkpt lat="34.044048" lon="-118.692476" /><trkpt lat="34.046156" lon="-118.692011" /><trkpt lat="34.052444" lon="-118.695948" /><trkpt lat="34.055914" lon="-118.694635" /><trkpt lat="34.059969" lon="-118.694295" /><trkpt lat="34.063504" lon="-118.696642" /><trkpt lat="34.063452" lon="-118.700712" /><trkpt lat="34.063267" lon="-118.705038" /><trkpt lat="34.065926" lon="-118.708574" /><trkpt lat="34.071007" lon="-118.706659" /><trkpt lat="34.075039" lon="-118.703785" /><trkpt lat="34.079375" lon="-118.703094" /><trkpt lat="34.08223" lon="-118.7046" /><trkpt lat="34.086719" lon="-118.703793" /><trkpt lat="34.092165" lon="-118.708247" /><trkpt lat="34.097816" lon="-118.711741" /><trkpt lat="34.10318" lon="-118.711139" /><trkpt lat="34.104758" lon="-118.711773" /><trkpt lat="34.106918" lon="-118.71143" /><trkpt lat="34.124458" lon="-118.706689" /><trkpt lat="34.127843" lon="-118.707641" /><trkpt lat="34.130123" lon="-118.70817" /><trkpt lat="34.135559" lon="-118.707034" /><trkpt lat="34.139164" lon="-118.708524" /><trkpt lat="34.140535" lon="-118.709586" /><trkpt lat="34.142864" lon="-118.709762" /><trkpt lat="34.141664" lon="-118.708731" /><trkpt lat="34.138917" lon="-118.716936" /><trkpt lat="34.138084" lon="-118.727725" /><trkpt lat="34.14277" lon="-118.736125" /><trkpt lat="34.143277" lon="-118.743154" /><trkpt lat="34.146044" lon="-118.76037" /><trkpt lat="34.147367" lon="-118.77661" /><trkpt lat="34.14673" lon="-118.795913" /><trkpt lat="34.153055" lon="-118.816628" /><trkpt lat="34.157404" lon="-118.824569" /><trkpt lat="34.168166" lon="-118.840746" /><trkpt lat="34.175323" lon="-118.852255" /><trkpt lat="34.176408" lon="-118.862127" /><trkpt lat="34.17765" lon="-118.87861" /><trkpt lat="34.184278" lon="-118.893151" /><trkpt lat="34.184528" lon="-118.900853" /><trkpt lat="34.184405" lon="-118.925022" /><trkpt lat="34.185992" lon="-118.930132" /><trkpt lat="34.19313" lon="-118.946514" /><trkpt lat="34.199817" lon="-118.956957" /><trkpt lat="34.200306" lon="-118.96094" /><trkpt lat="34.201343" lon="-118.970581" /><trkpt lat="34.201506" lon="-118.977382" /><trkpt lat="34.204564" lon="-118.981764" /><trkpt lat="34.205537" lon="-118.985063" /><trkpt lat="34.205855" lon="-118.989607" /><trkpt lat="34.209221" lon="-118.994161" /><trkpt lat="34.214284" lon="-119.009269" /><trkpt lat="34.215862" lon="-119.015671" /><trkpt lat="34.21591" lon="-119.029784" /><trkpt lat="34.217336" lon="-119.036361" /><trkpt lat="34.21785" lon="-119.051888" /><trkpt lat="34.219516" lon="-119.073448" /><trkpt lat="34.221525" lon="-119.098447" /><trkpt lat="34.222155" lon="-119.119909" /><trkpt lat="34.222383" lon="-119.13695" /><trkpt lat="34.222682" lon="-119.142803" /><trkpt lat="34.225036" lon="-119.158011" /><trkpt lat="34.227668" lon="-119.167763" /><trkpt lat="34.231031" lon="-119.17235" /><trkpt lat="34.237241" lon="-119.177496" /><trkpt lat="34.241284" lon="-119.186013" /><trkpt lat="34.244596" lon="-119.195209" /><trkpt lat="34.248998" lon="-119.203831" /><trkpt lat="34.253554" lon="-119.212409" /><trkpt lat="34.260918" lon="-119.227766" /><trkpt lat="34.264988" lon="-119.237411" /><trkpt lat="34.264729" lon="-119.242395" /><trkpt lat="34.262703" lon="-119.246381" /><trkpt lat="34.259283" lon="-119.251919" /><trkpt lat="34.263556" lon="-119.266741" /><trkpt lat="34.266436" lon="-119.270358" /><trkpt lat="34.27057" lon="-119.273759" /><trkpt lat="34.272102" lon="-119.278475" /><trkpt lat="34.273341" lon="-119.284349" /><trkpt lat="34.276305" lon="-119.288737" /><trkpt lat="34.27758" lon="-119.293433" /><trkpt lat="34.277631" lon="-119.300647" /><trkpt lat="34.279536" lon="-119.307329" /><trkpt lat="34.283076" lon="-119.317512" /><trkpt lat="34.290582" lon="-119.335213" /><trkpt lat="34.301694" lon="-119.344269" /><trkpt lat="34.305938" lon="-119.34824" /><trkpt lat="34.309026" lon="-119.352124" /><trkpt lat="34.314655" lon="-119.360175" /><trkpt lat="34.31817" lon="-119.365185" /><trkpt lat="34.322162" lon="-119.37329" /><trkpt lat="34.321576" lon="-119.381354" /><trkpt lat="34.321229" lon="-119.386815" /><trkpt lat="34.323869" lon="-119.39231" /><trkpt lat="34.332254" lon="-119.399978" /><trkpt lat="34.339353" lon="-119.408832" /><trkpt lat="34.343167" lon="-119.415962" /><trkpt lat="34.345272" lon="-119.420602" /><trkpt lat="34.351127" lon="-119.425464" /><trkpt lat="34.353608" lon="-119.427978" /><trkpt lat="34.355597" lon="-119.431837" /><trkpt lat="34.356307" lon="-119.435482" /><trkpt lat="34.356381" lon="-119.440494" /><trkpt lat="34.357675" lon="-119.443408" /><trkpt lat="34.361161" lon="-119.446676" /><trkpt lat="34.368498" lon="-119.453152" /><trkpt lat="34.372146" lon="-119.456959" /><trkpt lat="34.374708" lon="-119.461546" /><trkpt lat="34.37636" lon="-119.468665" /><trkpt lat="34.376228" lon="-119.472725" /><trkpt lat="34.375977" lon="-119.475881" /><trkpt lat="34.376901" lon="-119.478789" /><trkpt lat="34.378302" lon="-119.480444" /><trkpt lat="34.382655" lon="-119.483149" /><trkpt lat="34.385613" lon="-119.489108" /><trkpt lat="34.389995" lon="-119.502843" /><trkpt lat="34.393481" lon="-119.50922" /><trkpt lat="34.398283" lon="-119.512479" /><trkpt lat="34.401485" lon="-119.517141" /><trkpt lat="34.402839" lon="-119.52371" /><trkpt lat="34.404041" lon="-119.530066" /><trkpt lat="34.405971" lon="-119.541056" /><trkpt lat="34.407074" lon="-119.547611" /><trkpt lat="34.414059" lon="-119.557108" /><trkpt lat="34.416815" lon="-119.566635" /><trkpt lat="34.416552" lon="-119.581891" /><trkpt lat="34.417934" lon="-119.589474" /><trkpt lat="34.419701" lon="-119.595329" /><trkpt lat="34.421231" lon="-119.600634" /><trkpt lat="34.421151" lon="-119.603832" /><trkpt lat="34.420862" lon="-119.607073" /><trkpt lat="34.421701" lon="-119.612411" /><trkpt lat="34.421146" lon="-119.619977" /><trkpt lat="34.421288" lon="-119.627489" /><trkpt lat="34.422724" lon="-119.634715" /><trkpt lat="34.421199" lon="-119.639399" /><trkpt lat="34.420174" lon="-119.641561" /><trkpt lat="34.421398" lon="-119.650494" /><trkpt lat="34.423061" lon="-119.655747" /><trkpt lat="34.421951" lon="-119.664127" /><trkpt lat="34.419915" lon="-119.671836" /><trkpt lat="34.420361" lon="-119.675799" /><trkpt lat="34.419997" lon="-119.682304" /><trkpt lat="34.419262" lon="-119.688706" /><trkpt lat="34.419088" lon="-119.690841" /><trkpt lat="34.420516" lon="-119.692813" /><trkpt lat="34.423723" lon="-119.697195" /><trkpt lat="34.425537" lon="-119.699682" /><trkpt lat="34.424608" lon="-119.700855" /><trkpt lat="34.422921" lon="-119.701504" /><trkpt lat="34.422424" lon="-119.702276" /><trkpt lat="34.422617" lon="-119.70085" /><trkpt lat="34.419793" lon="-119.703661" /><trkpt lat="34.417474" lon="-119.706142" /><trkpt lat="34.41782" lon="-119.709422" /><trkpt lat="34.423544" lon="-119.717518" /><trkpt lat="34.425969" lon="-119.721817" /><trkpt lat="34.428096" lon="-119.733678" /><trkpt lat="34.429788" lon="-119.741582" /><trkpt lat="34.436954" lon="-119.751694" /><trkpt lat="34.440758" lon="-119.75653" /><trkpt lat="34.441211" lon="-119.762521" /><trkpt lat="34.441209" lon="-119.771002" /><trkpt lat="34.442133" lon="-119.783388" /><trkpt lat="34.44161" lon="-119.80171" /><trkpt lat="34.441053" lon="-119.816501" /><trkpt lat="34.439547" lon="-119.832908" /><trkpt lat="34.437955" lon="-119.848441" /><trkpt lat="34.435488" lon="-119.864822" /><trkpt lat="34.432588" lon="-119.882441" /><trkpt lat="34.432711" lon="-119.90993" /><trkpt lat="34.434106" lon="-119.914723" /><trkpt lat="34.438379" lon="-119.926842" /><trkpt lat="34.44238" lon="-119.949621" /><trkpt lat="34.452743" lon="-119.965932" /><trkpt lat="34.45788" lon="-119.983606" /><trkpt lat="34.461323" lon="-120.005606" /><trkpt lat="34.463614" lon="-120.025887" /><trkpt lat="34.463859" lon="-120.044185" /><trkpt lat="34.463126" lon="-120.06083" /><trkpt lat="34.465723" lon="-120.069114" /><trkpt lat="34.461903" lon="-120.079334" /><trkpt lat="34.462908" lon="-120.095199" /><trkpt lat="34.472278" lon="-120.118364" /><trkpt lat="34.474412" lon="-120.13674" /><trkpt lat="34.473338" lon="-120.158755" /><trkpt lat="34.471735" lon="-120.187537" /><trkpt lat="34.473546" lon="-120.20635" /><trkpt lat="34.473442" lon="-120.218601" /><trkpt lat="34.473514" lon="-120.223794" /><trkpt lat="34.474192" lon="-120.22568" /><trkpt lat="34.475466" lon="-120.227167" /><trkpt lat="34.478163" lon="-120.228531" /><trkpt lat="34.483382" lon="-120.230288" /><trkpt lat="34.487935" lon="-120.226252" /><trkpt lat="34.493177" lon="-120.226827" /><trkpt lat="34.49685" lon="-120.230849" /><trkpt lat="34.501581" lon="-120.228025" /><trkpt lat="34.509222" lon="-120.225787" /><trkpt lat="34.513378" lon="-120.221117" /><trkpt lat="34.518997" lon="-120.215793" /><trkpt lat="34.523554" lon="-120.209146" /><trkpt lat="34.524395" lon="-120.201249" /><trkpt lat="34.532241" lon="-120.196458" /><trkpt lat="34.545743" lon="-120.193271" /><trkpt lat="34.5566" lon="-120.192037" /><trkpt lat="34.564174" lon="-120.18966" /><trkpt lat="34.572436" lon="-120.193156" /><trkpt lat="34.580723" lon="-120.193574" /><trkpt lat="34.586031" lon="-120.191498" /><trkpt lat="34.591742" lon="-120.193545" /><trkpt lat="34.596728" lon="-120.19361" /><trkpt lat="34.609801" lon="-120.190411" /><trkpt lat="34.62827" lon="-120.188111" /><trkpt lat="34.641963" lon="-120.185332" /><trkpt lat="34.655087" lon="-120.181894" /><trkpt lat="34.667377" lon="-120.171799" /><trkpt lat="34.670471" lon="-120.163189" /><trkpt lat="34.675988" lon="-120.15798" /><trkpt lat="34.684142" lon="-120.15651" /><trkpt lat="34.688971" lon="-120.158061" /><trkpt lat="34.697631" lon="-120.163338" /><trkpt lat="34.70642" lon="-120.170569" /><trkpt lat="34.710757" lon="-120.179521" /><trkpt lat="34.715412" lon="-120.190432" /><trkpt lat="34.719577" lon="-120.205472" /><trkpt lat="34.72434" lon="-120.215472" /><trkpt lat="34.734892" lon="-120.243953" /><trkpt lat="34.738512" lon="-120.264477" /><trkpt lat="34.74656" lon="-120.276365" /><trkpt lat="34.755649" lon="-120.29209" /><trkpt lat="34.762924" lon="-120.300792" /><trkpt lat="34.774195" lon="-120.309861" /><trkpt lat="34.784551" lon="-120.319441" /><trkpt lat="34.792982" lon="-120.334952" /><trkpt lat="34.803455" lon="-120.34278" /><trkpt lat="34.815481" lon="-120.347674" /><trkpt lat="34.831358" lon="-120.365818" /><trkpt lat="34.852443" lon="-120.384763" /><trkpt lat="34.877185" lon="-120.406201" /><trkpt lat="34.890892" lon="-120.417407" /><trkpt lat="34.911935" lon="-120.417911" /><trkpt lat="34.946094" lon="-120.417551" /><trkpt lat="34.959051" lon="-120.417938" /><trkpt lat="34.981258" lon="-120.431277" /><trkpt lat="34.997325" lon="-120.434927" /><trkpt lat="35.004846" lon="-120.441324" /><trkpt lat="35.03493" lon="-120.482374" /><trkpt lat="35.055106" lon="-120.500875" /><trkpt lat="35.075803" lon="-120.52065" /><trkpt lat="35.085862" lon="-120.532119" /><trkpt lat="35.093977" lon="-120.543336" /><trkpt lat="35.104154" lon="-120.550798" /><trkpt lat="35.110818" lon="-120.562114" /><trkpt lat="35.112382" lon="-120.566949" /><trkpt lat="35.118957" lon="-120.577726" /><trkpt lat="35.122863" lon="-120.588339" /><trkpt lat="35.129426" lon="-120.6035" /><trkpt lat="35.131764" lon="-120.612398" /><trkpt lat="35.136735" lon="-120.623439" /><trkpt lat="35.139417" lon="-120.635344" /><trkpt lat="35.144945" lon="-120.642393" /><trkpt lat="35.150061" lon="-120.65123" /><trkpt lat="35.154256" lon="-120.662428" /><trkpt lat="35.164272" lon="-120.687168" /><trkpt lat="35.166577" lon="-120.689514" /><trkpt lat="35.169474" lon="-120.691777" /><trkpt lat="35.1741" lon="-120.696334" /><trkpt lat="35.177421" lon="-120.697846" /><trkpt lat="35.179549" lon="-120.699097" /><trkpt lat="35.184804" lon="-120.701273" /><trkpt lat="35.196264" lon="-120.699109" /><trkpt lat="35.213787" lon="-120.696609" /><trkpt lat="35.222577" lon="-120.691704" /><trkpt lat="35.232343" lon="-120.689512" /><trkpt lat="35.237072" lon="-120.683919" /><trkpt lat="35.242067" lon="-120.683373" /><trkpt lat="35.248444" lon="-120.679831" /><trkpt lat="35.261324" lon="-120.673369" /><trkpt lat="35.267554" lon="-120.673223" /><trkpt lat="35.278598" lon="-120.669903" /><trkpt lat="35.283269" lon="-120.667524" /><trkpt lat="35.286222" lon="-120.664021" /><trkpt lat="35.291438" lon="-120.656884" /><trkpt lat="35.291745" lon="-120.649833" /><trkpt lat="35.292709" lon="-120.643704" /><trkpt lat="35.295113" lon="-120.637799" /><trkpt lat="35.29743" lon="-120.628308" /><trkpt lat="35.305003" lon="-120.625732" /><trkpt lat="35.313671" lon="-120.62349" /><trkpt lat="35.317285" lon="-120.621108" /><trkpt lat="35.322908" lon="-120.621206" /><trkpt lat="35.328344" lon="-120.62051" /><trkpt lat="35.334273" lon="-120.624785" /><trkpt lat="35.341738" lon="-120.627447" /><trkpt lat="35.347855" lon="-120.62997" /><trkpt lat="35.352318" lon="-120.634193" /><trkpt lat="35.360963" lon="-120.638021" /><trkpt lat="35.367226" lon="-120.640525" /><trkpt lat="35.374202" lon="-120.638237" /><trkpt lat="35.385308" lon="-120.62865" /><trkpt lat="35.399318" lon="-120.622451" /><trkpt lat="35.412371" lon="-120.626352" /><trkpt lat="35.427147" lon="-120.633357" /><trkpt lat="35.445382" lon="-120.638461" /><trkpt lat="35.459129" lon="-120.645866" /><trkpt lat="35.473912" lon="-120.656951" /><trkpt lat="35.482992" lon="-120.661806" /><trkpt lat="35.486433" lon="-120.666874" /><trkpt lat="35.489499" lon="-120.670663" /><trkpt lat="35.49082" lon="-120.6733" /><trkpt lat="35.492687" lon="-120.676514" /><trkpt lat="35.501574" lon="-120.689223" /><trkpt lat="35.513824" lon="-120.699717" /><trkpt lat="35.521058" lon="-120.704012" /><trkpt lat="35.525345" lon="-120.704053" /><trkpt lat="35.527954" lon="-120.705351" /><trkpt lat="35.535395" lon="-120.711016" /><trkpt lat="35.546693" lon="-120.715548" /><trkpt lat="35.551436" lon="-120.714596" /><trkpt lat="35.558493" lon="-120.708139" /><trkpt lat="35.567202" lon="-120.701145" /><trkpt lat="35.581496" lon="-120.696553" /><trkpt lat="35.591987" lon="-120.695283" /><trkpt lat="35.60462" lon="-120.692308" /><trkpt lat="35.612986" lon="-120.689936" /><trkpt lat="35.621423" lon="-120.685906" /><trkpt lat="35.631633" lon="-120.686494" /><trkpt lat="35.6391" lon="-120.683998" /><trkpt lat="35.646011" lon="-120.686928" /><trkpt lat="35.654432" lon="-120.695625" /><trkpt lat="35.658803" lon="-120.697995" /><trkpt lat="35.666013" lon="-120.696194" /><trkpt lat="35.69311" lon="-120.696575" /><trkpt lat="35.706783" lon="-120.695161" /><trkpt lat="35.715276" lon="-120.694478" /><trkpt lat="35.724334" lon="-120.698585" /><trkpt lat="35.73388" lon="-120.701427" /><trkpt lat="35.741396" lon="-120.699482" /><trkpt lat="35.749984" lon="-120.699991" /><trkpt lat="35.76303" lon="-120.699504" /><trkpt lat="35.770516" lon="-120.705273" /><trkpt lat="35.780903" lon="-120.722393" /><trkpt lat="35.792321" lon="-120.73238" /><trkpt lat="35.801275" lon="-120.745191" /><trkpt lat="35.822419" lon="-120.758688" /><trkpt lat="35.838182" lon="-120.757661" /><trkpt lat="35.849339" lon="-120.766024" /><trkpt lat="35.853775" lon="-120.782576" /><trkpt lat="35.855129" lon="-120.800375" /><trkpt lat="35.859055" lon="-120.806627" /><trkpt lat="35.863188" lon="-120.814675" /><trkpt lat="35.871125" lon="-120.830851" /><trkpt lat="35.877681" lon="-120.838296" /><trkpt lat="35.898649" lon="-120.841531" /><trkpt lat="35.911048" lon="-120.848821" /><trkpt lat="35.926575" lon="-120.868862" /><trkpt lat="35.946969" lon="-120.875888" /><trkpt lat="35.964587" lon="-120.888413" /><trkpt lat="35.97759" lon="-120.900747" /><trkpt lat="35.988084" lon="-120.904471" /><trkpt lat="36.009992" lon="-120.919652" /><trkpt lat="36.024602" lon="-120.934127" /><trkpt lat="36.058358" lon="-120.97594" /><trkpt lat="36.074784" lon="-120.994746" /><trkpt lat="36.095142" lon="-121.022991" /><trkpt lat="36.102387" lon="-121.025012" /><trkpt lat="36.114941" lon="-121.019472" /><trkpt lat="36.12445" lon="-121.02483" /><trkpt lat="36.1616" lon="-121.051388" /><trkpt lat="36.179139" lon="-121.063724" /><trkpt lat="36.188116" lon="-121.072886" /><trkpt lat="36.201077" lon="-121.111241" /><trkpt lat="36.203369" lon="-121.129271" /><trkpt lat="36.204515" lon="-121.137296" /><trkpt lat="36.203977" lon="-121.140272" /><trkpt lat="36.199367" lon="-121.145012" /><trkpt lat="36.197742" lon="-121.149402" /><trkpt lat="36.202392" lon="-121.155484" /><trkpt lat="36.218847" lon="-121.167489" /><trkpt lat="36.230953" lon="-121.173953" /><trkpt lat="36.255142" lon="-121.177588" /><trkpt lat="36.265749" lon="-121.180137" /><trkpt lat="36.27473" lon="-121.184431" /><trkpt lat="36.285786" lon="-121.192876" /><trkpt lat="36.294376" lon="-121.202382" /><trkpt lat="36.2988" lon="-121.215444" /><trkpt lat="36.304739" lon="-121.22396" /><trkpt lat="36.314536" lon="-121.234236" /><trkpt lat="36.322159" lon="-121.236691" /><trkpt lat="36.331312" lon="-121.246028" /><trkpt lat="36.343215" lon="-121.258447" /><trkpt lat="36.3664" lon="-121.280519" /><trkpt lat="36.388168" lon="-121.305636" /><trkpt lat="36.40792" lon="-121.318623" /><trkpt lat="36.417946" lon="-121.322327" /><trkpt lat="36.428017" lon="-121.334269" /><trkpt lat="36.432784" lon="-121.337577" /><trkpt lat="36.435629" lon="-121.340832" /><trkpt lat="36.446327" lon="-121.359425" /><trkpt lat="36.454847" lon="-121.371577" /><trkpt lat="36.46322" lon="-121.384628" /><trkpt lat="36.467248" lon="-121.391866" /><trkpt lat="36.484546" lon="-121.418257" /><trkpt lat="36.491655" lon="-121.426227" /><trkpt lat="36.502393" lon="-121.43187" /><trkpt lat="36.514885" lon="-121.438357" /><trkpt lat="36.521022" lon="-121.44627" /><trkpt lat="36.523907" lon="-121.464933" /><trkpt lat="36.532487" lon="-121.476268" /><trkpt lat="36.557257" lon="-121.50575" /><trkpt lat="36.566595" lon="-121.514529" /><trkpt lat="36.568885" lon="-121.518719" /><trkpt lat="36.565868" lon="-121.516356" /><trkpt lat="36.554716" lon="-121.536696" /><trkpt lat="36.556188" lon="-121.549777" /><trkpt lat="36.561283" lon="-121.556322" /><trkpt lat="36.562661" lon="-121.561676" /><trkpt lat="36.567207" lon="-121.567825" /><trkpt lat="36.573458" lon="-121.577385" /><trkpt lat="36.575179" lon="-121.586201" /><trkpt lat="36.587524" lon="-121.60274" /><trkpt lat="36.592894" lon="-121.611983" /><trkpt lat="36.596479" lon="-121.621795" /><trkpt lat="36.597342" lon="-121.625211" /><trkpt lat="36.601499" lon="-121.633543" /><trkpt lat="36.606015" lon="-121.64093" /><trkpt lat="36.610226" lon="-121.651369" /><trkpt lat="36.620616" lon="-121.663114" /><trkpt lat="36.622263" lon="-121.667143" /><trkpt lat="36.622043" lon="-121.677843" /><trkpt lat="36.623502" lon="-121.683908" /><trkpt lat="36.608331" lon="-121.692506" /><trkpt lat="36.601283" lon="-121.697241" /><trkpt lat="36.595513" lon="-121.70154" /><trkpt lat="36.587402" lon="-121.711735" /><trkpt lat="36.584175" lon="-121.713211" /><trkpt lat="36.580514" lon="-121.719437" /><trkpt lat="36.578546" lon="-121.726835" /><trkpt lat="36.577492" lon="-121.730638" /><trkpt lat="36.570472" lon="-121.749028" /><trkpt lat="36.570271" lon="-121.759624" /><trkpt lat="36.570593" lon="-121.771181" /><trkpt lat="36.569217" lon="-121.773627" /><trkpt lat="36.567432" lon="-121.781241" /><trkpt lat="36.570132" lon="-121.788618" /><trkpt lat="36.569126" lon="-121.7954" /><trkpt lat="36.572983" lon="-121.817796" /><trkpt lat="36.57804" lon="-121.825211" /><trkpt lat="36.5818" lon="-121.830678" /><trkpt lat="36.580905" lon="-121.836287" /><trkpt lat="36.583855" lon="-121.848458" /><trkpt lat="36.583431" lon="-121.854093" /><trkpt lat="36.584968" lon="-121.859939" /><trkpt lat="36.586281" lon="-121.863509" /><trkpt lat="36.588031" lon="-121.86565" /><trkpt lat="36.589835" lon="-121.866816" /><trkpt lat="36.592585" lon="-121.866927" /><trkpt lat="36.594387" lon="-121.867222" /><trkpt lat="36.595314" lon="-121.867123" /><trkpt lat="36.59667" lon="-121.86631" /><trkpt lat="36.601383" lon="-121.86225" /><trkpt lat="36.603286" lon="-121.861223" /><trkpt lat="36.606579" lon="-121.86087" /><trkpt lat="36.608676" lon="-121.859655" /><trkpt lat="36.61061" lon="-121.857852" /><trkpt lat="36.613659" lon="-121.853571" /><trkpt lat="36.617102" lon="-121.849891" /><trkpt lat="36.617392" lon="-121.8481" /><trkpt lat="36.616047" lon="-121.84479" /><trkpt lat="36.61888" lon="-121.842451" /><trkpt lat="36.623755" lon="-121.841029" /><trkpt lat="36.627789" lon="-121.838282" /><trkpt lat="36.630607" lon="-121.835901" /><trkpt lat="36.638027" lon="-121.828405" /><trkpt lat="36.645898" lon="-121.816646" /><trkpt lat="36.64763" lon="-121.815203" /><trkpt lat="36.649666" lon="-121.814647" /><trkpt lat="36.651726" lon="-121.815052" /><trkpt lat="36.655929" lon="-121.816463" /><trkpt lat="36.663201" lon="-121.815921" /><trkpt lat="36.671898" lon="-121.811447" /><trkpt lat="36.674304" lon="-121.809469" /><trkpt lat="36.676807" lon="-121.807831" /><trkpt lat="36.678742" lon="-121.807362" /><trkpt lat="36.680716" lon="-121.807456" /><trkpt lat="36.684722" lon="-121.808525" /><trkpt lat="36.68909" lon="-121.80844" /><trkpt lat="36.694665" lon="-121.80585" /><trkpt lat="36.712294" lon="-121.795837" /><trkpt lat="36.71929" lon="-121.793059" /><trkpt lat="36.723321" lon="-121.790823" /><trkpt lat="36.727236" lon="-121.787637" /><trkpt lat="36.736465" lon="-121.777948" /><trkpt lat="36.746856" lon="-121.770273" /><trkpt lat="36.753306" lon="-121.764083" /><trkpt lat="36.75806" lon="-121.757691" /><trkpt lat="36.760448" lon="-121.753503" /><trkpt lat="36.761903" lon="-121.751547" /><trkpt lat="36.763464" lon="-121.749996" /><trkpt lat="36.766194" lon="-121.747653" /><trkpt lat="36.767332" lon="-121.745904" /><trkpt lat="36.76831" lon="-121.743058" /><trkpt lat="36.769644" lon="-121.73913" /><trkpt lat="36.771845" lon="-121.731517" /><trkpt lat="36.776597" lon="-121.715107" /><trkpt lat="36.779204" lon="-121.70601" /><trkpt lat="36.781718" lon="-121.697273" /><trkpt lat="36.783614" lon="-121.690989" /><trkpt lat="36.786882" lon="-121.683527" /><trkpt lat="36.787701" lon="-121.681013" /><trkpt lat="36.788778" lon="-121.674412" /><trkpt lat="36.788717" lon="-121.670951" /><trkpt lat="36.788931" lon="-121.669435" /><trkpt lat="36.789613" lon="-121.667314" /><trkpt lat="36.789501" lon="-121.666309" /><trkpt lat="36.788688" lon="-121.666547" /><trkpt lat="36.789121" lon="-121.667452" /><trkpt lat="36.791943" lon="-121.667" /><trkpt lat="36.795987" lon="-121.666105" /><trkpt lat="36.79785" lon="-121.665313" /><trkpt lat="36.799598" lon="-121.663926" /><trkpt lat="36.800922" lon="-121.661934" /><trkpt lat="36.801658" lon="-121.659871" /><trkpt lat="36.803661" lon="-121.653075" /><trkpt lat="36.806173" lon="-121.648935" /><trkpt lat="36.810131" lon="-121.644572" /><trkpt lat="36.813552" lon="-121.641314" /><trkpt lat="36.814868" lon="-121.639533" /><trkpt lat="36.816649" lon="-121.636159" /><trkpt lat="36.819642" lon="-121.630977" /><trkpt lat="36.82226" lon="-121.630053" /><trkpt lat="36.825049" lon="-121.628485" /><trkpt lat="36.827249" lon="-121.628114" /><trkpt lat="36.829941" lon="-121.629348" /><trkpt lat="36.832082" lon="-121.630048" /><trkpt lat="36.836255" lon="-121.630419" /><trkpt lat="36.843618" lon="-121.633869" /><trkpt lat="36.84743" lon="-121.63563" /><trkpt lat="36.849471" lon="-121.636051" /><trkpt lat="36.851517" lon="-121.635543" /><trkpt lat="36.853497" lon="-121.634263" /><trkpt lat="36.855145" lon="-121.632645" /><trkpt lat="36.856626" lon="-121.63059" /><trkpt lat="36.85761" lon="-121.628672" /><trkpt lat="36.860305" lon="-121.621408" /><trkpt lat="36.862033" lon="-121.618446" /><trkpt lat="36.862787" lon="-121.615881" /><trkpt lat="36.862032" lon="-121.612199" /><trkpt lat="36.860419" lon="-121.609572" /><trkpt lat="36.859655" lon="-121.604599" /><trkpt lat="36.859054" lon="-121.598045" /><trkpt lat="36.859213" lon="-121.595422" /><trkpt lat="36.861071" lon="-121.586382" /><trkpt lat="36.861359" lon="-121.583766" /><trkpt lat="36.861417" lon="-121.580636" /><trkpt lat="36.862252" lon="-121.578407" /><trkpt lat="36.863808" lon="-121.576738" /><trkpt lat="36.869695" lon="-121.572667" /><trkpt lat="36.873108" lon="-121.571314" /><trkpt lat="36.874982" lon="-121.570061" /><trkpt lat="36.876281" lon="-121.568611" /><trkpt lat="36.878693" lon="-121.564618" /><trkpt lat="36.880399" lon="-121.562798" /><trkpt lat="36.884923" lon="-121.560109" /><trkpt lat="36.891413" lon="-121.556508" /><trkpt lat="36.893544" lon="-121.556249" /><trkpt lat="36.907246" lon="-121.55655" /><trkpt lat="36.909044" lon="-121.555958" /><trkpt lat="36.910983" lon="-121.554521" /><trkpt lat="36.91295" lon="-121.551818" /><trkpt lat="36.914457" lon="-121.549951" /><trkpt lat="36.916134" lon="-121.548616" /><trkpt lat="36.91812" lon="-121.547733" /><trkpt lat="36.921573" lon="-121.547391" /><trkpt lat="36.928177" lon="-121.547045" /><trkpt lat="36.932515" lon="-121.550357" /><trkpt lat="36.934995" lon="-121.551971" /><trkpt lat="36.937044" lon="-121.552456" /><trkpt lat="36.948221" lon="-121.552791" /><trkpt lat="36.952836" lon="-121.552145" /><trkpt lat="36.961292" lon="-121.550959" /><trkpt lat="36.964532" lon="-121.551785" /><trkpt lat="36.973887" lon="-121.554569" /><trkpt lat="36.975927" lon="-121.555338" /><trkpt lat="36.980545" lon="-121.557448" /><trkpt lat="36.983208" lon="-121.55842" /><trkpt lat="36.985192" lon="-121.558534" /><trkpt lat="36.991407" lon="-121.557356" /><trkpt lat="37.000995" lon="-121.555935" /><trkpt lat="37.004355" lon="-121.556753" /><trkpt lat="37.022223" lon="-121.566361" /><trkpt lat="37.042116" lon="-121.576943" /><trkpt lat="37.071754" lon="-121.589832" /><trkpt lat="37.099088" lon="-121.605079" /><trkpt lat="37.11296" lon="-121.621736" /><trkpt lat="37.130891" lon="-121.632962" /><trkpt lat="37.149097" lon="-121.648534" /><trkpt lat="37.15963" lon="-121.65916" /><trkpt lat="37.168807" lon="-121.668611" /><trkpt lat="37.178516" lon="-121.679409" /><trkpt lat="37.186106" lon="-121.686426" /><trkpt lat="37.199401" lon="-121.705442" /><trkpt lat="37.210578" lon="-121.723808" /><trkpt lat="37.227149" lon="-121.743024" /><trkpt lat="37.240429" lon="-121.765978" /><trkpt lat="37.255949" lon="-121.794124" /><trkpt lat="37.262563" lon="-121.800317" /><trkpt lat="37.281143" lon="-121.807866" /><trkpt lat="37.292513" lon="-121.809675" /><trkpt lat="37.297622" lon="-121.81128" /><trkpt lat="37.318065" lon="-121.830976" /><trkpt lat="37.330424" lon="-121.842759" /><trkpt lat="37.347038" lon="-121.85894" /><trkpt lat="37.355599" lon="-121.867557" /><trkpt lat="37.361448" lon="-121.878077" /><trkpt lat="37.364023" lon="-121.900821" /><trkpt lat="37.367406" lon="-121.907034" /><trkpt lat="37.371576" lon="-121.915648" /><trkpt lat="37.373222" lon="-121.925181" /><trkpt lat="37.377108" lon="-121.943038" /><trkpt lat="37.380899" lon="-121.959275" /><trkpt lat="37.384077" lon="-121.96276" /><trkpt lat="37.389085" lon="-121.955547" /><trkpt lat="37.392877" lon="-121.947143" /><trkpt lat="37.396043" lon="-121.943602" /><trkpt lat="37.39769" lon="-121.944188" /><trkpt lat="37.398969" lon="-121.943892" /><trkpt lat="37.39884" lon="-121.944624" /><trkpt lat="37.398386" lon="-121.944867" /><trkpt lat="37.398113" lon="-121.945045" /><trkpt lat="37.397692" lon="-121.944367" /><trkpt lat="37.397386" lon="-121.944082" /><trkpt lat="37.397079" lon="-121.943936" /><trkpt lat="37.396492" lon="-121.943823" /><trkpt lat="37.395995" lon="-121.943722" /><trkpt lat="37.3952" lon="-121.943236" /><trkpt lat="37.394883" lon="-121.943235" /><trkpt lat="37.393535" lon="-121.94617" /><trkpt lat="37.3931" lon="-121.947143" /><trkpt lat="37.392032" lon="-121.949306" /><trkpt lat="37.390079" lon="-121.95358" /><trkpt lat="37.387894" lon="-121.958401" /><trkpt lat="37.38712" lon="-121.960181" /><trkpt lat="37.386933" lon="-121.960556" /><trkpt lat="37.386614" lon="-121.961089" /><trkpt lat="37.385699" lon="-121.962047" /><trkpt lat="37.384259" lon="-121.962873" /><trkpt lat="37.383847" lon="-121.963184" /><trkpt lat="37.383562" lon="-121.963549" /><trkpt lat="37.382888" lon="-121.965271" /><trkpt lat="37.382896" lon="-121.965755" /><trkpt lat="37.383285" lon="-121.967425" /><trkpt lat="37.383556" lon="-121.968939" /><trkpt lat="37.385568" lon="-121.975967" /><trkpt lat="37.387377" lon="-121.98229" /><trkpt lat="37.391109" lon="-121.995357" /><trkpt lat="37.391254" lon="-121.995832" /><trkpt lat="37.393104" lon="-122.002142" /><trkpt lat="37.395717" lon="-122.012558" /><trkpt lat="37.397521" lon="-122.020826" /><trkpt lat="37.398087" lon="-122.023421" /><trkpt lat="37.399157" lon="-122.028239" /><trkpt lat="37.401129" lon="-122.037324" /><trkpt lat="37.403253" lon="-122.047022" /><trkpt lat="37.404135" lon="-122.051006" /><trkpt lat="37.405186" lon="-122.054908" /><trkpt lat="37.406872" lon="-122.062398" /><trkpt lat="37.40752" lon="-122.06533" /><trkpt lat="37.407679" lon="-122.066011" /><trkpt lat="37.408214" lon="-122.06819" /><trkpt lat="37.409775" lon="-122.072232" /><trkpt lat="37.41096" lon="-122.075151" /><trkpt lat="37.411823" lon="-122.077327" /><trkpt lat="37.412795" lon="-122.079791" /><trkpt lat="37.4134" lon="-122.081283" /><trkpt lat="37.413811" lon="-122.082122" /><trkpt lat="37.414749" lon="-122.08367" /><trkpt lat="37.415861" lon="-122.085231" /><trkpt lat="37.420972" lon="-122.092254" /><trkpt lat="37.422162" lon="-122.093893" /><trkpt lat="37.424715" lon="-122.097377" /><trkpt lat="37.42623" lon="-122.099094" /><trkpt lat="37.42944" lon="-122.102459" /><trkpt lat="37.43271" lon="-122.105887" /><trkpt lat="37.43924" lon="-122.112739" /><trkpt lat="37.445722" lon="-122.119548" /><trkpt lat="37.446925" lon="-122.120805" /><trkpt lat="37.448272" lon="-122.122219" /><trkpt lat="37.449945" lon="-122.123983" /><trkpt lat="37.451162" lon="-122.12531" /><trkpt lat="37.452252" lon="-122.126779" /><trkpt lat="37.456982" lon="-122.1348" /><trkpt lat="37.460449" lon="-122.140716" /><trkpt lat="37.461604" lon="-122.142679" /><trkpt lat="37.462002" lon="-122.143353" /><trkpt lat="37.466579" lon="-122.151149" /><trkpt lat="37.468731" lon="-122.154772" /><trkpt lat="37.470515" lon="-122.157856" /><trkpt lat="37.475565" lon="-122.166433" /><trkpt lat="37.478971" lon="-122.17225" /><trkpt lat="37.482201" lon="-122.177846" /><trkpt lat="37.483002" lon="-122.179574" /><trkpt lat="37.483844" lon="-122.181843" /><trkpt lat="37.48414" lon="-122.182777" /><trkpt lat="37.484781" lon="-122.185134" /><trkpt lat="37.485189" lon="-122.187039" /><trkpt lat="37.485571" lon="-122.189481" /><trkpt lat="37.486508" lon="-122.197017" /><trkpt lat="37.487752" lon="-122.206991" /><trkpt lat="37.488063" lon="-122.208915" /><trkpt lat="37.488583" lon="-122.21129" /><trkpt lat="37.489059" lon="-122.212999" /><trkpt lat="37.489548" lon="-122.214477" /><trkpt lat="37.489871" lon="-122.215354" /><trkpt lat="37.490566" lon="-122.217035" /><trkpt lat="37.493189" lon="-122.222938" /><trkpt lat="37.49391" lon="-122.224719" /><trkpt lat="37.494617" lon="-122.226813" /><trkpt lat="37.4954" lon="-122.22945" /><trkpt lat="37.496482" lon="-122.233207" /><trkpt lat="37.497288" lon="-122.235916" /><trkpt lat="37.498348" lon="-122.23803" /><trkpt lat="37.499333" lon="-122.23944" /><trkpt lat="37.504017" lon="-122.244768" /><trkpt lat="37.509486" lon="-122.250956" /><trkpt lat="37.513526" lon="-122.255553" /><trkpt lat="37.515316" lon="-122.257577" /><trkpt lat="37.516395" lon="-122.258804" /><trkpt lat="37.5214" lon="-122.264461" /><trkpt lat="37.52318" lon="-122.266504" /><trkpt lat="37.527791" lon="-122.271657" /><trkpt lat="37.529663" lon="-122.273789" /><trkpt lat="37.531355" lon="-122.275567" /><trkpt lat="37.534311" lon="-122.278316" /><trkpt lat="37.542607" lon="-122.285991" /><trkpt lat="37.544862" lon="-122.288099" /><trkpt lat="37.545928" lon="-122.28908" /><trkpt lat="37.548339" lon="-122.291297" /><trkpt lat="37.552171" lon="-122.294843" /><trkpt lat="37.552744" lon="-122.295374" /><trkpt lat="37.554443" lon="-122.297005" /><trkpt lat="37.555606" lon="-122.298101" /><trkpt lat="37.559135" lon="-122.30128" /><trkpt lat="37.561438" lon="-122.303627" /><trkpt lat="37.562822" lon="-122.305044" /><trkpt lat="37.567901" lon="-122.310652" /><trkpt lat="37.571736" lon="-122.314805" /><trkpt lat="37.576887" lon="-122.320372" /><trkpt lat="37.581848" lon="-122.325823" /><trkpt lat="37.585176" lon="-122.329146" /><trkpt lat="37.585569" lon="-122.32947" /><trkpt lat="37.585748" lon="-122.329588" /><trkpt lat="37.585921" lon="-122.329649" /><trkpt lat="37.586167" lon="-122.32944" /><trkpt lat="37.585894" lon="-122.328735" /><trkpt lat="37.585756" lon="-122.328337" /><trkpt lat="37.585704" lon="-122.328222" /><trkpt lat="37.585608" lon="-122.328029" /><trkpt lat="37.585496" lon="-122.327859" /><trkpt lat="37.585373" lon="-122.327677" /><trkpt lat="37.584966" lon="-122.328158" /><trkpt lat="37.584642" lon="-122.328377" /><trkpt lat="37.583855" lon="-122.329424" /><trkpt lat="37.58317" lon="-122.330402" /><trkpt lat="37.582819" lon="-122.331063" /><trkpt lat="37.581425" lon="-122.333091" /><trkpt lat="37.580966" lon="-122.333748" /><trkpt lat="37.58077" lon="-122.334063" /><trkpt lat="37.580539" lon="-122.334396" /><trkpt lat="37.580218" lon="-122.33486" /><trkpt lat="37.579681" lon="-122.335624" /><trkpt lat="37.578527" lon="-122.337275" /><trkpt lat="37.578455" lon="-122.337379" /><trkpt lat="37.578081" lon="-122.33792" /><trkpt lat="37.577692" lon="-122.338554" /><trkpt lat="37.577325" lon="-122.339001" /><trkpt lat="37.576822" lon="-122.339733" /><trkpt lat="37.576024" lon="-122.340907" /><trkpt lat="37.575368" lon="-122.341851" /><trkpt lat="37.574658" lon="-122.342865" /><trkpt lat="37.574552" lon="-122.343084" /><trkpt lat="37.575347" lon="-122.345315" /><trkpt lat="37.576101" lon="-122.346149" /><trkpt lat="37.576574" lon="-122.346672" /><trkpt lat="37.577386" lon="-122.347582" /><trkpt lat="37.578007" lon="-122.347135" /><trkpt lat="37.578119" lon="-122.34663" /><trkpt lat="37.577185" lon="-122.345619" /><trkpt lat="37.576684" lon="-122.34506" /><trkpt lat="37.576429" lon="-122.344778" /><trkpt lat="37.57554" lon="-122.343802" /><trkpt lat="37.575196" lon="-122.343433" /><trkpt lat="37.574583" lon="-122.342889" /><trkpt lat="37.574411" lon="-122.342532" /><trkpt lat="37.574139" lon="-122.341871" /><trkpt lat="37.57339" lon="-122.340792" /><trkpt lat="37.573226" lon="-122.340559" /><trkpt lat="37.572604" lon="-122.339672" /><trkpt lat="37.571367" lon="-122.33791" /><trkpt lat="37.570895" lon="-122.337229" /><trkpt lat="37.570405" lon="-122.336409" /><trkpt lat="37.570057" lon="-122.335675" /><trkpt lat="37.569941" lon="-122.335252" /><trkpt lat="37.57014" lon="-122.33504" /><trkpt lat="37.570846" lon="-122.334365" /><trkpt lat="37.571662" lon="-122.333292" /><trkpt lat="37.572142" lon="-122.332436" /><trkpt lat="37.572312" lon="-122.332076" /><trkpt lat="37.572942" lon="-122.331259" /><trkpt lat="37.573545" lon="-122.330821" /><trkpt lat="37.574097" lon="-122.330546" /><trkpt lat="37.575345" lon="-122.329583" /><trkpt lat="37.575806" lon="-122.329195" /><trkpt lat="37.577142" lon="-122.328048" /><trkpt lat="37.577774" lon="-122.327431" /><trkpt lat="37.578636" lon="-122.326492" /><trkpt lat="37.57887" lon="-122.326236" /><trkpt lat="37.579464" lon="-122.325488" /><trkpt lat="37.580048" lon="-122.324622" /><trkpt lat="37.58002" lon="-122.324321" /><trkpt lat="37.578998" lon="-122.322973" /><trkpt lat="37.576133" lon="-122.319869" /><trkpt lat="37.570954" lon="-122.314233" /><trkpt lat="37.56144" lon="-122.304035" /><trkpt lat="37.561039" lon="-122.303616" /><trkpt lat="37.560029" lon="-122.30258" /><trkpt lat="37.557093" lon="-122.299793" /><trkpt lat="37.554415" lon="-122.297285" /><trkpt lat="37.553209" lon="-122.296126" /><trkpt lat="37.550884" lon="-122.293963" /><trkpt lat="37.547668" lon="-122.291016" /><trkpt lat="37.544944" lon="-122.288405" /><trkpt lat="37.542512" lon="-122.286169" /><trkpt lat="37.54136" lon="-122.285118" /><trkpt lat="37.537856" lon="-122.281894" /><trkpt lat="37.531271" lon="-122.27579" /><trkpt lat="37.529869" lon="-122.274342" /><trkpt lat="37.526834" lon="-122.27088" /><trkpt lat="37.524957" lon="-122.268755" /><trkpt lat="37.522019" lon="-122.265425" /><trkpt lat="37.521302" lon="-122.264614" /><trkpt lat="37.516822" lon="-122.259591" /><trkpt lat="37.51421" lon="-122.256591" /><trkpt lat="37.512029" lon="-122.254131" /><trkpt lat="37.505143" lon="-122.246359" /><trkpt lat="37.500843" lon="-122.241503" /><trkpt lat="37.498933" lon="-122.239275" /><trkpt lat="37.497874" lon="-122.237643" /><trkpt lat="37.497476" lon="-122.236836" /><trkpt lat="37.496692" lon="-122.234679" /><trkpt lat="37.496174" lon="-122.232849" /><trkpt lat="37.495072" lon="-122.228972" /><trkpt lat="37.494237" lon="-122.226136" /><trkpt lat="37.493593" lon="-122.224342" /><trkpt lat="37.49127" lon="-122.219022" /><trkpt lat="37.49005" lon="-122.216264" /><trkpt lat="37.489532" lon="-122.214924" /><trkpt lat="37.488979" lon="-122.213298" /><trkpt lat="37.488557" lon="-122.211843" /><trkpt lat="37.488099" lon="-122.209932" /><trkpt lat="37.487909" lon="-122.20898" /><trkpt lat="37.485555" lon="-122.190523" /><trkpt lat="37.485291" lon="-122.188532" /><trkpt lat="37.484943" lon="-122.186592" /><trkpt lat="37.483987" lon="-122.182845" /><trkpt lat="37.483681" lon="-122.181877" /><trkpt lat="37.482664" lon="-122.179245" /><trkpt lat="37.482622" lon="-122.179156" /><trkpt lat="37.481804" lon="-122.177575" /><trkpt lat="37.477276" lon="-122.169749" /><trkpt lat="37.471302" lon="-122.159562" /><trkpt lat="37.467982" lon="-122.15392" /><trkpt lat="37.463934" lon="-122.147006" /><trkpt lat="37.460481" lon="-122.141137" /><trkpt lat="37.456766" lon="-122.134806" /><trkpt lat="37.452543" lon="-122.127612" /><trkpt lat="37.451316" lon="-122.12583" /><trkpt lat="37.44939" lon="-122.123708" /><trkpt lat="37.446218" lon="-122.120377" /><trkpt lat="37.444857" lon="-122.118965" /><trkpt lat="37.439891" lon="-122.11373" /><trkpt lat="37.431966" lon="-122.105417" /><trkpt lat="37.428088" lon="-122.101374" /><trkpt lat="37.424966" lon="-122.09801" /><trkpt lat="37.423296" lon="-122.095828" /><trkpt lat="37.421366" lon="-122.093186" /><trkpt lat="37.420432" lon="-122.091896" /><trkpt lat="37.418477" lon="-122.089184" /><trkpt lat="37.414335" lon="-122.083444" /><trkpt lat="37.41362" lon="-122.082252" /><trkpt lat="37.411892" lon="-122.07836" /><trkpt lat="37.411081" lon="-122.076461" /><trkpt lat="37.410705" lon="-122.075529" /><trkpt lat="37.41039" lon="-122.07475" /><trkpt lat="37.408728" lon="-122.070626" /><trkpt lat="37.408152" lon="-122.068937" /><trkpt lat="37.407808" lon="-122.067607" /><trkpt lat="37.407476" lon="-122.066084" /><trkpt lat="37.406961" lon="-122.063707" /><trkpt lat="37.405135" lon="-122.055462" /><trkpt lat="37.403929" lon="-122.050969" /><trkpt lat="37.403382" lon="-122.048529" /><trkpt lat="37.400939" lon="-122.037351" /><trkpt lat="37.39989" lon="-122.03242" /><trkpt lat="37.3993" lon="-122.029786" /><trkpt lat="37.399067" lon="-122.028752" /><trkpt lat="37.398693" lon="-122.027075" /><trkpt lat="37.395805" lon="-122.013862" /><trkpt lat="37.394876" lon="-122.009619" /><trkpt lat="37.3925" lon="-122.000762" /><trkpt lat="37.391304" lon="-121.996727" /><trkpt lat="37.390636" lon="-121.994528" /><trkpt lat="37.389761" lon="-121.991586" /><trkpt lat="37.388615" lon="-121.987519" /><trkpt lat="37.38587" lon="-121.977746" /><trkpt lat="37.385061" lon="-121.974941" /><trkpt lat="37.383326" lon="-121.96915" /><trkpt lat="37.382577" lon="-121.966916" /><trkpt lat="37.381478" lon="-121.963281" /><trkpt lat="37.381093" lon="-121.963222" /><trkpt lat="37.380897" lon="-121.963488" /><trkpt lat="37.380915" lon="-121.963836" /><trkpt lat="37.381201" lon="-121.964092" /><trkpt lat="37.38147" lon="-121.964125" /><trkpt lat="37.382867" lon="-121.963436" /><trkpt lat="37.383843" lon="-121.962881" /><trkpt lat="37.385574" lon="-121.96186" /><trkpt lat="37.38644" lon="-121.960946" /><trkpt lat="37.386727" lon="-121.960559" /><trkpt lat="37.389085" lon="-121.955547" /><trkpt lat="37.39032" lon="-121.952637" /><trkpt lat="37.391095" lon="-121.950811" /><trkpt lat="37.392463" lon="-121.948077" /><trkpt lat="37.39293" lon="-121.947031" /><trkpt lat="37.394705" lon="-121.942904" /><trkpt lat="37.39513" lon="-121.943047" /><trkpt lat="37.395873" lon="-121.943537" /><trkpt lat="37.396388" lon="-121.943675" /><trkpt lat="37.396636" lon="-121.943717" /><trkpt lat="37.397286" lon="-121.943885" /><trkpt lat="37.397616" lon="-121.944114" /><trkpt lat="37.398114" lon="-121.944827" /><trkpt lat="37.398386" lon="-121.944867" /><trkpt lat="37.398893" lon="-121.944728" /><trkpt lat="37.398969" lon="-121.943892" /><trkpt lat="37.3986946" lon="-121.9439508" /><trkpt lat="37.397079" lon="-121.943936" /><trkpt lat="37.396346" lon="-121.938614" /><trkpt lat="37.399718" lon="-121.929116" /><trkpt lat="37.393397" lon="-121.920191" /><trkpt lat="37.397257" lon="-121.913721" /><trkpt lat="37.401126" lon="-121.908085" /><trkpt lat="37.425506" lon="-121.916316" /><trkpt lat="37.453498" lon="-121.922641" /><trkpt lat="37.480584" lon="-121.934612" /><trkpt lat="37.490309" lon="-121.945234" /><trkpt lat="37.511319" lon="-121.972137" /><trkpt lat="37.52897" lon="-122.000472" /><trkpt lat="37.54874" lon="-122.024277" /><trkpt lat="37.571224" lon="-122.045452" /><trkpt lat="37.599527" lon="-122.061353" /><trkpt lat="37.617652" lon="-122.074304" /><trkpt lat="37.646624" lon="-122.095002" /><trkpt lat="37.666473" lon="-122.10757" /><trkpt lat="37.677903" lon="-122.119166" /><trkpt lat="37.696714" lon="-122.146511" /><trkpt lat="37.713136" lon="-122.170251" /><trkpt lat="37.731498" lon="-122.188209" /><trkpt lat="37.754826" lon="-122.208748" /><trkpt lat="37.771055" lon="-122.222486" /><trkpt lat="37.777727" lon="-122.236997" /><trkpt lat="37.783068" lon="-122.239735" /><trkpt lat="37.788303" lon="-122.250208" /><trkpt lat="37.790111" lon="-122.258464" /><trkpt lat="37.793657" lon="-122.263901" /><trkpt lat="37.797107" lon="-122.271217" /><trkpt lat="37.802118" lon="-122.283819" /><trkpt lat="37.803037" lon="-122.288119" /><trkpt lat="37.802157" lon="-122.295777" /><trkpt lat="37.802795" lon="-122.299956" /><trkpt lat="37.80534" lon="-122.303439" /><trkpt lat="37.808508" lon="-122.304564" /><trkpt lat="37.811921" lon="-122.303422" /><trkpt lat="37.81507" lon="-122.299349" /><trkpt lat="37.818299" lon="-122.295249" /><trkpt lat="37.824745" lon="-122.290831" /><trkpt lat="37.828185" lon="-122.292171" /><trkpt lat="37.832786" lon="-122.293877" /><trkpt lat="37.840405" lon="-122.2969" /><trkpt lat="37.849892" lon="-122.299013" /><trkpt lat="37.868721" lon="-122.304238" /><trkpt lat="37.881869" lon="-122.308004" /><trkpt lat="37.887432" lon="-122.308745" /><trkpt lat="37.892233" lon="-122.308745" /><trkpt lat="37.895448" lon="-122.310193" /><trkpt lat="37.912018" lon="-122.323706" /><trkpt lat="37.918255" lon="-122.329941" /><trkpt lat="37.921019" lon="-122.334824" /><trkpt lat="37.921809" lon="-122.343253" /><trkpt lat="37.921991" lon="-122.355361" /><trkpt lat="37.925222" lon="-122.362568" /><trkpt lat="37.927222" lon="-122.368906" /><trkpt lat="37.927479" lon="-122.380296" /><trkpt lat="37.929757" lon="-122.38806" /><trkpt lat="37.932691" lon="-122.395506" /><trkpt lat="37.932097" lon="-122.400392" /><trkpt lat="37.93353" lon="-122.420868" /><trkpt lat="37.942849" lon="-122.478777" /><trkpt lat="37.944788" lon="-122.482912" /><trkpt lat="37.944972" lon="-122.488019" /><trkpt lat="37.951432" lon="-122.496258" /><trkpt lat="37.961419" lon="-122.507603" /><trkpt lat="37.963787" lon="-122.512185" /><trkpt lat="37.968918" lon="-122.520845" /><trkpt lat="37.975109" lon="-122.520692" /><trkpt lat="37.981207" lon="-122.521585" /><trkpt lat="37.993045" lon="-122.531296" /><trkpt lat="38.00362" lon="-122.539014" /><trkpt lat="38.008317" lon="-122.541796" /><trkpt lat="38.014492" lon="-122.541679" /><trkpt lat="38.022085" lon="-122.538816" /><trkpt lat="38.02809" lon="-122.537637" /><trkpt lat="38.036193" lon="-122.536413" /><trkpt lat="38.040231" lon="-122.53682" /><trkpt lat="38.046923" lon="-122.532875" /><trkpt lat="38.049461" lon="-122.531602" /><trkpt lat="38.052379" lon="-122.530858" /><trkpt lat="38.057445" lon="-122.530717" /><trkpt lat="38.060559" lon="-122.532243" /><trkpt lat="38.067576" lon="-122.538096" /><trkpt lat="38.074895" lon="-122.541489" /><trkpt lat="38.079342" lon="-122.54534" /><trkpt lat="38.0986" lon="-122.561697" /><trkpt lat="38.113916" lon="-122.564369" /><trkpt lat="38.132076" lon="-122.563602" /><trkpt lat="38.16128" lon="-122.572625" /><trkpt lat="38.181243" lon="-122.599661" /><trkpt lat="38.192948" lon="-122.600513" /><trkpt lat="38.202424" lon="-122.598447" /><trkpt lat="38.215774" lon="-122.602972" /><trkpt lat="38.21888" lon="-122.605109" /><trkpt lat="38.223181" lon="-122.610879" /><trkpt lat="38.225772" lon="-122.613806" /><trkpt lat="38.244451" lon="-122.62389" /><trkpt lat="38.264383" lon="-122.659934" /><trkpt lat="38.281962" lon="-122.682673" /><trkpt lat="38.310148" lon="-122.713524" /><trkpt lat="38.323447" lon="-122.71299" /><trkpt lat="38.359981" lon="-122.713028" /><trkpt lat="38.371012" lon="-122.713526" /><trkpt lat="38.410912" lon="-122.715918" /><trkpt lat="38.424469" lon="-122.714917" /><trkpt lat="38.434456" lon="-122.71658" /><trkpt lat="38.439587" lon="-122.719538" /><trkpt lat="38.46018" lon="-122.726149" /><trkpt lat="38.480682" lon="-122.734373" /><trkpt lat="38.509136" lon="-122.772752" /><trkpt lat="38.542092" lon="-122.804797" /><trkpt lat="38.56984" lon="-122.830494" /><trkpt lat="38.596128" lon="-122.855128" /><trkpt lat="38.612726" lon="-122.877712" /><trkpt lat="38.640245" lon="-122.875858" /><trkpt lat="38.667733" lon="-122.877158" /><trkpt lat="38.69113" lon="-122.882462" /><trkpt lat="38.702833" lon="-122.899242" /><trkpt lat="38.713909" lon="-122.919164" /><trkpt lat="38.730887" lon="-122.942604" /><trkpt lat="38.758119" lon="-122.973795" /><trkpt lat="38.769615" lon="-122.996552" /><trkpt lat="38.798872" lon="-123.012957" /><trkpt lat="38.821422" lon="-123.014913" /><trkpt lat="38.83837" lon="-123.02066" /><trkpt lat="38.851472" lon="-123.030931" /><trkpt lat="38.860549" lon="-123.03959" /><trkpt lat="38.873229" lon="-123.044495" /><trkpt lat="38.88051" lon="-123.050341" /><trkpt lat="38.888259" lon="-123.053345" /><trkpt lat="38.89765" lon="-123.057067" /><trkpt lat="38.907248" lon="-123.056308" /><trkpt lat="38.915859" lon="-123.057129" /><trkpt lat="38.928593" lon="-123.057102" /><trkpt lat="38.940122" lon="-123.073871" /><trkpt lat="38.948091" lon="-123.083356" /><trkpt lat="38.956035" lon="-123.107292" /><trkpt lat="38.969373" lon="-123.116345" /><trkpt lat="38.973559" lon="-123.116178" /><trkpt lat="38.980024" lon="-123.116234" /><trkpt lat="38.999286" lon="-123.117703" /><trkpt lat="39.02029" lon="-123.132752" /><trkpt lat="39.031756" lon="-123.141753" /><trkpt lat="39.049092" lon="-123.153657" /><trkpt lat="39.061446" lon="-123.16191" /><trkpt lat="39.068353" lon="-123.168308" /><trkpt lat="39.077439" lon="-123.178094" /><trkpt lat="39.093007" lon="-123.187076" /><trkpt lat="39.10354" lon="-123.193497" /><trkpt lat="39.114693" lon="-123.195855" /><trkpt lat="39.120251" lon="-123.194626" /><trkpt lat="39.139735" lon="-123.195868" /><trkpt lat="39.153032" lon="-123.19686" /><trkpt lat="39.162892" lon="-123.199642" /><trkpt lat="39.170013" lon="-123.209132" /><trkpt lat="39.172407" lon="-123.211316" /><trkpt lat="39.167968" lon="-123.211329" /><trkpt lat="39.163794" lon="-123.210178" /><trkpt lat="39.168403" lon="-123.21135" /><trkpt lat="39.172177" lon="-123.210841" /><trkpt lat="39.171181" lon="-123.211267" /><trkpt lat="39.179186" lon="-123.212269" /><trkpt lat="39.210089" lon="-123.204586" /><trkpt lat="39.231247" lon="-123.20785" /><trkpt lat="39.248546" lon="-123.209787" /><trkpt lat="39.262022" lon="-123.222884" /><trkpt lat="39.270355" lon="-123.240863" /><trkpt lat="39.283578" lon="-123.260356" /><trkpt lat="39.293476" lon="-123.273081" /><trkpt lat="39.299526" lon="-123.286419" /><trkpt lat="39.306626" lon="-123.300505" /><trkpt lat="39.3148" lon="-123.298657" /><trkpt lat="39.32504" lon="-123.301331" /><trkpt lat="39.334279" lon="-123.304" /><trkpt lat="39.345326" lon="-123.319258" /><trkpt lat="39.362438" lon="-123.31537" /><trkpt lat="39.370398" lon="-123.319638" /><trkpt lat="39.386965" lon="-123.334507" /><trkpt lat="39.401223" lon="-123.343828" /><trkpt lat="39.416037" lon="-123.338814" /><trkpt lat="39.424078" lon="-123.350364" /><trkpt lat="39.432483" lon="-123.357368" /><trkpt lat="39.448596" lon="-123.348895" /><trkpt lat="39.466653" lon="-123.353817" /><trkpt lat="39.472845" lon="-123.363491" /><trkpt lat="39.486207" lon="-123.360654" /><trkpt lat="39.498346" lon="-123.371659" /><trkpt lat="39.510305" lon="-123.385592" /><trkpt lat="39.522366" lon="-123.393959" /><trkpt lat="39.530925" lon="-123.40449" /><trkpt lat="39.535732" lon="-123.409058" /><trkpt lat="39.53824" lon="-123.417526" /><trkpt lat="39.546494" lon="-123.42463" /><trkpt lat="39.55616" lon="-123.431301" /><trkpt lat="39.565412" lon="-123.434914" /><trkpt lat="39.579039" lon="-123.441382" /><trkpt lat="39.592066" lon="-123.453302" /><trkpt lat="39.602274" lon="-123.453871" /><trkpt lat="39.61288" lon="-123.458751" /><trkpt lat="39.620551" lon="-123.465163" /><trkpt lat="39.631747" lon="-123.464437" /><trkpt lat="39.647373" lon="-123.47613" /><trkpt lat="39.660593" lon="-123.477275" /><trkpt lat="39.672197" lon="-123.475602" /><trkpt lat="39.684783" lon="-123.479136" /><trkpt lat="39.688235" lon="-123.483126" /><trkpt lat="39.710629" lon="-123.491724" /><trkpt lat="39.728328" lon="-123.505651" /><trkpt lat="39.739069" lon="-123.514373" /><trkpt lat="39.749464" lon="-123.532294" /><trkpt lat="39.757966" lon="-123.537425" /><trkpt lat="39.765801" lon="-123.543743" /><trkpt lat="39.771957" lon="-123.546325" /><trkpt lat="39.781431" lon="-123.542717" /><trkpt lat="39.79117" lon="-123.542571" /><trkpt lat="39.80457" lon="-123.544693" /><trkpt lat="39.80974" lon="-123.554377" /><trkpt lat="39.821512" lon="-123.564431" /><trkpt lat="39.828241" lon="-123.577467" /><trkpt lat="39.828173" lon="-123.587611" /><trkpt lat="39.829072" lon="-123.599237" /><trkpt lat="39.830196" lon="-123.613648" /><trkpt lat="39.834575" lon="-123.630964" /><trkpt lat="39.828964" lon="-123.65814" /><trkpt lat="39.836355" lon="-123.68309" /><trkpt lat="39.849881" lon="-123.711519" /><trkpt lat="39.864903" lon="-123.712817" /><trkpt lat="39.875644" lon="-123.71139" /><trkpt lat="39.878694" lon="-123.717746" /><trkpt lat="39.878057" lon="-123.72654" /><trkpt lat="39.885572" lon="-123.736329" /><trkpt lat="39.888966" lon="-123.747983" /><trkpt lat="39.89301" lon="-123.75405" /><trkpt lat="39.899372" lon="-123.751754" /><trkpt lat="39.903475" lon="-123.750156" /><trkpt lat="39.907322" lon="-123.753799" /><trkpt lat="39.908061" lon="-123.75879" /><trkpt lat="39.916329" lon="-123.766091" /><trkpt lat="39.92526" lon="-123.760903" /><trkpt lat="39.934561" lon="-123.770825" /><trkpt lat="39.957527" lon="-123.78084" /><trkpt lat="39.966805" lon="-123.795694" /><trkpt lat="39.986276" lon="-123.79611" /><trkpt lat="40.000372" lon="-123.784597" /><trkpt lat="40.006043" lon="-123.78775" /><trkpt lat="40.012481" lon="-123.790978" /><trkpt lat="40.021227" lon="-123.793294" /><trkpt lat="40.027959" lon="-123.793747" /><trkpt lat="40.035542" lon="-123.789208" /><trkpt lat="40.032231" lon="-123.778129" /><trkpt lat="40.045805" lon="-123.783149" /><trkpt lat="40.054055" lon="-123.792628" /><trkpt lat="40.064079" lon="-123.784324" /><trkpt lat="40.073997" lon="-123.791065" /><trkpt lat="40.09126" lon="-123.790815" /><trkpt lat="40.107937" lon="-123.793959" /><trkpt lat="40.137343" lon="-123.808602" /><trkpt lat="40.150333" lon="-123.796751" /><trkpt lat="40.158873" lon="-123.792269" /><trkpt lat="40.165731" lon="-123.784276" /><trkpt lat="40.176969" lon="-123.781189" /><trkpt lat="40.181996" lon="-123.776101" /><trkpt lat="40.196134" lon="-123.774835" /><trkpt lat="40.20624" lon="-123.790603" /><trkpt lat="40.220297" lon="-123.799951" /><trkpt lat="40.216336" lon="-123.814719" /><trkpt lat="40.226765" lon="-123.829031" /><trkpt lat="40.248761" lon="-123.831581" /><trkpt lat="40.25819" lon="-123.841294" /><trkpt lat="40.267681" lon="-123.851621" /><trkpt lat="40.269789" lon="-123.861945" /><trkpt lat="40.266706" lon="-123.871101" /><trkpt lat="40.273888" lon="-123.880264" /><trkpt lat="40.285208" lon="-123.890505" /><trkpt lat="40.298271" lon="-123.892093" /><trkpt lat="40.306306" lon="-123.902449" /><trkpt lat="40.317606" lon="-123.920446" /><trkpt lat="40.330918" lon="-123.926739" /><trkpt lat="40.343831" lon="-123.931695" /><trkpt lat="40.357076" lon="-123.923019" /><trkpt lat="40.370447" lon="-123.926867" /><trkpt lat="40.382533" lon="-123.92874" /><trkpt lat="40.396033" lon="-123.940649" /><trkpt lat="40.412606" lon="-123.962377" /><trkpt lat="40.420012" lon="-123.981426" /><trkpt lat="40.434758" lon="-123.987629" /><trkpt lat="40.443512" lon="-124.00609" /><trkpt lat="40.440183" lon="-124.027509" /><trkpt lat="40.444276" lon="-124.038912" /><trkpt lat="40.454093" lon="-124.050772" /><trkpt lat="40.458421" lon="-124.069438" /><trkpt lat="40.472565" lon="-124.099108" /><trkpt lat="40.484641" lon="-124.099302" /><trkpt lat="40.499032" lon="-124.098892" /><trkpt lat="40.505643" lon="-124.109286" /><trkpt lat="40.519557" lon="-124.142833" /><trkpt lat="40.53318" lon="-124.150173" /><trkpt lat="40.559463" lon="-124.147146" /><trkpt lat="40.580689" lon="-124.150655" /><trkpt lat="40.590792" lon="-124.15688" /><trkpt lat="40.597743" lon="-124.165965" /><trkpt lat="40.604669" lon="-124.177455" /><trkpt lat="40.615601" lon="-124.196313" /><trkpt lat="40.621372" lon="-124.210821" /><trkpt lat="40.64296" lon="-124.208706" /><trkpt lat="40.655015" lon="-124.209815" /><trkpt lat="40.697026" lon="-124.203626" /><trkpt lat="40.707441" lon="-124.209803" /><trkpt lat="40.729508" lon="-124.214445" /><trkpt lat="40.750714" lon="-124.193238" /><trkpt lat="40.765797" lon="-124.191475" /><trkpt lat="40.7759" lon="-124.190283" /><trkpt lat="40.781039" lon="-124.18504" /><trkpt lat="40.789729" lon="-124.179426" /><trkpt lat="40.795696" lon="-124.175937" /><trkpt lat="40.800574" lon="-124.175014" /><trkpt lat="40.801922" lon="-124.170767" /><trkpt lat="40.801917" lon="-124.170806" /><trkpt lat="40.801991" lon="-124.171243" /><trkpt lat="40.802079" lon="-124.171267" /><trkpt lat="40.802041" lon="-124.171521" /><trkpt lat="40.801952" lon="-124.171501" /><trkpt lat="40.801612" lon="-124.171419" /><trkpt lat="40.801287" lon="-124.171341" /><trkpt lat="40.801178" lon="-124.171311" /><trkpt lat="40.801186" lon="-124.171252" /><trkpt lat="40.801328" lon="-124.170247" /><trkpt lat="40.801337" lon="-124.17017" /><trkpt lat="40.801383" lon="-124.169809" /><trkpt lat="40.801409" lon="-124.169619" /><trkpt lat="40.801471" lon="-124.169179" /><trkpt lat="40.801481" lon="-124.169098" /><trkpt lat="40.801503" lon="-124.168928" /><trkpt lat="40.801614" lon="-124.168116" /><trkpt lat="40.801627" lon="-124.168033" /><trkpt lat="40.80178" lon="-124.167057" /><trkpt lat="40.801792" lon="-124.166965" /><trkpt lat="40.801928" lon="-124.165993" /><trkpt lat="40.80194" lon="-124.165906" /><trkpt lat="40.802063" lon="-124.165018" /><trkpt lat="40.802075" lon="-124.164929" /><trkpt lat="40.80221" lon="-124.163949" /><trkpt lat="40.802226" lon="-124.163836" /><trkpt lat="40.802284" lon="-124.163371" /><trkpt lat="40.802307" lon="-124.163219" /><trkpt lat="40.802361" lon="-124.16283" /><trkpt lat="40.802392" lon="-124.162615" /><trkpt lat="40.802394" lon="-124.1626" /><trkpt lat="40.802537" lon="-124.161581" /><trkpt lat="40.802551" lon="-124.161482" /><trkpt lat="40.802658" lon="-124.160696" /><trkpt lat="40.802659" lon="-124.160692" /><trkpt lat="40.802686" lon="-124.160487" /><trkpt lat="40.802696" lon="-124.160414" /><trkpt lat="40.802821" lon="-124.159517" /><trkpt lat="40.802835" lon="-124.159424" /><trkpt lat="40.802862" lon="-124.159236" /><trkpt lat="40.802913" lon="-124.158872" /><trkpt lat="40.802969" lon="-124.158457" /><trkpt lat="40.802982" lon="-124.158358" /><trkpt lat="40.802995" lon="-124.158276" /><trkpt lat="40.803047" lon="-124.157915" /><trkpt lat="40.803073" lon="-124.157743" /><trkpt lat="40.803136" lon="-124.157293" /><trkpt lat="40.803146" lon="-124.157219" /><trkpt lat="40.803201" lon="-124.156814" /><trkpt lat="40.80326" lon="-124.156427" /><trkpt lat="40.803269" lon="-124.156356" /><trkpt lat="40.803274" lon="-124.156323" /><trkpt lat="40.803297" lon="-124.156149" /><trkpt lat="40.803316" lon="-124.15602" /><trkpt lat="40.803383" lon="-124.15555" /><trkpt lat="40.803425" lon="-124.155257" /><trkpt lat="40.803476" lon="-124.154901" /><trkpt lat="40.803516" lon="-124.154656" /><trkpt lat="40.803608" lon="-124.15446" /><trkpt lat="40.803805" lon="-124.153913" /><trkpt lat="40.80383" lon="-124.153786" /><trkpt lat="40.803892" lon="-124.153463" /><trkpt lat="40.803892" lon="-124.153447" /><trkpt lat="40.80389" lon="-124.153124" /><trkpt lat="40.803889" lon="-124.152933" /><trkpt lat="40.803885" lon="-124.152577" /><trkpt lat="40.803888" lon="-124.152172" /><trkpt lat="40.803884" lon="-124.152012" /><trkpt lat="40.803884" lon="-124.151962" /><trkpt lat="40.803881" lon="-124.151491" /><trkpt lat="40.803881" lon="-124.151427" /><trkpt lat="40.803878" lon="-124.15085" /><trkpt lat="40.803878" lon="-124.150635" /><trkpt lat="40.803878" lon="-124.150586" /><trkpt lat="40.803878" lon="-124.150189" /><trkpt lat="40.803873" lon="-124.149762" /><trkpt lat="40.803867" lon="-124.149466" /><trkpt lat="40.803863" lon="-124.14932" /><trkpt lat="40.803862" lon="-124.149185" /><trkpt lat="40.803859" lon="-124.148839" /><trkpt lat="40.803872" lon="-124.147148" /><trkpt lat="40.803891" lon="-124.146977" /><trkpt lat="40.80396" lon="-124.146479" /><trkpt lat="40.804109" lon="-124.145735" /><trkpt lat="40.804149" lon="-124.145554" /><trkpt lat="40.804193" lon="-124.145348" /><trkpt lat="40.804358" lon="-124.144578" /><trkpt lat="40.804845" lon="-124.142366" /><trkpt lat="40.805533" lon="-124.139171" /><trkpt lat="40.805632" lon="-124.138628" /><trkpt lat="40.805652" lon="-124.138479" /><trkpt lat="40.805696" lon="-124.138058" /><trkpt lat="40.805711" lon="-124.137846" /><trkpt lat="40.805726" lon="-124.137406" /><trkpt lat="40.805726" lon="-124.137201" /><trkpt lat="40.805705" lon="-124.136702" /><trkpt lat="40.80569" lon="-124.136489" /><trkpt lat="40.805608" lon="-124.135841" /><trkpt lat="40.805495" lon="-124.135164" /><trkpt lat="40.805195" lon="-124.133371" /><trkpt lat="40.804714" lon="-124.130277" /><trkpt lat="40.804656" lon="-124.12957" /><trkpt lat="40.804613" lon="-124.128345" /><trkpt lat="40.804624" lon="-124.127724" /><trkpt lat="40.804702" lon="-124.126498" /><trkpt lat="40.804766" lon="-124.125923" /><trkpt lat="40.804983" lon="-124.124687" /><trkpt lat="40.805178" lon="-124.123811" /><trkpt lat="40.80557" lon="-124.122458" /><trkpt lat="40.805578" lon="-124.122435" /><trkpt lat="40.806073" lon="-124.121049" /><trkpt lat="40.806331" lon="-124.120403" /><trkpt lat="40.806638" lon="-124.11974" /><trkpt lat="40.808863" lon="-124.115405" /><trkpt lat="40.809544" lon="-124.114077" /><trkpt lat="40.810324" lon="-124.11256" /><trkpt lat="40.811616" lon="-124.110045" /><trkpt lat="40.813519" lon="-124.106368" /><trkpt lat="40.818102" lon="-124.097476" /><trkpt lat="40.820272" lon="-124.093253" /><trkpt lat="40.820673" lon="-124.092449" /><trkpt lat="40.820943" lon="-124.091937" /><trkpt lat="40.821193" lon="-124.091458" /><trkpt lat="40.822225" lon="-124.089465" /><trkpt lat="40.822623" lon="-124.0888" /><trkpt lat="40.823635" lon="-124.08734" /><trkpt lat="40.824199" lon="-124.086629" /><trkpt lat="40.826037" lon="-124.084791" /><trkpt lat="40.82697" lon="-124.084049" /><trkpt lat="40.827395" lon="-124.083799" /><trkpt lat="40.828398" lon="-124.083193" /><trkpt lat="40.829363" lon="-124.082734" /><trkpt lat="40.831665" lon="-124.082036" /><trkpt lat="40.832557" lon="-124.081894" /><trkpt lat="40.83482" lon="-124.081799" /><trkpt lat="40.835012" lon="-124.081801" /><trkpt lat="40.839455" lon="-124.081783" /><trkpt lat="40.843228" lon="-124.081739" /><trkpt lat="40.843534" lon="-124.081733" /><trkpt lat="40.843583" lon="-124.081731" /><trkpt lat="40.84428" lon="-124.08172" /><trkpt lat="40.846416" lon="-124.081697" /><trkpt lat="40.846452" lon="-124.081697" /><trkpt lat="40.846689" lon="-124.081696" /><trkpt lat="40.84671" lon="-124.081696" /><trkpt lat="40.849574" lon="-124.081713" /><trkpt lat="40.851648" lon="-124.081823" /><trkpt lat="40.85633" lon="-124.082208" /><trkpt lat="40.857255" lon="-124.082279" /><trkpt lat="40.857714" lon="-124.082243" /><trkpt lat="40.858796" lon="-124.082181" /><trkpt lat="40.860206" lon="-124.082288" /><trkpt lat="40.860293" lon="-124.082307" /><trkpt lat="40.861402" lon="-124.082409" /><trkpt lat="40.861899" lon="-124.082445" /><trkpt lat="40.862762" lon="-124.082491" /><trkpt lat="40.862955" lon="-124.082522" /><trkpt lat="40.865204" lon="-124.082674" /><trkpt lat="40.866516" lon="-124.082857" /><trkpt lat="40.87105" lon="-124.082569" /><trkpt lat="40.876301" lon="-124.082551" /><trkpt lat="40.88314" lon="-124.080684" /><trkpt lat="40.890182" lon="-124.079738" /><trkpt lat="40.906626" lon="-124.08789" /><trkpt lat="40.9182" lon="-124.094229" /><trkpt lat="40.925672" lon="-124.108914" /><trkpt lat="40.931575" lon="-124.113894" /><trkpt lat="40.955507" lon="-124.115966" /><trkpt lat="40.971203" lon="-124.116" /><trkpt lat="40.990525" lon="-124.114814" /><trkpt lat="40.996248" lon="-124.112897" /><trkpt lat="41.004701" lon="-124.111678" /><trkpt lat="41.012648" lon="-124.108219" /><trkpt lat="41.020795" lon="-124.10694" /><trkpt lat="41.028029" lon="-124.107426" /><trkpt lat="41.037875" lon="-124.113288" /><trkpt lat="41.055588" lon="-124.127003" /><trkpt lat="41.061126" lon="-124.137348" /><trkpt lat="41.065468" lon="-124.141779" /><trkpt lat="41.075574" lon="-124.142012" /><trkpt lat="41.101896" lon="-124.154147" /><trkpt lat="41.118529" lon="-124.151349" /><trkpt lat="41.131447" lon="-124.150302" /><trkpt lat="41.135768" lon="-124.147147" /><trkpt lat="41.138241" lon="-124.140955" /><trkpt lat="41.143032" lon="-124.136297" /><trkpt lat="41.150192" lon="-124.135273" /><trkpt lat="41.158794" lon="-124.12178" /><trkpt lat="41.163763" lon="-124.108511" /><trkpt lat="41.168312" lon="-124.102331" /><trkpt lat="41.175948" lon="-124.102789" /><trkpt lat="41.179824" lon="-124.106007" /><trkpt lat="41.185208" lon="-124.107842" /><trkpt lat="41.18816" lon="-124.107737" /><trkpt lat="41.191967" lon="-124.110409" /><trkpt lat="41.194311" lon="-124.110505" /><trkpt lat="41.196196" lon="-124.110035" /><trkpt lat="41.198759" lon="-124.110998" /><trkpt lat="41.202514" lon="-124.110794" /><trkpt lat="41.213098" lon="-124.108674" /><trkpt lat="41.218354" lon="-124.105438" /><trkpt lat="41.219748" lon="-124.098803" /><trkpt lat="41.223923" lon="-124.091887" /><trkpt lat="41.229855" lon="-124.083964" /><trkpt lat="41.236321" lon="-124.083846" /><trkpt lat="41.242193" lon="-124.084667" /><trkpt lat="41.244518" lon="-124.087256" /><trkpt lat="41.248839" lon="-124.08714" /><trkpt lat="41.253329" lon="-124.089856" /><trkpt lat="41.261537" lon="-124.097008" /><trkpt lat="41.268549" lon="-124.096601" /><trkpt lat="41.27929" lon="-124.093725" /><trkpt lat="41.285738" lon="-124.087026" /><trkpt lat="41.28565" lon="-124.078899" /><trkpt lat="41.284666" lon="-124.068489" /><trkpt lat="41.284795" lon="-124.061909" /><trkpt lat="41.288282" lon="-124.058717" /><trkpt lat="41.28998" lon="-124.058489" /><trkpt lat="41.295146" lon="-124.05505" /><trkpt lat="41.300394" lon="-124.050218" /><trkpt lat="41.302955" lon="-124.044862" /><trkpt lat="41.305462" lon="-124.044552" /><trkpt lat="41.310679" lon="-124.045383" /><trkpt lat="41.315627" lon="-124.041457" /><trkpt lat="41.323007" lon="-124.038184" /><trkpt lat="41.326637" lon="-124.032393" /><trkpt lat="41.329745" lon="-124.029851" /><trkpt lat="41.333401" lon="-124.031112" /><trkpt lat="41.337806" lon="-124.031047" /><trkpt lat="41.340912" lon="-124.033724" /><trkpt lat="41.346099" lon="-124.029581" /><trkpt lat="41.349666" lon="-124.025763" /><trkpt lat="41.35374" lon="-124.016698" /><trkpt lat="41.357356" lon="-124.012576" /><trkpt lat="41.359701" lon="-124.003096" /><trkpt lat="41.35848" lon="-123.99371" /><trkpt lat="41.36091" lon="-123.990266" /><trkpt lat="41.366539" lon="-123.991275" /><trkpt lat="41.370391" lon="-123.990539" /><trkpt lat="41.375668" lon="-123.994022" /><trkpt lat="41.38099" lon="-123.994936" /><trkpt lat="41.392949" lon="-123.993478" /><trkpt lat="41.397145" lon="-123.993734" /><trkpt lat="41.402459" lon="-123.993381" /><trkpt lat="41.405922" lon="-123.998111" /><trkpt lat="41.408149" lon="-124.002726" /><trkpt lat="41.4138" lon="-124.002807" /><trkpt lat="41.417842" lon="-123.997702" /><trkpt lat="41.422671" lon="-123.997694" /><trkpt lat="41.425111" lon="-124.00631" /><trkpt lat="41.427725" lon="-124.010216" /><trkpt lat="41.428626" lon="-124.015585" /><trkpt lat="41.432188" lon="-124.020221" /><trkpt lat="41.435616" lon="-124.022665" /><trkpt lat="41.444469" lon="-124.020124" /><trkpt lat="41.448268" lon="-124.024335" /><trkpt lat="41.452972" lon="-124.028625" /><trkpt lat="41.455943" lon="-124.031356" /><trkpt lat="41.460083" lon="-124.033622" /><trkpt lat="41.466805" lon="-124.03916" /><trkpt lat="41.477212" lon="-124.046892" /><trkpt lat="41.487101" lon="-124.050402" /><trkpt lat="41.493948" lon="-124.044136" /><trkpt lat="41.50111" lon="-124.03485" /><trkpt lat="41.507476" lon="-124.03172" /><trkpt lat="41.511547" lon="-124.028587" /><trkpt lat="41.520716" lon="-124.032683" /><trkpt lat="41.537805" lon="-124.048266" /><trkpt lat="41.543742" lon="-124.051175" /><trkpt lat="41.553621" lon="-124.055009" /><trkpt lat="41.5594" lon="-124.06035" /><trkpt lat="41.566005" lon="-124.067723" /><trkpt lat="41.57487" lon="-124.072703" /><trkpt lat="41.579855" lon="-124.077358" /><trkpt lat="41.583881" lon="-124.085669" /><trkpt lat="41.58675" lon="-124.092653" /><trkpt lat="41.594013" lon="-124.09832" /><trkpt lat="41.596702" lon="-124.101025" /><trkpt lat="41.602984" lon="-124.100001" /><trkpt lat="41.605814" lon="-124.10255" /><trkpt lat="41.611732" lon="-124.105478" /><trkpt lat="41.615915" lon="-124.10685" /><trkpt lat="41.619024" lon="-124.109336" /><trkpt lat="41.623571" lon="-124.111137" /><trkpt lat="41.628" lon="-124.112264" /><trkpt lat="41.632388" lon="-124.114519" /><trkpt lat="41.636651" lon="-124.115319" /><trkpt lat="41.639458" lon="-124.115087" /><trkpt lat="41.643789" lon="-124.114417" /><trkpt lat="41.647976" lon="-124.112833" /><trkpt lat="41.652625" lon="-124.115515" /><trkpt lat="41.658298" lon="-124.115417" /><trkpt lat="41.662801" lon="-124.115362" /><trkpt lat="41.66996" lon="-124.11336" /><trkpt lat="41.677764" lon="-124.112894" /><trkpt lat="41.682718" lon="-124.113767" /><trkpt lat="41.685278" lon="-124.107426" /><trkpt lat="41.68924" lon="-124.106456" /><trkpt lat="41.692669" lon="-124.109255" /><trkpt lat="41.696893" lon="-124.119163" /><trkpt lat="41.705324" lon="-124.126069" /><trkpt lat="41.706488" lon="-124.130573" /><trkpt lat="41.709033" lon="-124.130738" /><trkpt lat="41.710412" lon="-124.126967" /><trkpt lat="41.711492" lon="-124.129065" /><trkpt lat="41.713282" lon="-124.131238" /><trkpt lat="41.71584" lon="-124.135664" /><trkpt lat="41.722278" lon="-124.138698" /><trkpt lat="41.726897" lon="-124.142075" /><trkpt lat="41.73345" lon="-124.148444" /><trkpt lat="41.741574" lon="-124.165477" /><trkpt lat="41.746175" lon="-124.176595" /><trkpt lat="41.749884" lon="-124.181642" /><trkpt lat="41.752066" lon="-124.184792" /><trkpt lat="41.753001" lon="-124.189177" /><trkpt lat="41.75306" lon="-124.191746" /><trkpt lat="41.75445" lon="-124.193645" /><trkpt lat="41.75222" lon="-124.197893" /><trkpt lat="41.757112" lon="-124.195784" /><trkpt lat="41.761527" lon="-124.197535" /><trkpt lat="41.765849" lon="-124.194634" /><trkpt lat="41.769409" lon="-124.189442" /><trkpt lat="41.775493" lon="-124.185412" /><trkpt lat="41.801389" lon="-124.149383" /><trkpt lat="41.82779" lon="-124.144915" /><trkpt lat="41.862465" lon="-124.141007" /><trkpt lat="41.87544" lon="-124.138098" /><trkpt lat="41.918563" lon="-124.136538" /><trkpt lat="41.928711" lon="-124.143735" /><trkpt lat="41.932201" lon="-124.155763" /><trkpt lat="41.942506" lon="-124.188147" /><trkpt lat="41.952222" lon="-124.203502" /><trkpt lat="41.957001" lon="-124.204275" /><trkpt lat="41.966367" lon="-124.202673" /><trkpt lat="41.981201" lon="-124.20335" /><trkpt lat="41.990583" lon="-124.207708" /><trkpt lat="41.999064" lon="-124.208322" /><trkpt lat="42.007204" lon="-124.211284" /><trkpt lat="42.023754" lon="-124.227798" /><trkpt lat="42.036649" lon="-124.243335" /><trkpt lat="42.047737" lon="-124.256639" /><trkpt lat="42.054503" lon="-124.265432" /><trkpt lat="42.054837" lon="-124.273805" /><trkpt lat="42.052362" lon="-124.282193" /><trkpt lat="42.053315" lon="-124.286121" /><trkpt lat="42.055484" lon="-124.292059" /><trkpt lat="42.056617" lon="-124.296438" /><trkpt lat="42.060814" lon="-124.300607" /><trkpt lat="42.073705" lon="-124.310292" /><trkpt lat="42.084032" lon="-124.32478" /><trkpt lat="42.101481" lon="-124.341674" /><trkpt lat="42.121577" lon="-124.349126" /><trkpt lat="42.132215" lon="-124.349795" /><trkpt lat="42.139509" lon="-124.352117" /><trkpt lat="42.147336" lon="-124.354982" /><trkpt lat="42.158676" lon="-124.359266" /><trkpt lat="42.168384" lon="-124.360108" /><trkpt lat="42.176374" lon="-124.358597" /><trkpt lat="42.184108" lon="-124.359945" /><trkpt lat="42.191199" lon="-124.366442" /><trkpt lat="42.198581" lon="-124.372484" /><trkpt lat="42.208625" lon="-124.37338" /><trkpt lat="42.215073" lon="-124.373995" /><trkpt lat="42.220323" lon="-124.372785" /><trkpt lat="42.224169" lon="-124.379359" /><trkpt lat="42.231008" lon="-124.385136" /><trkpt lat="42.238145" lon="-124.392337" /><trkpt lat="42.252021" lon="-124.394354" /><trkpt lat="42.278753" lon="-124.404464" /><trkpt lat="42.290257" lon="-124.405366" /><trkpt lat="42.301639" lon="-124.411028" /><trkpt lat="42.308674" lon="-124.412522" /><trkpt lat="42.318594" lon="-124.415535" /><trkpt lat="42.325924" lon="-124.420513" /><trkpt lat="42.333646" lon="-124.418736" /><trkpt lat="42.339733" lon="-124.412537" /><trkpt lat="42.346621" lon="-124.41799" /><trkpt lat="42.355232" lon="-124.412254" /><trkpt lat="42.36157" lon="-124.415766" /><trkpt lat="42.369275" lon="-124.419376" /><trkpt lat="42.382538" lon="-124.422224" /><trkpt lat="42.39102" lon="-124.42212" /><trkpt lat="42.400644" lon="-124.421971" /><trkpt lat="42.408525" lon="-124.420772" /><trkpt lat="42.413167" lon="-124.420649" /><trkpt lat="42.422279" lon="-124.416341" /><trkpt lat="42.429984" lon="-124.413838" /><trkpt lat="42.430053" lon="-124.420183" /><trkpt lat="42.429481" lon="-124.428978" /><trkpt lat="42.432694" lon="-124.430886" /><trkpt lat="42.459335" lon="-124.419095" /><trkpt lat="42.487269" lon="-124.416415" /><trkpt lat="42.507906" lon="-124.409797" /><trkpt lat="42.536765" lon="-124.398922" /><trkpt lat="42.562059" lon="-124.385499" /><trkpt lat="42.570565" lon="-124.387479" /><trkpt lat="42.576945" lon="-124.390004" /><trkpt lat="42.583341" lon="-124.392545" /><trkpt lat="42.591339" lon="-124.395" /><trkpt lat="42.59676" lon="-124.398613" /><trkpt lat="42.605107" lon="-124.392715" /><trkpt lat="42.61241" lon="-124.392728" /><trkpt lat="42.616091" lon="-124.396531" /><trkpt lat="42.620961" lon="-124.397961" /><trkpt lat="42.62859" lon="-124.398811" /><trkpt lat="42.635" lon="-124.401626" /><trkpt lat="42.645384" lon="-124.408863" /><trkpt lat="42.656151" lon="-124.410562" /><trkpt lat="42.670375" lon="-124.41881" /><trkpt lat="42.682505" lon="-124.419226" /><trkpt lat="42.685347" lon="-124.427302" /><trkpt lat="42.688807" lon="-124.434825" /><trkpt lat="42.6867" lon="-124.444806" /><trkpt lat="42.692409" lon="-124.450464" /><trkpt lat="42.700868" lon="-124.455485" /><trkpt lat="42.717828" lon="-124.463656" /><trkpt lat="42.726026" lon="-124.467025" /><trkpt lat="42.73722" lon="-124.47808" /><trkpt lat="42.741693" lon="-124.486612" /><trkpt lat="42.743889" lon="-124.495844" /><trkpt lat="42.753492" lon="-124.497372" /><trkpt lat="42.778043" lon="-124.495728" /><trkpt lat="42.792132" lon="-124.491352" /><trkpt lat="42.804787" lon="-124.485291" /><trkpt lat="42.819624" lon="-124.482777" /><trkpt lat="42.829815" lon="-124.480882" /><trkpt lat="42.843757" lon="-124.475293" /><trkpt lat="42.855819" lon="-124.471413" /><trkpt lat="42.86258" lon="-124.467497" /><trkpt lat="42.869128" lon="-124.466828" /><trkpt lat="42.878923" lon="-124.467884" /><trkpt lat="42.893381" lon="-124.461945" /><trkpt lat="42.916592" lon="-124.451834" /><trkpt lat="42.925863" lon="-124.449988" /><trkpt lat="42.942501" lon="-124.444904" /><trkpt lat="42.958844" lon="-124.434919" /><trkpt lat="42.964599" lon="-124.429732" /><trkpt lat="42.974573" lon="-124.425499" /><trkpt lat="42.98305" lon="-124.422949" /><trkpt lat="43.002352" lon="-124.415557" /><trkpt lat="43.013992" lon="-124.415044" /><trkpt lat="43.024749" lon="-124.415354" /><trkpt lat="43.035326" lon="-124.415804" /><trkpt lat="43.042445" lon="-124.414653" /><trkpt lat="43.049593" lon="-124.414907" /><trkpt lat="43.065745" lon="-124.415223" /><trkpt lat="43.079424" lon="-124.415166" /><trkpt lat="43.095421" lon="-124.415114" /><trkpt lat="43.108582" lon="-124.415031" /><trkpt lat="43.11687" lon="-124.414385" /><trkpt lat="43.119064" lon="-124.410105" /><trkpt lat="43.119091" lon="-124.399268" /><trkpt lat="43.13346" lon="-124.398013" /><trkpt lat="43.151738" lon="-124.395481" /><trkpt lat="43.168527" lon="-124.378901" /><trkpt lat="43.192808" lon="-124.347324" /><trkpt lat="43.192008" lon="-124.334367" /><trkpt lat="43.193681" lon="-124.318571" /><trkpt lat="43.214712" lon="-124.307661" /><trkpt lat="43.238036" lon="-124.289036" /><trkpt lat="43.255227" lon="-124.282326" /><trkpt lat="43.255919" lon="-124.272445" /><trkpt lat="43.269938" lon="-124.261594" /><trkpt lat="43.286207" lon="-124.25416" /><trkpt lat="43.291112" lon="-124.231811" /><trkpt lat="43.289121" lon="-124.222301" /><trkpt lat="43.294924" lon="-124.217033" /><trkpt lat="43.305334" lon="-124.211774" /><trkpt lat="43.317244" lon="-124.206773" /><trkpt lat="43.326309" lon="-124.205102" /><trkpt lat="43.339132" lon="-124.198097" /><trkpt lat="43.345687" lon="-124.197737" /><trkpt lat="43.354841" lon="-124.201262" /><trkpt lat="43.356115" lon="-124.20997" /><trkpt lat="43.362518" lon="-124.212226" /><trkpt lat="43.368626" lon="-124.212282" /><trkpt lat="43.367899" lon="-124.217773" /><trkpt lat="43.367754" lon="-124.212507" /><trkpt lat="43.374059" lon="-124.212514" /><trkpt lat="43.379183" lon="-124.217721" /><trkpt lat="43.389291" lon="-124.220512" /><trkpt lat="43.40103" lon="-124.221675" /><trkpt lat="43.406596" lon="-124.223012" /><trkpt lat="43.418043" lon="-124.224011" /><trkpt lat="43.443761" lon="-124.221931" /><trkpt lat="43.457917" lon="-124.229341" /><trkpt lat="43.473476" lon="-124.223925" /><trkpt lat="43.48805" lon="-124.221059" /><trkpt lat="43.521954" lon="-124.216483" /><trkpt lat="43.554709" lon="-124.208558" /><trkpt lat="43.576639" lon="-124.191687" /><trkpt lat="43.588392" lon="-124.183878" /><trkpt lat="43.622604" lon="-124.18173" /><trkpt lat="43.642929" lon="-124.191035" /><trkpt lat="43.657764" lon="-124.188545" /><trkpt lat="43.665212" lon="-124.186181" /><trkpt lat="43.674201" lon="-124.168022" /><trkpt lat="43.684673" lon="-124.14726" /><trkpt lat="43.695443" lon="-124.121703" /><trkpt lat="43.698558" lon="-124.111173" /><trkpt lat="43.710896" lon="-124.100287" /><trkpt lat="43.718785" lon="-124.101065" /><trkpt lat="43.7254" lon="-124.110002" /><trkpt lat="43.732272" lon="-124.111432" /><trkpt lat="43.744381" lon="-124.114377" /><trkpt lat="43.755306" lon="-124.124308" /><trkpt lat="43.763718" lon="-124.12872" /><trkpt lat="43.772444" lon="-124.143783" /><trkpt lat="43.78365" lon="-124.142641" /><trkpt lat="43.793601" lon="-124.148667" /><trkpt lat="43.808939" lon="-124.153593" /><trkpt lat="43.822911" lon="-124.149542" /><trkpt lat="43.837462" lon="-124.1504" /><trkpt lat="43.872315" lon="-124.132027" /><trkpt lat="43.883235" lon="-124.122687" /><trkpt lat="43.907666" lon="-124.112416" /><trkpt lat="43.932248" lon="-124.106786" /><trkpt lat="43.95503" lon="-124.104305" /><trkpt lat="43.96238" lon="-124.108599" /><trkpt lat="43.968414" lon="-124.107604" /><trkpt lat="43.972782" lon="-124.104527" /><trkpt lat="43.977356" lon="-124.101381" /><trkpt lat="43.982182" lon="-124.101237" /><trkpt lat="43.988434" lon="-124.101324" /><trkpt lat="43.998241" lon="-124.101457" /><trkpt lat="44.010197" lon="-124.101617" /><trkpt lat="44.034254" lon="-124.09992" /><trkpt lat="44.056373" lon="-124.099922" /><trkpt lat="44.066989" lon="-124.098854" /><trkpt lat="44.086457" lon="-124.108192" /><trkpt lat="44.099868" lon="-124.1192" /><trkpt lat="44.105229" lon="-124.121527" /><trkpt lat="44.113065" lon="-124.123491" /><trkpt lat="44.117839" lon="-124.118206" /><trkpt lat="44.120674" lon="-124.124797" /><trkpt lat="44.125153" lon="-124.125718" /><trkpt lat="44.130532" lon="-124.122414" /><trkpt lat="44.137197" lon="-124.124691" /><trkpt lat="44.138306" lon="-124.118651" /><trkpt lat="44.147403" lon="-124.117347" /><trkpt lat="44.166025" lon="-124.11334" /><trkpt lat="44.185853" lon="-124.115368" /><trkpt lat="44.19318" lon="-124.113295" /><trkpt lat="44.201903" lon="-124.11323" /><trkpt lat="44.208333" lon="-124.114238" /><trkpt lat="44.219009" lon="-124.112881" /><trkpt lat="44.226571" lon="-124.109164" /><trkpt lat="44.233568" lon="-124.109691" /><trkpt lat="44.240375" lon="-124.1112" /><trkpt lat="44.25644" lon="-124.109496" /><trkpt lat="44.265673" lon="-124.106928" /><trkpt lat="44.276169" lon="-124.113134" /><trkpt lat="44.279762" lon="-124.109599" /><trkpt lat="44.28178" lon="-124.108" /><trkpt lat="44.283817" lon="-124.109401" /><trkpt lat="44.285133" lon="-124.110668" /><trkpt lat="44.288928" lon="-124.112508" /><trkpt lat="44.291183" lon="-124.108171" /><trkpt lat="44.292535" lon="-124.110638" /><trkpt lat="44.295287" lon="-124.109308" /><trkpt lat="44.296895" lon="-124.109294" /><trkpt lat="44.302261" lon="-124.106697" /><trkpt lat="44.306831" lon="-124.101044" /><trkpt lat="44.309297" lon="-124.099468" /><trkpt lat="44.311086" lon="-124.10368" /><trkpt lat="44.31501" lon="-124.104737" /><trkpt lat="44.321799" lon="-124.102224" /><trkpt lat="44.328989" lon="-124.099409" /><trkpt lat="44.336468" lon="-124.097248" /><trkpt lat="44.345648" lon="-124.095258" /><trkpt lat="44.353108" lon="-124.093641" /><trkpt lat="44.363788" lon="-124.091322" /><trkpt lat="44.374337" lon="-124.089033" /><trkpt lat="44.386616" lon="-124.088619" /><trkpt lat="44.393246" lon="-124.086321" /><trkpt lat="44.403173" lon="-124.085562" /><trkpt lat="44.415632" lon="-124.081311" /><trkpt lat="44.422716" lon="-124.071768" /><trkpt lat="44.425809" lon="-124.067468" /><trkpt lat="44.429659" lon="-124.068117" /><trkpt lat="44.447017" lon="-124.074011" /><trkpt lat="44.464729" lon="-124.077971" /><trkpt lat="44.474376" lon="-124.079685" /><trkpt lat="44.491853" lon="-124.083268" /><trkpt lat="44.500733" lon="-124.081616" /><trkpt lat="44.51059" lon="-124.079303" /><trkpt lat="44.520491" lon="-124.070259" /><trkpt lat="44.524854" lon="-124.074176" /><trkpt lat="44.555159" lon="-124.07165" /><trkpt lat="44.574903" lon="-124.06629" /><trkpt lat="44.585465" lon="-124.0644" /><trkpt lat="44.593563" lon="-124.062499" /><trkpt lat="44.606915" lon="-124.053747" /><trkpt lat="44.61341" lon="-124.050178" /><trkpt lat="44.618136" lon="-124.051848" /><trkpt lat="44.627615" lon="-124.061516" /><trkpt lat="44.631073" lon="-124.060245" /><trkpt lat="44.634162" lon="-124.054862" /><trkpt lat="44.638286" lon="-124.053091" /><trkpt lat="44.642741" lon="-124.053062" /><trkpt lat="44.646106" lon="-124.053039" /><trkpt lat="44.650002" lon="-124.053026" /><trkpt lat="44.662091" lon="-124.054789" /><trkpt lat="44.673649" lon="-124.059662" /><trkpt lat="44.684532" lon="-124.063473" /><trkpt lat="44.69724" lon="-124.062185" /><trkpt lat="44.713451" lon="-124.058363" /><trkpt lat="44.738538" lon="-124.056256" /><trkpt lat="44.74766" lon="-124.051409" /><trkpt lat="44.755415" lon="-124.059596" /><trkpt lat="44.760867" lon="-124.063108" /><trkpt lat="44.771614" lon="-124.069852" /><trkpt lat="44.777487" lon="-124.070286" /><trkpt lat="44.782325" lon="-124.072852" /><trkpt lat="44.787709" lon="-124.066254" /><trkpt lat="44.803531" lon="-124.061492" /><trkpt lat="44.809422" lon="-124.061793" /><trkpt lat="44.815794" lon="-124.062483" /><trkpt lat="44.821963" lon="-124.064395" /><trkpt lat="44.82839" lon="-124.064179" /><trkpt lat="44.836004" lon="-124.053334" /><trkpt lat="44.847006" lon="-124.045708" /><trkpt lat="44.861506" lon="-124.037826" /><trkpt lat="44.883166" lon="-124.030253" /><trkpt lat="44.893643" lon="-124.016333" /><trkpt lat="44.912711" lon="-124.005014" /><trkpt lat="44.920299" lon="-124.011388" /><trkpt lat="44.925444" lon="-124.014033" /><trkpt lat="44.928667" lon="-124.015332" /><trkpt lat="44.93105" lon="-124.019118" /><trkpt lat="44.935531" lon="-124.023375" /><trkpt lat="44.941295" lon="-124.021254" /><trkpt lat="44.945456" lon="-124.018369" /><trkpt lat="44.953118" lon="-124.014" /><trkpt lat="44.958262" lon="-124.013585" /><trkpt lat="44.961794" lon="-124.016154" /><trkpt lat="44.964317" lon="-124.017634" /><trkpt lat="44.9662" lon="-124.017701" /><trkpt lat="44.967823" lon="-124.015956" /><trkpt lat="44.972537" lon="-124.013939" /><trkpt lat="44.975117" lon="-124.01282" /><trkpt lat="44.978031" lon="-124.011123" /><trkpt lat="44.979694" lon="-124.009918" /><trkpt lat="44.981583" lon="-124.007702" /><trkpt lat="44.983837" lon="-124.007241" /><trkpt lat="44.986562" lon="-124.006318" /><trkpt lat="44.98933" lon="-124.005731" /><trkpt lat="44.993539" lon="-124.006484" /><trkpt lat="44.996344" lon="-124.00378" /><trkpt lat="44.99728" lon="-123.999115" /><trkpt lat="44.999554" lon="-123.990798" /><trkpt lat="45.004987" lon="-123.982831" /><trkpt lat="45.009597" lon="-123.977921" /><trkpt lat="45.012768" lon="-123.978898" /><trkpt lat="45.017068" lon="-123.975338" /><trkpt lat="45.020383" lon="-123.971072" /><trkpt lat="45.019982" lon="-123.953529" /><trkpt lat="45.019394" lon="-123.947709" /><trkpt lat="45.019723" lon="-123.941471" /><trkpt lat="45.016662" lon="-123.94043" /><trkpt lat="45.012264" lon="-123.927604" /><trkpt lat="45.008301" lon="-123.919743" /><trkpt lat="45.005923" lon="-123.914911" /><trkpt lat="45.00326" lon="-123.90882" /><trkpt lat="45.002522" lon="-123.903813" /><trkpt lat="45.002631" lon="-123.897701" /><trkpt lat="45.004157" lon="-123.89055" /><trkpt lat="45.01113" lon="-123.879764" /><trkpt lat="45.014135" lon="-123.873844" /><trkpt lat="45.01931" lon="-123.866353" /><trkpt lat="45.02115" lon="-123.850305" /><trkpt lat="45.023351" lon="-123.829146" /><trkpt lat="45.029783" lon="-123.816916" /><trkpt lat="45.046192" lon="-123.799758" /><trkpt lat="45.053803" lon="-123.769269" /><trkpt lat="45.056597" lon="-123.745108" /><trkpt lat="45.063185" lon="-123.731487" /><trkpt lat="45.067337" lon="-123.729003" /><trkpt lat="45.070696" lon="-123.723633" /><trkpt lat="45.065423" lon="-123.706462" /><trkpt lat="45.06083" lon="-123.6949" /><trkpt lat="45.058582" lon="-123.685563" /><trkpt lat="45.058882" lon="-123.67711" /><trkpt lat="45.060718" lon="-123.661912" /><trkpt lat="45.058447" lon="-123.648442" /><trkpt lat="45.058345" lon="-123.632776" /><trkpt lat="45.058816" lon="-123.611902" /><trkpt lat="45.059186" lon="-123.606955" /><trkpt lat="45.05895" lon="-123.593477" /><trkpt lat="45.061113" lon="-123.575397" /><trkpt lat="45.061978" lon="-123.561696" /><trkpt lat="45.054946" lon="-123.542871" /><trkpt lat="45.050674" lon="-123.515555" /><trkpt lat="45.053501" lon="-123.496517" /><trkpt lat="45.064601" lon="-123.473715" /><trkpt lat="45.078403" lon="-123.438471" /><trkpt lat="45.093605" lon="-123.380021" /><trkpt lat="45.098405" lon="-123.353299" /><trkpt lat="45.102797" lon="-123.337933" /><trkpt lat="45.115388" lon="-123.317025" /><trkpt lat="45.124628" lon="-123.30582" /><trkpt lat="45.156848" lon="-123.26443" /><trkpt lat="45.173131" lon="-123.242783" /><trkpt lat="45.189306" lon="-123.216239" /><trkpt lat="45.191218" lon="-123.198062" /><trkpt lat="45.199982" lon="-123.180127" /><trkpt lat="45.200899" lon="-123.1666" /><trkpt lat="45.201135" lon="-123.133928" /><trkpt lat="45.20912" lon="-123.112272" /><trkpt lat="45.22182" lon="-123.086918" /><trkpt lat="45.231811" lon="-123.068037" /><trkpt lat="45.23703" lon="-123.063404" /><trkpt lat="45.244032" lon="-123.049847" /><trkpt lat="45.250498" lon="-123.03683" /><trkpt lat="45.260713" lon="-123.026856" /><trkpt lat="45.269886" lon="-123.018299" /><trkpt lat="45.271399" lon="-123.018685" /><trkpt lat="45.270359" lon="-123.011693" /><trkpt lat="45.271484" lon="-123.00548" /><trkpt lat="45.275113" lon="-122.99935" /><trkpt lat="45.282756" lon="-122.987552" /><trkpt lat="45.284943" lon="-122.978621" /><trkpt lat="45.290624" lon="-122.967315" /><trkpt lat="45.290638" lon="-122.958647" /><trkpt lat="45.289508" lon="-122.952964" /><trkpt lat="45.290215" lon="-122.947601" /><trkpt lat="45.284774" lon="-122.944845" /><trkpt lat="45.26904" lon="-122.943556" /><trkpt lat="45.250858" lon="-122.942368" /><trkpt lat="45.245402" lon="-122.942574" /><trkpt lat="45.241778" lon="-122.928092" /><trkpt lat="45.237245" lon="-122.917804" /><trkpt lat="45.234214" lon="-122.910126" /><trkpt lat="45.233798" lon="-122.893977" /><trkpt lat="45.229329" lon="-122.883968" /><trkpt lat="45.227678" lon="-122.866239" /><trkpt lat="45.230172" lon="-122.853522" /><trkpt lat="45.230507" lon="-122.841225" /><trkpt lat="45.230759" lon="-122.826546" /><trkpt lat="45.233389" lon="-122.814866" /><trkpt lat="45.234789" lon="-122.808147" /><trkpt lat="45.236284" lon="-122.805271" /><trkpt lat="45.254323" lon="-122.790556" /><trkpt lat="45.272872" lon="-122.775247" /><trkpt lat="45.281455" lon="-122.769299" /><trkpt lat="45.293978" lon="-122.769261" /><trkpt lat="45.304156" lon="-122.76907" /><trkpt lat="45.33789" lon="-122.769059" /><trkpt lat="45.350465" lon="-122.765209" /><trkpt lat="45.368044" lon="-122.756509" /><trkpt lat="45.372639" lon="-122.740532" /><trkpt lat="45.373137" lon="-122.728213" /><trkpt lat="45.37198" lon="-122.713907" /><trkpt lat="45.366876" lon="-122.692788" /><trkpt lat="45.365799" lon="-122.680813" /><trkpt lat="45.362639" lon="-122.67197" /><trkpt lat="45.353823" lon="-122.663046" /><trkpt lat="45.347809" lon="-122.654306" /><trkpt lat="45.347485" lon="-122.64879" /><trkpt lat="45.349098" lon="-122.635281" /><trkpt lat="45.352781" lon="-122.625169" /><trkpt lat="45.361126" lon="-122.613111" /><trkpt lat="45.364423" lon="-122.604116" /><trkpt lat="45.367881" lon="-122.594901" /><trkpt lat="45.375756" lon="-122.585837" /><trkpt lat="45.386217" lon="-122.578326" /><trkpt lat="45.405163" lon="-122.571161" /><trkpt lat="45.415892" lon="-122.574054" /><trkpt lat="45.41955" lon="-122.573195" /><trkpt lat="45.428181" lon="-122.566118" /><trkpt lat="45.438166" lon="-122.567576" /><trkpt lat="45.451211" lon="-122.572115" /><trkpt lat="45.457782" lon="-122.572449" /><trkpt lat="45.465254" lon="-122.567558" /><trkpt lat="45.473996" lon="-122.565348" /><trkpt lat="45.490201" lon="-122.565764" /><trkpt lat="45.504709" lon="-122.565143" /><trkpt lat="45.517853" lon="-122.565237" /><trkpt lat="45.529126" lon="-122.565057" /><trkpt lat="45.53431" lon="-122.564178" /><trkpt lat="45.545732" lon="-122.559703" /><trkpt lat="45.547151" lon="-122.55768" /><trkpt lat="45.547012" lon="-122.542646" /><trkpt lat="45.545371" lon="-122.531828" /><trkpt lat="45.542349" lon="-122.486669" /><trkpt lat="45.540611" lon="-122.464269" /><trkpt lat="45.539264" lon="-122.447594" /><trkpt lat="45.541125" lon="-122.437394" /><trkpt lat="45.541732" lon="-122.431315" /><trkpt lat="45.539665" lon="-122.421255" /><trkpt lat="45.540373" lon="-122.415875" /><trkpt lat="45.544198" lon="-122.403304" /><trkpt lat="45.544547" lon="-122.395252" /><trkpt lat="45.542668" lon="-122.390561" /><trkpt lat="45.539313" lon="-122.387351" /><trkpt lat="45.540755" lon="-122.389356" /><trkpt lat="45.543138" lon="-122.390554" /><trkpt lat="45.544506" lon="-122.390617" /><trkpt lat="45.545651" lon="-122.391387" /><trkpt lat="45.545391" lon="-122.395908" /><trkpt lat="45.545303" lon="-122.400567" /><trkpt lat="45.544447" lon="-122.404891" /><trkpt lat="45.5425" lon="-122.41057" /><trkpt lat="45.54021" lon="-122.417137" /><trkpt lat="45.539833" lon="-122.419884" /><trkpt lat="45.540032" lon="-122.42317" /><trkpt lat="45.541891" lon="-122.431223" /><trkpt lat="45.541944" lon="-122.4343" /><trkpt lat="45.541044" lon="-122.438295" /><trkpt lat="45.53971" lon="-122.444367" /><trkpt lat="45.53938" lon="-122.449005" /><trkpt lat="45.539632" lon="-122.45466" /><trkpt lat="45.540867" lon="-122.465356" /><trkpt lat="45.541767" lon="-122.47874" /><trkpt lat="45.542415" lon="-122.496145" /><trkpt lat="45.543497" lon="-122.516359" /><trkpt lat="45.546466" lon="-122.536685" /><trkpt lat="45.546982" lon="-122.540464" /><trkpt lat="45.547463" lon="-122.545642" /><trkpt lat="45.547568" lon="-122.553198" /><trkpt lat="45.547719" lon="-122.557658" /><trkpt lat="45.548265" lon="-122.559287" /><trkpt lat="45.551813" lon="-122.563999" /><trkpt lat="45.554548" lon="-122.56652" /><trkpt lat="45.556362" lon="-122.566747" /><trkpt lat="45.558085" lon="-122.566078" /><trkpt lat="45.562599" lon="-122.560584" /><trkpt lat="45.569736" lon="-122.551158" /><trkpt lat="45.571899" lon="-122.548468" /><trkpt lat="45.573693" lon="-122.546711" /><trkpt lat="45.576283" lon="-122.544985" /><trkpt lat="45.578495" lon="-122.544063" /><trkpt lat="45.580684" lon="-122.543619" /><trkpt lat="45.583203" lon="-122.543648" /><trkpt lat="45.585738" lon="-122.544263" /><trkpt lat="45.58781" lon="-122.545239" /><trkpt lat="45.592869" lon="-122.548284" /><trkpt lat="45.595696" lon="-122.549591" /><trkpt lat="45.599251" lon="-122.550669" /><trkpt lat="45.606419" lon="-122.551839" /><trkpt lat="45.61292" lon="-122.553162" /><trkpt lat="45.618181" lon="-122.557652" /><trkpt lat="45.621575" lon="-122.559059" /><trkpt lat="45.631344" lon="-122.559397" /><trkpt lat="45.636748" lon="-122.561111" /><trkpt lat="45.64734" lon="-122.565155" /><trkpt lat="45.654134" lon="-122.568258" /><trkpt lat="45.657837" lon="-122.571539" /><trkpt lat="45.663615" lon="-122.576803" /><trkpt lat="45.668844" lon="-122.580143" /><trkpt lat="45.678972" lon="-122.586662" /><trkpt lat="45.681701" lon="-122.590415" /><trkpt lat="45.683807" lon="-122.595037" /><trkpt lat="45.686872" lon="-122.600155" /><trkpt lat="45.688824" lon="-122.602495" /><trkpt lat="45.692104" lon="-122.605824" /><trkpt lat="45.694521" lon="-122.608897" /><trkpt lat="45.697312" lon="-122.613008" /><trkpt lat="45.69866" lon="-122.615829" /><trkpt lat="45.699227" lon="-122.618665" /><trkpt lat="45.699643" lon="-122.621406" /><trkpt lat="45.700892" lon="-122.624742" /><trkpt lat="45.702772" lon="-122.627107" /><trkpt lat="45.707629" lon="-122.632072" /><trkpt lat="45.713684" lon="-122.642489" /><trkpt lat="45.719825" lon="-122.651443" /><trkpt lat="45.722218" lon="-122.653536" /><trkpt lat="45.730019" lon="-122.65621" /><trkpt lat="45.750535" lon="-122.662526" /><trkpt lat="45.76522" lon="-122.66707" /><trkpt lat="45.789611" lon="-122.674599" /><trkpt lat="45.80445" lon="-122.680449" /><trkpt lat="45.82994" lon="-122.69228" /><trkpt lat="45.85339" lon="-122.7032" /><trkpt lat="45.868213" lon="-122.707376" /><trkpt lat="45.885329" lon="-122.729715" /><trkpt lat="45.90267" lon="-122.740656" /><trkpt lat="45.925289" lon="-122.75461" /><trkpt lat="45.931833" lon="-122.758876" /><trkpt lat="45.960872" lon="-122.804853" /><trkpt lat="45.984797" lon="-122.82879" /><trkpt lat="46.003845" lon="-122.844035" /><trkpt lat="46.018605" lon="-122.849553" /><trkpt lat="46.03604" lon="-122.857095" /><trkpt lat="46.050931" lon="-122.862111" /><trkpt lat="46.066612" lon="-122.867742" /><trkpt lat="46.077762" lon="-122.866396" /><trkpt lat="46.097039" lon="-122.873407" /><trkpt lat="46.108041" lon="-122.879755" /><trkpt lat="46.123617" lon="-122.890123" /><trkpt lat="46.126174" lon="-122.895048" /><trkpt lat="46.131635" lon="-122.898653" /><trkpt lat="46.143163" lon="-122.897283" /><trkpt lat="46.151282" lon="-122.900529" /><trkpt lat="46.155481" lon="-122.901702" /><trkpt lat="46.173588" lon="-122.903931" /><trkpt lat="46.184154" lon="-122.897383" /><trkpt lat="46.213394" lon="-122.891242" /><trkpt lat="46.244213" lon="-122.885315" /><trkpt lat="46.259691" lon="-122.886919" /><trkpt lat="46.277018" lon="-122.898079" /><trkpt lat="46.298697" lon="-122.909998" /><trkpt lat="46.319618" lon="-122.914626" /><trkpt lat="46.326121" lon="-122.91107" /><trkpt lat="46.353285" lon="-122.905869" /><trkpt lat="46.386841" lon="-122.902734" /><trkpt lat="46.397862" lon="-122.899724" /><trkpt lat="46.407004" lon="-122.890176" /><trkpt lat="46.414947" lon="-122.890247" /><trkpt lat="46.441361" lon="-122.888187" /><trkpt lat="46.475665" lon="-122.883023" /><trkpt lat="46.488747" lon="-122.87822" /><trkpt lat="46.504574" lon="-122.876533" /><trkpt lat="46.541753" lon="-122.876499" /><trkpt lat="46.547588" lon="-122.876487" /><trkpt lat="46.563572" lon="-122.876494" /><trkpt lat="46.580954" lon="-122.885724" /><trkpt lat="46.598116" lon="-122.901815" /><trkpt lat="46.608674" lon="-122.909345" /><trkpt lat="46.626347" lon="-122.932812" /><trkpt lat="46.640387" lon="-122.94963" /><trkpt lat="46.650832" lon="-122.969065" /><trkpt lat="46.65611" lon="-122.976684" /><trkpt lat="46.658663" lon="-122.977913" /><trkpt lat="46.665252" lon="-122.979507" /><trkpt lat="46.667365" lon="-122.980378" /><trkpt lat="46.669633" lon="-122.980433" /><trkpt lat="46.675382" lon="-122.975654" /><trkpt lat="46.679036" lon="-122.972354" /><trkpt lat="46.690992" lon="-122.969916" /><trkpt lat="46.695104" lon="-122.969901" /><trkpt lat="46.711954" lon="-122.975401" /><trkpt lat="46.72613" lon="-122.976963" /><trkpt lat="46.730253" lon="-122.976313" /><trkpt lat="46.734243" lon="-122.975104" /><trkpt lat="46.739335" lon="-122.976136" /><trkpt lat="46.764592" lon="-122.992259" /><trkpt lat="46.793976" lon="-123.010027" /><trkpt lat="46.797584" lon="-123.009851" /><trkpt lat="46.801237" lon="-123.007473" /><trkpt lat="46.802575" lon="-123.005193" /><trkpt lat="46.802603" lon="-123.008834" /><trkpt lat="46.802483" lon="-123.01562" /><trkpt lat="46.802618" lon="-123.017315" /><trkpt lat="46.802607" lon="-123.017858" /><trkpt lat="46.802557" lon="-123.039398" /><trkpt lat="46.803134" lon="-123.044354" /><trkpt lat="46.805365" lon="-123.047586" /><trkpt lat="46.813581" lon="-123.061892" /><trkpt lat="46.820757" lon="-123.076418" /><trkpt lat="46.821758" lon="-123.080762" /><trkpt lat="46.821774" lon="-123.08517" /><trkpt lat="46.82173" lon="-123.090342" /><trkpt lat="46.821795" lon="-123.095857" /></trkseg></trk><wpt lat="47.6167921" lon="-122.1115836"><name>Bellevue, WA - Northeast 8th Street</name><desc>13.7916 kWh</desc></wpt><wpt lat="46.6030113" lon="-120.5027063"><name>Yakima, WA - East Yakima Avenue</name><desc>49.6953 kWh</desc></wpt><wpt lat="45.672075" lon="-118.7885967"><name>Pendleton, OR</name><desc>45.9144 kWh</desc></wpt><wpt lat="44.7748748" lon="-117.834384"><name>Baker City, OR</name><desc>24.0635 kWh</desc></wpt><wpt lat="44.0265525" lon="-116.9629378"><name>Ontario, OR</name><desc>23.6881 kWh</desc></wpt><wpt lat="44.0214741" lon="-116.9504158"><name>Ontario, OR - Southeast 10th Street</name><desc>19.2916 kWh</desc></wpt><wpt lat="43.1318937" lon="-115.6939827"><name>Mountain Home, ID</name><desc>43.7702 kWh</desc></wpt><wpt lat="42.5558542" lon="-114.4700684"><name>Twin Falls, ID</name><desc>43.982 kWh</desc></wpt><wpt lat="41.1107264" lon="-114.963144"><name>Wells, NV</name><desc>50.3365 kWh</desc></wpt><wpt lat="39.2480588" lon="-114.891718"><name>Ely, NV</name><desc>59.3107 kWh</desc></wpt><wpt lat="36.1957762" lon="-115.1377081"><name>North Las Vegas, NV - East Lake Mead South Boulevard</name><desc>43.0471 kWh</desc></wpt><wpt lat="36.1607456" lon="-115.1360767"><name>Las Vegas, NV - South Maryland Parkway</name><desc>61.08 kWh</desc></wpt><wpt lat="37.2393471" lon="-113.525776"><name>Washington, UT</name><desc>53.1628 kWh</desc></wpt><wpt lat="36.9148305" lon="-111.457294"><name>Page, AZ</name><desc>41.2756 kWh</desc></wpt><wpt lat="35.1949783" lon="-111.6289385"><name>Flagstaff, AZ - US-89</name><desc>37.723 kWh</desc></wpt><wpt lat="35.2508504" lon="-112.187294"><name>Williams, AZ</name><desc>49.52 kWh</desc></wpt><wpt lat="35.7182855" lon="-114.4032833"><name>White Hills, AZ</name><desc>38.2214 kWh</desc></wpt><wpt lat="36.204178" lon="-116.0260261"><name>Pahrump, NV</name><desc>114.46 kWh</desc></wpt><wpt lat="35.275455" lon="-116.0694137"><name>Baker, CA</name><desc>60.9341 kWh</desc></wpt><wpt lat="34.8937247" lon="-117.0025044"><name>Barstow, CA - 1503 East Main Street</name><desc>68.4539 kWh</desc></wpt><wpt lat="34.0909468" lon="-118.3418797"><name>Tesla Diner</name><desc>25.197 kWh</desc></wpt><wpt lat="33.8398289" lon="-118.3845942"><name>Redondo Beach, CA</name><desc>26.976 kWh</desc></wpt><wpt lat="34.0352008" lon="-118.6937959"><name>Malibu, CA - Civic Center Way</name><desc>32.0227 kWh</desc></wpt><wpt lat="34.4221319" lon="-119.702667"><name>Santa Barbara, CA</name><desc>26.8112 kWh</desc></wpt><wpt lat="35.4894169" lon="-120.6707255"><name>Atascadero, CA</name><desc>31.308 kWh</desc></wpt><wpt lat="36.6171819" lon="-121.848285"><name>Sand City, CA</name><desc>58.5808 kWh</desc></wpt><wpt lat="37.3986946" lon="-121.9439508"><name>Mansion Grove</name><desc>7.735 kWh</desc></wpt><wpt lat="37.5780965" lon="-122.3473099"><name>Burlingame, CA</name><desc>43.9326 kWh</desc></wpt><wpt lat="37.3986946" lon="-121.9439508"><name>Mansion Grove</name><desc>46.667 kWh</desc></wpt><wpt lat="37.3986946" lon="-121.9439508"><name>Mansion Grove</name><desc>46.328 kWh</desc></wpt><wpt lat="39.1637941" lon="-123.2101776"><name>Ukiah, CA - N State St</name><desc>49.8093 kWh</desc></wpt><wpt lat="40.8018746" lon="-124.1707558"><name>Eureka, CA</name><desc>48.8899 kWh</desc></wpt><wpt lat="40.866517" lon="-124.08284"><name>Arcata, CA</name><desc>12.9231 kWh</desc></wpt><wpt lat="41.7522404" lon="-124.1978539"><name>Crescent City, CA</name><desc>37.5524 kWh</desc></wpt><wpt lat="43.3678937" lon="-124.2174647"><name>Coos Bay, OR</name><desc>47.9372 kWh</desc></wpt><wpt lat="44.9617922" lon="-124.0159522"><name>Lincoln City, OR</name><desc>35.7671 kWh</desc></wpt><wpt lat="45.5392862" lon="-122.3873133"><name>Troutdale, OR</name><desc>50.1801 kWh</desc></wpt><wpt lat="46.8218166" lon="-123.095857"><name>Rochester, WA</name><desc>33.9 kWh</desc></wpt></gpx>