<?xml version='1.0' encoding='utf-8'?>
<gpx version="1.1" creator="Tesla Travel Map" xmlns="http://www.topografix.com/GPX/1/1"><metadata><name>Mar 2025 — Yakima → Seattle (via WA, OR, ID, NV, UT)</name></metadata><trk><name>Mar 2025 — Yakima → Seattle (via WA, OR, ID, NV, UT)</name><trkseg><trkpt lat="46.601557" lon="-120.510842" /><trkpt lat="46.601414" lon="-120.509666" /><trkpt lat="46.602099" lon="-120.506712" /><trkpt lat="46.602598" lon="-120.504515" /><trkpt lat="46.60289" lon="-120.503251" /><trkpt lat="46.603301" lon="-120.501409" /><trkpt lat="46.603825" lon="-120.499177" /><trkpt lat="46.604289" lon="-120.497215" /><trkpt lat="46.604679" lon="-120.495522" /><trkpt lat="46.605149" lon="-120.493276" /><trkpt lat="46.605175" lon="-120.487252" /><trkpt lat="46.604242" lon="-120.485959" /><trkpt lat="46.599879" lon="-120.481645" /><trkpt lat="46.588356" lon="-120.474307" /><trkpt lat="46.582636" lon="-120.472341" /><trkpt lat="46.570296" lon="-120.47205" /><trkpt lat="46.562754" lon="-120.472332" /><trkpt lat="46.559341" lon="-120.471146" /><trkpt lat="46.555968" lon="-120.470451" /><trkpt lat="46.54069" lon="-120.471067" /><trkpt lat="46.53147" lon="-120.471604" /><trkpt lat="46.522858" lon="-120.470002" /><trkpt lat="46.520237" lon="-120.465104" /><trkpt lat="46.518152" lon="-120.457221" /><trkpt lat="46.507021" lon="-120.450832" /><trkpt lat="46.499488" lon="-120.442889" /><trkpt lat="46.493442" lon="-120.433737" /><trkpt lat="46.48914" lon="-120.422233" /><trkpt lat="46.473366" lon="-120.399308" /><trkpt lat="46.469671" lon="-120.393792" /><trkpt lat="46.461711" lon="-120.376147" /><trkpt lat="46.444902" lon="-120.348802" /><trkpt lat="46.440264" lon="-120.345509" /><trkpt lat="46.430541" lon="-120.343343" /><trkpt lat="46.422844" lon="-120.336631" /><trkpt lat="46.417359" lon="-120.323013" /><trkpt lat="46.415849" lon="-120.312319" /><trkpt lat="46.409322" lon="-120.28821" /><trkpt lat="46.403964" lon="-120.280709" /><trkpt lat="46.400877" lon="-120.266811" /><trkpt lat="46.395406" lon="-120.253646" /><trkpt lat="46.394094" lon="-120.245452" /><trkpt lat="46.391857" lon="-120.240718" /><trkpt lat="46.379947" lon="-120.223385" /><trkpt lat="46.368375" lon="-120.212571" /><trkpt lat="46.355728" lon="-120.197787" /><trkpt lat="46.350956" lon="-120.18604" /><trkpt lat="46.343689" lon="-120.175021" /><trkpt lat="46.339658" lon="-120.16579" /><trkpt lat="46.338327" lon="-120.137043" /><trkpt lat="46.332163" lon="-120.122268" /><trkpt lat="46.330378" lon="-120.113693" /><trkpt lat="46.328461" lon="-120.084704" /><trkpt lat="46.327223" lon="-120.080704" /><trkpt lat="46.323916" lon="-120.073407" /><trkpt lat="46.318216" lon="-120.05714" /><trkpt lat="46.30841" lon="-120.045745" /><trkpt lat="46.306124" lon="-120.038925" /><trkpt lat="46.305959" lon="-120.019124" /><trkpt lat="46.306019" lon="-119.98941" /><trkpt lat="46.306121" lon="-119.973786" /><trkpt lat="46.293276" lon="-119.954926" /><trkpt lat="46.275762" lon="-119.932302" /><trkpt lat="46.2706" lon="-119.924371" /><trkpt lat="46.26632" lon="-119.904952" /><trkpt lat="46.262941" lon="-119.8928" /><trkpt lat="46.253475" lon="-119.874549" /><trkpt lat="46.246006" lon="-119.84917" /><trkpt lat="46.237845" lon="-119.817895" /><trkpt lat="46.226267" lon="-119.80075" /><trkpt lat="46.222694" lon="-119.792434" /><trkpt lat="46.221512" lon="-119.786389" /><trkpt lat="46.221096" lon="-119.757156" /><trkpt lat="46.219328" lon="-119.750632" /><trkpt lat="46.21492" lon="-119.744445" /><trkpt lat="46.213385" lon="-119.744091" /><trkpt lat="46.214408" lon="-119.745578" /><trkpt lat="46.208648" lon="-119.747566" /><trkpt lat="46.206032" lon="-119.748624" /><trkpt lat="46.206004" lon="-119.746903" /><trkpt lat="46.207602" lon="-119.739838" /><trkpt lat="46.208119" lon="-119.732985" /><trkpt lat="46.208695" lon="-119.729261" /><trkpt lat="46.208525" lon="-119.727489" /><trkpt lat="46.207453" lon="-119.725652" /><trkpt lat="46.202339" lon="-119.723486" /><trkpt lat="46.199891" lon="-119.719487" /><trkpt lat="46.199278" lon="-119.71712" /><trkpt lat="46.199404" lon="-119.715147" /><trkpt lat="46.2002" lon="-119.713134" /><trkpt lat="46.204546" lon="-119.708951" /><trkpt lat="46.205187" lon="-119.70787" /><trkpt lat="46.205043" lon="-119.70653" /><trkpt lat="46.203913" lon="-119.705797" /><trkpt lat="46.189717" lon="-119.705714" /><trkpt lat="46.187863" lon="-119.703677" /><trkpt lat="46.187333" lon="-119.688147" /><trkpt lat="46.186968" lon="-119.640868" /><trkpt lat="46.186365" lon="-119.603595" /><trkpt lat="46.183435" lon="-119.600894" /><trkpt lat="46.130943" lon="-119.573374" /><trkpt lat="46.129682" lon="-119.433082" /><trkpt lat="46.130605" lon="-119.391655" /><trkpt lat="46.130812" lon="-119.372941" /><trkpt lat="46.129718" lon="-119.370514" /><trkpt lat="46.127339" lon="-119.369467" /><trkpt lat="46.107617" lon="-119.369946" /><trkpt lat="46.093438" lon="-119.370156" /><trkpt lat="46.069012" lon="-119.370885" /><trkpt lat="46.052971" lon="-119.371589" /><trkpt lat="46.041256" lon="-119.367013" /><trkpt lat="45.999596" lon="-119.350609" /><trkpt lat="45.989043" lon="-119.350533" /><trkpt lat="45.947843" lon="-119.351321" /><trkpt lat="45.943921" lon="-119.343121" /><trkpt lat="45.945239" lon="-119.336231" /><trkpt lat="45.934976" lon="-119.33035" /><trkpt lat="45.921686" lon="-119.323267" /><trkpt lat="45.918142" lon="-119.321487" /><trkpt lat="45.914941" lon="-119.322834" /><trkpt lat="45.904098" lon="-119.33175" /><trkpt lat="45.895708" lon="-119.330208" /><trkpt lat="45.886091" lon="-119.329673" /><trkpt lat="45.872812" lon="-119.336484" /><trkpt lat="45.839945" lon="-119.378156" /><trkpt lat="45.836863" lon="-119.381186" /><trkpt lat="45.833127" lon="-119.383196" /><trkpt lat="45.805616" lon="-119.3838" /><trkpt lat="45.80302" lon="-119.384766" /><trkpt lat="45.798879" lon="-119.390505" /><trkpt lat="45.795265" lon="-119.392917" /><trkpt lat="45.793553" lon="-119.390488" /><trkpt lat="45.79267" lon="-119.378918" /><trkpt lat="45.79097" lon="-119.368925" /><trkpt lat="45.782516" lon="-119.319355" /><trkpt lat="45.770077" lon="-119.246688" /><trkpt lat="45.763441" lon="-119.208038" /><trkpt lat="45.760924" lon="-119.193339" /><trkpt lat="45.745692" lon="-119.10508" /><trkpt lat="45.739034" lon="-119.077514" /><trkpt lat="45.71666" lon="-119.008719" /><trkpt lat="45.693632" lon="-118.93796" /><trkpt lat="45.680075" lon="-118.896486" /><trkpt lat="45.675855" lon="-118.873662" /><trkpt lat="45.678966" lon="-118.85999" /><trkpt lat="45.678452" lon="-118.854357" /><trkpt lat="45.675643" lon="-118.845527" /><trkpt lat="45.671867" lon="-118.833948" /><trkpt lat="45.663429" lon="-118.808519" /><trkpt lat="45.663966" lon="-118.80582" /><trkpt lat="45.66626" lon="-118.80578" /><trkpt lat="45.667838" lon="-118.80327" /><trkpt lat="45.668181" lon="-118.801805" /><trkpt lat="45.667983" lon="-118.800093" /><trkpt lat="45.668187" lon="-118.79822" /><trkpt lat="45.669914" lon="-118.792513" /><trkpt lat="45.670756" lon="-118.789822" /><trkpt lat="45.671156" lon="-118.788493" /><trkpt lat="45.671664" lon="-118.788039" /><trkpt lat="45.672018" lon="-118.788788" /><trkpt lat="45.671443" lon="-118.787902" /><trkpt lat="45.671144" lon="-118.786578" /><trkpt lat="45.669721" lon="-118.785694" /><trkpt lat="45.668871" lon="-118.785166" /><trkpt lat="45.665384" lon="-118.778729" /><trkpt lat="45.66397" lon="-118.77221" /><trkpt lat="45.663196" lon="-118.755819" /><trkpt lat="45.657065" lon="-118.720836" /><trkpt lat="45.654929" lon="-118.710338" /><trkpt lat="45.648594" lon="-118.700118" /><trkpt lat="45.642252" lon="-118.690391" /><trkpt lat="45.634824" lon="-118.678945" /><trkpt lat="45.617394" lon="-118.653122" /><trkpt lat="45.61355" lon="-118.650992" /><trkpt lat="45.605569" lon="-118.649805" /><trkpt lat="45.603087" lon="-118.64872" /><trkpt lat="45.600613" lon="-118.640301" /><trkpt lat="45.599367" lon="-118.638217" /><trkpt lat="45.597723" lon="-118.638663" /><trkpt lat="45.597117" lon="-118.641398" /><trkpt lat="45.596607" lon="-118.644897" /><trkpt lat="45.594885" lon="-118.646132" /><trkpt lat="45.590042" lon="-118.642543" /><trkpt lat="45.585866" lon="-118.639132" /><trkpt lat="45.584012" lon="-118.639829" /><trkpt lat="45.582128" lon="-118.642945" /><trkpt lat="45.580279" lon="-118.642935" /><trkpt lat="45.579357" lon="-118.641262" /><trkpt lat="45.58059" lon="-118.635566" /><trkpt lat="45.580789" lon="-118.632569" /><trkpt lat="45.578407" lon="-118.6312" /><trkpt lat="45.576825" lon="-118.630257" /><trkpt lat="45.576713" lon="-118.627384" /><trkpt lat="45.581625" lon="-118.616078" /><trkpt lat="45.582032" lon="-118.610533" /><trkpt lat="45.583254" lon="-118.606922" /><trkpt lat="45.582067" lon="-118.604836" /><trkpt lat="45.579329" lon="-118.603239" /><trkpt lat="45.579664" lon="-118.592437" /><trkpt lat="45.580402" lon="-118.587795" /><trkpt lat="45.58165" lon="-118.583591" /><trkpt lat="45.585619" lon="-118.574407" /><trkpt lat="45.589075" lon="-118.555744" /><trkpt lat="45.592993" lon="-118.532829" /><trkpt lat="45.596148" lon="-118.515585" /><trkpt lat="45.598831" lon="-118.509605" /><trkpt lat="45.599789" lon="-118.506432" /><trkpt lat="45.600031" lon="-118.503979" /><trkpt lat="45.599773" lon="-118.501079" /><trkpt lat="45.591949" lon="-118.473167" /><trkpt lat="45.587003" lon="-118.462446" /><trkpt lat="45.582597" lon="-118.456693" /><trkpt lat="45.577812" lon="-118.454571" /><trkpt lat="45.573236" lon="-118.455129" /><trkpt lat="45.557983" lon="-118.462382" /><trkpt lat="45.55092" lon="-118.464829" /><trkpt lat="45.545418" lon="-118.463787" /><trkpt lat="45.541205" lon="-118.460848" /><trkpt lat="45.537567" lon="-118.456557" /><trkpt lat="45.531133" lon="-118.448945" /><trkpt lat="45.49974" lon="-118.420022" /><trkpt lat="45.490385" lon="-118.411418" /><trkpt lat="45.47974" lon="-118.401499" /><trkpt lat="45.464904" lon="-118.387915" /><trkpt lat="45.456946" lon="-118.380613" /><trkpt lat="45.45351" lon="-118.378659" /><trkpt lat="45.449736" lon="-118.378218" /><trkpt lat="45.445744" lon="-118.376408" /><trkpt lat="45.436166" lon="-118.366093" /><trkpt lat="45.43054" lon="-118.35994" /><trkpt lat="45.424144" lon="-118.353112" /><trkpt lat="45.417074" lon="-118.347798" /><trkpt lat="45.404481" lon="-118.338818" /><trkpt lat="45.397531" lon="-118.332237" /><trkpt lat="45.388197" lon="-118.31867" /><trkpt lat="45.381568" lon="-118.30914" /><trkpt lat="45.37561" lon="-118.303082" /><trkpt lat="45.371885" lon="-118.298261" /><trkpt lat="45.366383" lon="-118.283996" /><trkpt lat="45.361457" lon="-118.269622" /><trkpt lat="45.35816" lon="-118.264268" /><trkpt lat="45.351255" lon="-118.250518" /><trkpt lat="45.345257" lon="-118.242913" /><trkpt lat="45.343726" lon="-118.238735" /><trkpt lat="45.342185" lon="-118.230952" /><trkpt lat="45.342379" lon="-118.228203" /><trkpt lat="45.345057" lon="-118.224771" /><trkpt lat="45.347557" lon="-118.220919" /><trkpt lat="45.349513" lon="-118.211354" /><trkpt lat="45.348862" lon="-118.207476" /><trkpt lat="45.347493" lon="-118.2033" /><trkpt lat="45.348292" lon="-118.200652" /><trkpt lat="45.351818" lon="-118.197208" /><trkpt lat="45.354195" lon="-118.191135" /><trkpt lat="45.354311" lon="-118.186507" /><trkpt lat="45.352426" lon="-118.174387" /><trkpt lat="45.351487" lon="-118.170957" /><trkpt lat="45.349589" lon="-118.169745" /><trkpt lat="45.345608" lon="-118.166834" /><trkpt lat="45.345019" lon="-118.162981" /><trkpt lat="45.346141" lon="-118.158415" /><trkpt lat="45.345774" lon="-118.153657" /><trkpt lat="45.346533" lon="-118.149415" /><trkpt lat="45.34719" lon="-118.144596" /><trkpt lat="45.344604" lon="-118.140252" /><trkpt lat="45.343953" lon="-118.135853" /><trkpt lat="45.346061" lon="-118.127449" /><trkpt lat="45.345397" lon="-118.123686" /><trkpt lat="45.342867" lon="-118.11982" /><trkpt lat="45.342416" lon="-118.116716" /><trkpt lat="45.343695" lon="-118.111409" /><trkpt lat="45.343412" lon="-118.105977" /><trkpt lat="45.340191" lon="-118.086878" /><trkpt lat="45.338622" lon="-118.080545" /><trkpt lat="45.332098" lon="-118.073319" /><trkpt lat="45.325952" lon="-118.067066" /><trkpt lat="45.303097" lon="-118.043847" /><trkpt lat="45.296938" lon="-118.038887" /><trkpt lat="45.290896" lon="-118.036443" /><trkpt lat="45.251584" lon="-118.020752" /><trkpt lat="45.237799" lon="-118.015262" /><trkpt lat="45.218017" lon="-118.018064" /><trkpt lat="45.215138" lon="-118.024563" /><trkpt lat="45.20764" lon="-118.022001" /><trkpt lat="45.196172" lon="-118.010951" /><trkpt lat="45.184909" lon="-117.98945" /><trkpt lat="45.175211" lon="-117.979247" /><trkpt lat="45.169523" lon="-117.967424" /><trkpt lat="45.15552" lon="-117.969398" /><trkpt lat="45.148499" lon="-117.971758" /><trkpt lat="45.119099" lon="-117.961386" /><trkpt lat="45.081777" lon="-117.948396" /><trkpt lat="45.055845" lon="-117.941276" /><trkpt lat="45.040698" lon="-117.934358" /><trkpt lat="45.024749" lon="-117.925966" /><trkpt lat="45.018578" lon="-117.9223" /><trkpt lat="45.004653" lon="-117.909073" /><trkpt lat="44.982158" lon="-117.890833" /><trkpt lat="44.971038" lon="-117.87824" /><trkpt lat="44.957713" lon="-117.860418" /><trkpt lat="44.946258" lon="-117.84846" /><trkpt lat="44.929166" lon="-117.832903" /><trkpt lat="44.914801" lon="-117.820447" /><trkpt lat="44.893042" lon="-117.819607" /><trkpt lat="44.860556" lon="-117.816716" /><trkpt lat="44.837629" lon="-117.816484" /><trkpt lat="44.808403" lon="-117.814021" /><trkpt lat="44.784368" lon="-117.811605" /><trkpt lat="44.781627" lon="-117.814988" /><trkpt lat="44.781656" lon="-117.818121" /><trkpt lat="44.781709" lon="-117.82464" /><trkpt lat="44.781655" lon="-117.829533" /><trkpt lat="44.780293" lon="-117.829723" /><trkpt lat="44.779099" lon="-117.829729" /><trkpt lat="44.777431" lon="-117.829743" /><trkpt lat="44.775326" lon="-117.829777" /><trkpt lat="44.774512" lon="-117.830997" /><trkpt lat="44.774507" lon="-117.832696" /><trkpt lat="44.774875" lon="-117.834434" /><trkpt lat="44.774509" lon="-117.832304" /><trkpt lat="44.774514" lon="-117.830402" /><trkpt lat="44.774454" lon="-117.829306" /><trkpt lat="44.774104" lon="-117.828856" /><trkpt lat="44.773524" lon="-117.827878" /><trkpt lat="44.772686" lon="-117.82689" /><trkpt lat="44.770702" lon="-117.826842" /><trkpt lat="44.765133" lon="-117.826379" /><trkpt lat="44.759718" lon="-117.818771" /><trkpt lat="44.756197" lon="-117.815561" /><trkpt lat="44.749624" lon="-117.808644" /><trkpt lat="44.745656" lon="-117.803212" /><trkpt lat="44.724187" lon="-117.777485" /><trkpt lat="44.700628" lon="-117.706188" /><trkpt lat="44.68789" lon="-117.679113" /><trkpt lat="44.672359" lon="-117.630272" /><trkpt lat="44.667491" lon="-117.619289" /><trkpt lat="44.664167" lon="-117.615127" /><trkpt lat="44.653999" lon="-117.58221" /><trkpt lat="44.644755" lon="-117.550227" /><trkpt lat="44.638717" lon="-117.534016" /><trkpt lat="44.626037" lon="-117.509396" /><trkpt lat="44.611844" lon="-117.485756" /><trkpt lat="44.600791" lon="-117.474216" /><trkpt lat="44.589287" lon="-117.46566" /><trkpt lat="44.565145" lon="-117.432282" /><trkpt lat="44.540878" lon="-117.416994" /><trkpt lat="44.533847" lon="-117.410543" /><trkpt lat="44.53114" lon="-117.402948" /><trkpt lat="44.526772" lon="-117.400144" /><trkpt lat="44.52378" lon="-117.393979" /><trkpt lat="44.521962" lon="-117.387322" /><trkpt lat="44.519961" lon="-117.382497" /><trkpt lat="44.518038" lon="-117.375886" /><trkpt lat="44.515154" lon="-117.375049" /><trkpt lat="44.51129" lon="-117.376466" /><trkpt lat="44.506527" lon="-117.370126" /><trkpt lat="44.502802" lon="-117.369867" /><trkpt lat="44.498516" lon="-117.369946" /><trkpt lat="44.49045" lon="-117.364116" /><trkpt lat="44.484913" lon="-117.359474" /><trkpt lat="44.484254" lon="-117.350568" /><trkpt lat="44.482923" lon="-117.346142" /><trkpt lat="44.477538" lon="-117.343914" /><trkpt lat="44.473284" lon="-117.340509" /><trkpt lat="44.467898" lon="-117.33574" /><trkpt lat="44.464439" lon="-117.336177" /><trkpt lat="44.461799" lon="-117.334817" /><trkpt lat="44.457074" lon="-117.329302" /><trkpt lat="44.453068" lon="-117.329442" /><trkpt lat="44.448679" lon="-117.331212" /><trkpt lat="44.446095" lon="-117.327484" /><trkpt lat="44.442885" lon="-117.325112" /><trkpt lat="44.437094" lon="-117.32339" /><trkpt lat="44.428748" lon="-117.315528" /><trkpt lat="44.415137" lon="-117.307887" /><trkpt lat="44.408722" lon="-117.31221" /><trkpt lat="44.401134" lon="-117.308734" /><trkpt lat="44.385725" lon="-117.309078" /><trkpt lat="44.379858" lon="-117.302421" /><trkpt lat="44.369713" lon="-117.29572" /><trkpt lat="44.346371" lon="-117.288124" /><trkpt lat="44.311873" lon="-117.257171" /><trkpt lat="44.288917" lon="-117.221854" /><trkpt lat="44.284178" lon="-117.214186" /><trkpt lat="44.279864" lon="-117.209667" /><trkpt lat="44.274937" lon="-117.206381" /><trkpt lat="44.27106" lon="-117.201597" /><trkpt lat="44.268818" lon="-117.196049" /><trkpt lat="44.264755" lon="-117.192155" /><trkpt lat="44.26195" lon="-117.185381" /><trkpt lat="44.258485" lon="-117.178988" /><trkpt lat="44.255307" lon="-117.176309" /><trkpt lat="44.244928" lon="-117.176381" /><trkpt lat="44.225949" lon="-117.16327" /><trkpt lat="44.215169" lon="-117.152466" /><trkpt lat="44.199941" lon="-117.145278" /><trkpt lat="44.185803" lon="-117.137023" /><trkpt lat="44.173307" lon="-117.132124" /><trkpt lat="44.159085" lon="-117.116449" /><trkpt lat="44.135843" lon="-117.096467" /><trkpt lat="44.113959" lon="-117.059624" /><trkpt lat="44.082416" lon="-117.015683" /><trkpt lat="44.064835" lon="-116.994943" /><trkpt lat="44.053018" lon="-116.982194" /><trkpt lat="44.039993" lon="-116.96558" /><trkpt lat="44.031939" lon="-116.952508" /><trkpt lat="44.024932" lon="-116.949171" /><trkpt lat="44.0109" lon="-116.943146" /><trkpt lat="43.996121" lon="-116.936566" /><trkpt lat="43.983606" lon="-116.927819" /><trkpt lat="43.977148" lon="-116.921419" /><trkpt lat="43.971546" lon="-116.914667" /><trkpt lat="43.966751" lon="-116.908712" /><trkpt lat="43.957036" lon="-116.896388" /><trkpt lat="43.950526" lon="-116.885248" /><trkpt lat="43.941314" lon="-116.867945" /><trkpt lat="43.931992" lon="-116.850438" /><trkpt lat="43.926301" lon="-116.840226" /><trkpt lat="43.919068" lon="-116.830714" /><trkpt lat="43.912943" lon="-116.823149" /><trkpt lat="43.906931" lon="-116.815695" /><trkpt lat="43.903628" lon="-116.812188" /><trkpt lat="43.888849" lon="-116.803764" /><trkpt lat="43.876826" lon="-116.794428" /><trkpt lat="43.866723" lon="-116.779155" /><trkpt lat="43.862868" lon="-116.774426" /><trkpt lat="43.851983" lon="-116.767142" /><trkpt lat="43.834458" lon="-116.762735" /><trkpt lat="43.823458" lon="-116.759331" /><trkpt lat="43.806988" lon="-116.752491" /><trkpt lat="43.801707" lon="-116.748829" /><trkpt lat="43.787251" lon="-116.734355" /><trkpt lat="43.777155" lon="-116.725111" /><trkpt lat="43.766244" lon="-116.720366" /><trkpt lat="43.746607" lon="-116.713191" /><trkpt lat="43.722206" lon="-116.704246" /><trkpt lat="43.708784" lon="-116.699752" /><trkpt lat="43.700983" lon="-116.699241" /><trkpt lat="43.693988" lon="-116.696376" /><trkpt lat="43.68805" lon="-116.6912" /><trkpt lat="43.682009" lon="-116.689764" /><trkpt lat="43.678738" lon="-116.688444" /><trkpt lat="43.674284" lon="-116.683321" /><trkpt lat="43.668365" lon="-116.673828" /><trkpt lat="43.663703" lon="-116.662083" /><trkpt lat="43.66103" lon="-116.65837" /><trkpt lat="43.649308" lon="-116.650818" /><trkpt lat="43.642684" lon="-116.646101" /><trkpt lat="43.629983" lon="-116.625479" /><trkpt lat="43.612843" lon="-116.600776" /><trkpt lat="43.603271" lon="-116.586893" /><trkpt lat="43.600522" lon="-116.572693" /><trkpt lat="43.599262" lon="-116.558347" /><trkpt lat="43.598127" lon="-116.54337" /><trkpt lat="43.599291" lon="-116.511987" /><trkpt lat="43.598753" lon="-116.489477" /><trkpt lat="43.594661" lon="-116.453575" /><trkpt lat="43.593344" lon="-116.436227" /><trkpt lat="43.593355" lon="-116.40443" /><trkpt lat="43.593372" lon="-116.393743" /><trkpt lat="43.593358" lon="-116.384809" /><trkpt lat="43.59368" lon="-116.366135" /><trkpt lat="43.595872" lon="-116.356205" /><trkpt lat="43.59695" lon="-116.35096" /><trkpt lat="43.597179" lon="-116.344626" /><trkpt lat="43.597151" lon="-116.314144" /><trkpt lat="43.597026" lon="-116.293986" /><trkpt lat="43.59761" lon="-116.288797" /><trkpt lat="43.599545" lon="-116.285433" /><trkpt lat="43.602592" lon="-116.281186" /><trkpt lat="43.612903" lon="-116.264527" /><trkpt lat="43.616006" lon="-116.255662" /><trkpt lat="43.617705" lon="-116.253562" /><trkpt lat="43.618943" lon="-116.252372" /><trkpt lat="43.61899" lon="-116.248513" /><trkpt lat="43.618982" lon="-116.246026" /><trkpt lat="43.618966" lon="-116.243641" /><trkpt lat="43.620708" lon="-116.243413" /><trkpt lat="43.618966" lon="-116.243661" /><trkpt lat="43.618983" lon="-116.246255" /><trkpt lat="43.618992" lon="-116.249193" /><trkpt lat="43.61907" lon="-116.253235" /><trkpt lat="43.617565" lon="-116.253865" /><trkpt lat="43.613859" lon="-116.263048" /><trkpt lat="43.605067" lon="-116.278009" /><trkpt lat="43.600633" lon="-116.284864" /><trkpt lat="43.597071" lon="-116.289358" /><trkpt lat="43.595039" lon="-116.286966" /><trkpt lat="43.592473" lon="-116.279324" /><trkpt lat="43.58661" lon="-116.267081" /><trkpt lat="43.577668" lon="-116.248627" /><trkpt lat="43.574238" lon="-116.241543" /><trkpt lat="43.572219" lon="-116.236635" /><trkpt lat="43.571959" lon="-116.222917" /><trkpt lat="43.571535" lon="-116.217336" /><trkpt lat="43.569592" lon="-116.209211" /><trkpt lat="43.564915" lon="-116.193464" /><trkpt lat="43.562182" lon="-116.188815" /><trkpt lat="43.545209" lon="-116.164783" /><trkpt lat="43.541787" lon="-116.160953" /><trkpt lat="43.537477" lon="-116.157495" /><trkpt lat="43.529109" lon="-116.153395" /><trkpt lat="43.505838" lon="-116.141831" /><trkpt lat="43.4781" lon="-116.10736" /><trkpt lat="43.465211" lon="-116.094525" /><trkpt lat="43.438112" lon="-116.06572" /><trkpt lat="43.419425" lon="-116.036383" /><trkpt lat="43.391056" lon="-116.003564" /><trkpt lat="43.347272" lon="-115.956213" /><trkpt lat="43.298451" lon="-115.903619" /><trkpt lat="43.237207" lon="-115.837848" /><trkpt lat="43.188677" lon="-115.785667" /><trkpt lat="43.175479" lon="-115.757293" /><trkpt lat="43.173461" lon="-115.746647" /><trkpt lat="43.169715" lon="-115.72745" /><trkpt lat="43.164076" lon="-115.707221" /><trkpt lat="43.158335" lon="-115.693722" /><trkpt lat="43.152043" lon="-115.681562" /><trkpt lat="43.146797" lon="-115.67264" /><trkpt lat="43.137945" lon="-115.662688" /><trkpt lat="43.121914" lon="-115.648843" /><trkpt lat="43.110301" lon="-115.637763" /><trkpt lat="43.09687" lon="-115.621472" /><trkpt lat="43.091546" lon="-115.617365" /><trkpt lat="43.08532" lon="-115.612524" /><trkpt lat="43.076508" lon="-115.605697" /><trkpt lat="43.062502" lon="-115.592981" /><trkpt lat="43.052026" lon="-115.58321" /><trkpt lat="43.036676" lon="-115.568867" /><trkpt lat="43.024987" lon="-115.559821" /><trkpt lat="43.008109" lon="-115.548055" /><trkpt lat="43.001921" lon="-115.538779" /><trkpt lat="42.993828" lon="-115.530081" /><trkpt lat="42.978491" lon="-115.509592" /><trkpt lat="42.967482" lon="-115.495666" /><trkpt lat="42.959109" lon="-115.48419" /><trkpt lat="42.958477" lon="-115.467851" /><trkpt lat="42.958593" lon="-115.457895" /><trkpt lat="42.957447" lon="-115.449855" /><trkpt lat="42.953533" lon="-115.440613" /><trkpt lat="42.946939" lon="-115.427393" /><trkpt lat="42.945593" lon="-115.414416" /><trkpt lat="42.947748" lon="-115.396347" /><trkpt lat="42.951365" lon="-115.382423" /><trkpt lat="42.955112" lon="-115.374392" /><trkpt lat="42.957567" lon="-115.36116" /><trkpt lat="42.957294" lon="-115.350638" /><trkpt lat="42.963478" lon="-115.33403" /><trkpt lat="42.963761" lon="-115.324855" /><trkpt lat="42.961818" lon="-115.312502" /><trkpt lat="42.959901" lon="-115.299521" /><trkpt lat="42.959755" lon="-115.290428" /><trkpt lat="42.960176" lon="-115.284128" /><trkpt lat="42.960974" lon="-115.270858" /><trkpt lat="42.96213" lon="-115.259925" /><trkpt lat="42.9654" lon="-115.252531" /><trkpt lat="42.968399" lon="-115.241964" /><trkpt lat="42.97196" lon="-115.229041" /><trkpt lat="42.973671" lon="-115.218896" /><trkpt lat="42.973846" lon="-115.210789" /><trkpt lat="42.972399" lon="-115.200002" /><trkpt lat="42.968971" lon="-115.193055" /><trkpt lat="42.962436" lon="-115.18583" /><trkpt lat="42.956965" lon="-115.178617" /><trkpt lat="42.955508" lon="-115.172175" /><trkpt lat="42.953679" lon="-115.14874" /><trkpt lat="42.952065" lon="-115.128584" /><trkpt lat="42.948449" lon="-115.109334" /><trkpt lat="42.942246" lon="-115.086286" /><trkpt lat="42.938688" lon="-115.072263" /><trkpt lat="42.937789" lon="-115.060729" /><trkpt lat="42.937881" lon="-115.022897" /><trkpt lat="42.93796" lon="-114.989591" /><trkpt lat="42.937995" lon="-114.959567" /><trkpt lat="42.935968" lon="-114.952031" /><trkpt lat="42.928199" lon="-114.941152" /><trkpt lat="42.922084" lon="-114.932599" /><trkpt lat="42.916943" lon="-114.923269" /><trkpt lat="42.903635" lon="-114.90574" /><trkpt lat="42.892767" lon="-114.891476" /><trkpt lat="42.88028" lon="-114.875102" /><trkpt lat="42.87257" lon="-114.86395" /><trkpt lat="42.869081" lon="-114.855497" /><trkpt lat="42.865243" lon="-114.850493" /><trkpt lat="42.858105" lon="-114.845169" /><trkpt lat="42.853881" lon="-114.839708" /><trkpt lat="42.848306" lon="-114.828803" /><trkpt lat="42.836368" lon="-114.816711" /><trkpt lat="42.825818" lon="-114.798483" /><trkpt lat="42.816657" lon="-114.78358" /><trkpt lat="42.805803" lon="-114.767718" /><trkpt lat="42.796339" lon="-114.753947" /><trkpt lat="42.779218" lon="-114.729198" /><trkpt lat="42.774978" lon="-114.72529" /><trkpt lat="42.770386" lon="-114.716688" /><trkpt lat="42.766632" lon="-114.707093" /><trkpt lat="42.762752" lon="-114.68711" /><trkpt lat="42.753191" lon="-114.654898" /><trkpt lat="42.743504" lon="-114.62352" /><trkpt lat="42.737596" lon="-114.599643" /><trkpt lat="42.734096" lon="-114.578692" /><trkpt lat="42.730691" lon="-114.559544" /><trkpt lat="42.727148" lon="-114.551119" /><trkpt lat="42.723508" lon="-114.545512" /><trkpt lat="42.716202" lon="-114.538446" /><trkpt lat="42.70884" lon="-114.533096" /><trkpt lat="42.691969" lon="-114.520873" /><trkpt lat="42.68802" lon="-114.517997" /><trkpt lat="42.681134" lon="-114.512196" /><trkpt lat="42.677569" lon="-114.507817" /><trkpt lat="42.672199" lon="-114.500922" /><trkpt lat="42.665945" lon="-114.492901" /><trkpt lat="42.657616" lon="-114.482149" /><trkpt lat="42.652494" lon="-114.474428" /><trkpt lat="42.647033" lon="-114.460385" /><trkpt lat="42.63828" lon="-114.449812" /><trkpt lat="42.630776" lon="-114.447972" /><trkpt lat="42.609099" lon="-114.452203" /><trkpt lat="42.602772" lon="-114.453059" /><trkpt lat="42.596333" lon="-114.455453" /><trkpt lat="42.593864" lon="-114.459345" /><trkpt lat="42.591667" lon="-114.460066" /><trkpt lat="42.589175" lon="-114.460126" /><trkpt lat="42.586047" lon="-114.460201" /><trkpt lat="42.584049" lon="-114.460244" /><trkpt lat="42.581579" lon="-114.460287" /><trkpt lat="42.57877" lon="-114.460337" /><trkpt lat="42.576821" lon="-114.46035" /><trkpt lat="42.575435" lon="-114.460344" /><trkpt lat="42.572433" lon="-114.460328" /><trkpt lat="42.570557" lon="-114.460317" /><trkpt lat="42.567348" lon="-114.460306" /><trkpt lat="42.564365" lon="-114.460378" /><trkpt lat="42.562014" lon="-114.461819" /><trkpt lat="42.55995" lon="-114.464588" /><trkpt lat="42.55722" lon="-114.468245" /><trkpt lat="42.55586" lon="-114.470073" /><trkpt lat="42.553452" lon="-114.473284" /><trkpt lat="42.551134" lon="-114.47634" /><trkpt lat="42.549316" lon="-114.478945" /><trkpt lat="42.547109" lon="-114.47958" /><trkpt lat="42.542772" lon="-114.479533" /><trkpt lat="42.538987" lon="-114.479553" /><trkpt lat="42.534095" lon="-114.479554" /><trkpt lat="42.5305" lon="-114.479593" /><trkpt lat="42.521944" lon="-114.479675" /><trkpt lat="42.520168" lon="-114.481138" /><trkpt lat="42.520235" lon="-114.489454" /><trkpt lat="42.520343" lon="-114.499199" /><trkpt lat="42.520286" lon="-114.515998" /><trkpt lat="42.520283" lon="-114.540468" /><trkpt lat="42.520276" lon="-114.567342" /><trkpt lat="42.519086" lon="-114.569412" /><trkpt lat="42.513769" lon="-114.574292" /><trkpt lat="42.506738" lon="-114.574773" /><trkpt lat="42.485609" lon="-114.574665" /><trkpt lat="42.474954" lon="-114.574676" /><trkpt lat="42.462161" lon="-114.574713" /><trkpt lat="42.444019" lon="-114.574749" /><trkpt lat="42.432615" lon="-114.574748" /><trkpt lat="42.418577" lon="-114.574725" /><trkpt lat="42.404128" lon="-114.574785" /><trkpt lat="42.389496" lon="-114.574718" /><trkpt lat="42.381792" lon="-114.573514" /><trkpt lat="42.373922" lon="-114.574589" /><trkpt lat="42.363596" lon="-114.575045" /><trkpt lat="42.355877" lon="-114.5748" /><trkpt lat="42.3528" lon="-114.574801" /><trkpt lat="42.342814" lon="-114.574776" /><trkpt lat="42.332618" lon="-114.574763" /><trkpt lat="42.317082" lon="-114.574763" /><trkpt lat="42.293018" lon="-114.57471" /><trkpt lat="42.265335" lon="-114.574687" /><trkpt lat="42.248324" lon="-114.574888" /><trkpt lat="42.24026" lon="-114.577523" /><trkpt lat="42.230144" lon="-114.583892" /><trkpt lat="42.21734" lon="-114.59223" /><trkpt lat="42.208404" lon="-114.600485" /><trkpt lat="42.198013" lon="-114.611453" /><trkpt lat="42.189822" lon="-114.620106" /><trkpt lat="42.182478" lon="-114.628756" /><trkpt lat="42.179851" lon="-114.635378" /><trkpt lat="42.175533" lon="-114.654542" /><trkpt lat="42.171592" lon="-114.661727" /><trkpt lat="42.162722" lon="-114.669035" /><trkpt lat="42.145216" lon="-114.681854" /><trkpt lat="42.13913" lon="-114.683997" /><trkpt lat="42.121409" lon="-114.686383" /><trkpt lat="42.106603" lon="-114.688176" /><trkpt lat="42.101129" lon="-114.685929" /><trkpt lat="42.084675" lon="-114.679246" /><trkpt lat="42.073671" lon="-114.67688" /><trkpt lat="42.06157" lon="-114.675147" /><trkpt lat="42.045616" lon="-114.674026" /><trkpt lat="42.022663" lon="-114.673586" /><trkpt lat="42.0122" lon="-114.67331" /><trkpt lat="42.006298" lon="-114.671608" /><trkpt lat="41.999235" lon="-114.669579" /><trkpt lat="41.995374" lon="-114.669306" /><trkpt lat="41.992774" lon="-114.669619" /><trkpt lat="41.988894" lon="-114.670762" /><trkpt lat="41.985936" lon="-114.671817" /><trkpt lat="41.982717" lon="-114.672968" /><trkpt lat="41.980024" lon="-114.673765" /><trkpt lat="41.978389" lon="-114.674068" /><trkpt lat="41.974689" lon="-114.674456" /><trkpt lat="41.965344" lon="-114.67538" /><trkpt lat="41.957543" lon="-114.676372" /><trkpt lat="41.953297" lon="-114.678736" /><trkpt lat="41.948233" lon="-114.68369" /><trkpt lat="41.943883" lon="-114.686912" /><trkpt lat="41.934534" lon="-114.691809" /><trkpt lat="41.924911" lon="-114.695846" /><trkpt lat="41.915821" lon="-114.699005" /><trkpt lat="41.906949" lon="-114.702065" /><trkpt lat="41.894998" lon="-114.706223" /><trkpt lat="41.884463" lon="-114.709452" /><trkpt lat="41.870439" lon="-114.711221" /><trkpt lat="41.8593" lon="-114.712627" /><trkpt lat="41.852038" lon="-114.713612" /><trkpt lat="41.844746" lon="-114.716446" /><trkpt lat="41.832852" lon="-114.7224" /><trkpt lat="41.821585" lon="-114.728044" /><trkpt lat="41.801442" lon="-114.736778" /><trkpt lat="41.791314" lon="-114.741483" /><trkpt lat="41.783524" lon="-114.745978" /><trkpt lat="41.774647" lon="-114.75075" /><trkpt lat="41.770102" lon="-114.752954" /><trkpt lat="41.762068" lon="-114.756869" /><trkpt lat="41.75442" lon="-114.761333" /><trkpt lat="41.748395" lon="-114.767773" /><trkpt lat="41.743287" lon="-114.773706" /><trkpt lat="41.740565" lon="-114.779016" /><trkpt lat="41.737112" lon="-114.786414" /><trkpt lat="41.732855" lon="-114.790976" /><trkpt lat="41.723385" lon="-114.7999" /><trkpt lat="41.711195" lon="-114.81133" /><trkpt lat="41.70364" lon="-114.818461" /><trkpt lat="41.696071" lon="-114.82459" /><trkpt lat="41.689362" lon="-114.827095" /><trkpt lat="41.677139" lon="-114.828841" /><trkpt lat="41.671172" lon="-114.828997" /><trkpt lat="41.664866" lon="-114.827258" /><trkpt lat="41.650501" lon="-114.82064" /><trkpt lat="41.635546" lon="-114.813725" /><trkpt lat="41.621115" lon="-114.807102" /><trkpt lat="41.602891" lon="-114.798772" /><trkpt lat="41.590205" lon="-114.795654" /><trkpt lat="41.566205" lon="-114.79011" /><trkpt lat="41.550907" lon="-114.785457" /><trkpt lat="41.538336" lon="-114.78178" /><trkpt lat="41.529681" lon="-114.776166" /><trkpt lat="41.519879" lon="-114.76962" /><trkpt lat="41.501028" lon="-114.765416" /><trkpt lat="41.486966" lon="-114.76282" /><trkpt lat="41.473418" lon="-114.760312" /><trkpt lat="41.453411" lon="-114.756624" /><trkpt lat="41.438436" lon="-114.753852" /><trkpt lat="41.423738" lon="-114.751153" /><trkpt lat="41.417333" lon="-114.749971" /><trkpt lat="41.41241" lon="-114.749755" /><trkpt lat="41.408022" lon="-114.752229" /><trkpt lat="41.379897" lon="-114.777678" /><trkpt lat="41.376202" lon="-114.782753" /><trkpt lat="41.370341" lon="-114.79412" /><trkpt lat="41.367663" lon="-114.79723" /><trkpt lat="41.355148" lon="-114.803189" /><trkpt lat="41.348694" lon="-114.805475" /><trkpt lat="41.345226" lon="-114.807608" /><trkpt lat="41.333927" lon="-114.81611" /><trkpt lat="41.328252" lon="-114.819621" /><trkpt lat="41.323182" lon="-114.820762" /><trkpt lat="41.308902" lon="-114.822488" /><trkpt lat="41.292077" lon="-114.824508" /><trkpt lat="41.281089" lon="-114.82584" /><trkpt lat="41.26596" lon="-114.827646" /><trkpt lat="41.254927" lon="-114.82915" /><trkpt lat="41.239029" lon="-114.835241" /><trkpt lat="41.216475" lon="-114.8439" /><trkpt lat="41.211247" lon="-114.846775" /><trkpt lat="41.20647" lon="-114.852485" /><trkpt lat="41.193648" lon="-114.867678" /><trkpt lat="41.189269" lon="-114.871854" /><trkpt lat="41.180245" lon="-114.876599" /><trkpt lat="41.17077" lon="-114.882989" /><trkpt lat="41.147372" lon="-114.90646" /><trkpt lat="41.131346" lon="-114.922557" /><trkpt lat="41.117495" lon="-114.936485" /><trkpt lat="41.111765" lon="-114.943909" /><trkpt lat="41.106556" lon="-114.950891" /><trkpt lat="41.101967" lon="-114.956692" /><trkpt lat="41.102534" lon="-114.958736" /><trkpt lat="41.10452" lon="-114.960893" /><trkpt lat="41.107191" lon="-114.961144" /><trkpt lat="41.109309" lon="-114.961931" /><trkpt lat="41.110838" lon="-114.963004" /><trkpt lat="41.1097" lon="-114.962394" /><trkpt lat="41.107939" lon="-114.961188" /><trkpt lat="41.105742" lon="-114.961258" /><trkpt lat="41.103622" lon="-114.960268" /><trkpt lat="41.102426" lon="-114.958475" /><trkpt lat="41.101682" lon="-114.95686" /><trkpt lat="41.099703" lon="-114.957966" /><trkpt lat="41.098033" lon="-114.958858" /><trkpt lat="41.092549" lon="-114.961816" /><trkpt lat="41.088233" lon="-114.963492" /><trkpt lat="41.083746" lon="-114.964195" /><trkpt lat="41.042715" lon="-114.964096" /><trkpt lat="41.02331" lon="-114.964019" /><trkpt lat="40.992696" lon="-114.963856" /><trkpt lat="40.977365" lon="-114.963789" /><trkpt lat="40.942996" lon="-114.96362" /><trkpt lat="40.904464" lon="-114.963442" /><trkpt lat="40.894033" lon="-114.963893" /><trkpt lat="40.890145" lon="-114.965123" /><trkpt lat="40.877437" lon="-114.971854" /><trkpt lat="40.85952" lon="-114.981489" /><trkpt lat="40.849306" lon="-114.986981" /><trkpt lat="40.832655" lon="-114.995927" /><trkpt lat="40.814921" lon="-115.005466" /><trkpt lat="40.779341" lon="-115.024604" /><trkpt lat="40.757954" lon="-115.036089" /><trkpt lat="40.75475" lon="-115.036742" /><trkpt lat="40.749671" lon="-115.036725" /><trkpt lat="40.740531" lon="-115.036306" /><trkpt lat="40.73224" lon="-115.032945" /><trkpt lat="40.713905" lon="-115.025329" /><trkpt lat="40.698778" lon="-115.019049" /><trkpt lat="40.657731" lon="-115.00203" /><trkpt lat="40.644993" lon="-114.996746" /><trkpt lat="40.634579" lon="-114.992391" /><trkpt lat="40.622099" lon="-114.987236" /><trkpt lat="40.605173" lon="-114.980237" /><trkpt lat="40.592261" lon="-114.974891" /><trkpt lat="40.566379" lon="-114.964178" /><trkpt lat="40.548518" lon="-114.956812" /><trkpt lat="40.539117" lon="-114.952407" /><trkpt lat="40.534081" lon="-114.948203" /><trkpt lat="40.523059" lon="-114.937694" /><trkpt lat="40.516515" lon="-114.931524" /><trkpt lat="40.504956" lon="-114.920628" /><trkpt lat="40.493215" lon="-114.909545" /><trkpt lat="40.483057" lon="-114.899909" /><trkpt lat="40.467406" lon="-114.885096" /><trkpt lat="40.451995" lon="-114.870433" /><trkpt lat="40.430956" lon="-114.850618" /><trkpt lat="40.414097" lon="-114.834669" /><trkpt lat="40.397127" lon="-114.820831" /><trkpt lat="40.380877" lon="-114.812149" /><trkpt lat="40.353361" lon="-114.797511" /><trkpt lat="40.338576" lon="-114.789683" /><trkpt lat="40.315634" lon="-114.777484" /><trkpt lat="40.299313" lon="-114.76884" /><trkpt lat="40.274966" lon="-114.755925" /><trkpt lat="40.267714" lon="-114.750148" /><trkpt lat="40.266251" lon="-114.74761" /><trkpt lat="40.264521" lon="-114.744359" /><trkpt lat="40.262296" lon="-114.741552" /><trkpt lat="40.25508" lon="-114.735523" /><trkpt lat="40.250348" lon="-114.731665" /><trkpt lat="40.240243" lon="-114.722978" /><trkpt lat="40.220366" lon="-114.704771" /><trkpt lat="40.207777" lon="-114.693232" /><trkpt lat="40.19904" lon="-114.685205" /><trkpt lat="40.181595" lon="-114.66924" /><trkpt lat="40.162467" lon="-114.651747" /><trkpt lat="40.151155" lon="-114.645713" /><trkpt lat="40.138428" lon="-114.64101" /><trkpt lat="40.120305" lon="-114.634301" /><trkpt lat="40.103294" lon="-114.628012" /><trkpt lat="40.087677" lon="-114.622237" /><trkpt lat="40.078552" lon="-114.618854" /><trkpt lat="40.068269" lon="-114.615057" /><trkpt lat="40.061422" lon="-114.619707" /><trkpt lat="40.049423" lon="-114.637782" /><trkpt lat="40.039306" lon="-114.645905" /><trkpt lat="40.017427" lon="-114.661252" /><trkpt lat="40.003238" lon="-114.671237" /><trkpt lat="39.99483" lon="-114.677227" /><trkpt lat="39.991226" lon="-114.679738" /><trkpt lat="39.988196" lon="-114.68142" /><trkpt lat="39.984384" lon="-114.683342" /><trkpt lat="39.975534" lon="-114.687799" /><trkpt lat="39.959433" lon="-114.695898" /><trkpt lat="39.943925" lon="-114.703655" /><trkpt lat="39.929714" lon="-114.710808" /><trkpt lat="39.9139" lon="-114.71876" /><trkpt lat="39.899338" lon="-114.726067" /><trkpt lat="39.889108" lon="-114.731189" /><trkpt lat="39.88482" lon="-114.73269" /><trkpt lat="39.879133" lon="-114.73348" /><trkpt lat="39.867341" lon="-114.734716" /><trkpt lat="39.854295" lon="-114.736087" /><trkpt lat="39.848235" lon="-114.736737" /><trkpt lat="39.830798" lon="-114.738568" /><trkpt lat="39.810213" lon="-114.740735" /><trkpt lat="39.789196" lon="-114.742942" /><trkpt lat="39.781695" lon="-114.743723" /><trkpt lat="39.765732" lon="-114.745381" /><trkpt lat="39.75744" lon="-114.746252" /><trkpt lat="39.745997" lon="-114.747456" /><trkpt lat="39.732816" lon="-114.748829" /><trkpt lat="39.724858" lon="-114.749659" /><trkpt lat="39.709841" lon="-114.751224" /><trkpt lat="39.698423" lon="-114.752428" /><trkpt lat="39.682722" lon="-114.754075" /><trkpt lat="39.66792" lon="-114.755623" /><trkpt lat="39.658327" lon="-114.756313" /><trkpt lat="39.634547" lon="-114.757796" /><trkpt lat="39.626207" lon="-114.758308" /><trkpt lat="39.619064" lon="-114.758801" /><trkpt lat="39.609153" lon="-114.759399" /><trkpt lat="39.588889" lon="-114.760643" /><trkpt lat="39.577989" lon="-114.761375" /><trkpt lat="39.559507" lon="-114.76254" /><trkpt lat="39.54468" lon="-114.763465" /><trkpt lat="39.530869" lon="-114.76426" /><trkpt lat="39.524206" lon="-114.764685" /><trkpt lat="39.501862" lon="-114.766114" /><trkpt lat="39.47611" lon="-114.767751" /><trkpt lat="39.45102" lon="-114.769242" /><trkpt lat="39.42543" lon="-114.770898" /><trkpt lat="39.417903" lon="-114.772883" /><trkpt lat="39.41161" lon="-114.775736" /><trkpt lat="39.408873" lon="-114.776981" /><trkpt lat="39.405558" lon="-114.778546" /><trkpt lat="39.402159" lon="-114.780216" /><trkpt lat="39.398146" lon="-114.782525" /><trkpt lat="39.392339" lon="-114.786485" /><trkpt lat="39.38638" lon="-114.79012" /><trkpt lat="39.374904" lon="-114.794128" /><trkpt lat="39.362012" lon="-114.798584" /><trkpt lat="39.347221" lon="-114.803667" /><trkpt lat="39.339754" lon="-114.807057" /><trkpt lat="39.332433" lon="-114.811884" /><trkpt lat="39.320391" lon="-114.819814" /><trkpt lat="39.3142" lon="-114.823884" /><trkpt lat="39.303278" lon="-114.831071" /><trkpt lat="39.290674" lon="-114.839386" /><trkpt lat="39.283994" lon="-114.843745" /><trkpt lat="39.26902" lon="-114.85359" /><trkpt lat="39.261188" lon="-114.857046" /><trkpt lat="39.260054" lon="-114.857717" /><trkpt lat="39.258272" lon="-114.859749" /><trkpt lat="39.257296" lon="-114.861847" /><trkpt lat="39.255583" lon="-114.867295" /><trkpt lat="39.25373" lon="-114.873119" /><trkpt lat="39.25318" lon="-114.874955" /><trkpt lat="39.25286" lon="-114.877657" /><trkpt lat="39.25086" lon="-114.881578" /><trkpt lat="39.249873" lon="-114.88329" /><trkpt lat="39.249212" lon="-114.884989" /><trkpt lat="39.248801" lon="-114.887768" /><trkpt lat="39.248358" lon="-114.890755" /><trkpt lat="39.248043" lon="-114.891821" /><trkpt lat="39.246925" lon="-114.8948" /><trkpt lat="39.24087" lon="-114.894938" /><trkpt lat="39.232879" lon="-114.896451" /><trkpt lat="39.227469" lon="-114.900035" /><trkpt lat="39.227106" lon="-114.907259" /><trkpt lat="39.22849" lon="-114.916329" /><trkpt lat="39.226725" lon="-114.927708" /><trkpt lat="39.22048" lon="-114.939065" /><trkpt lat="39.220616" lon="-114.946866" /><trkpt lat="39.220727" lon="-114.964954" /><trkpt lat="39.213146" lon="-114.974545" /><trkpt lat="39.210062" lon="-114.982591" /><trkpt lat="39.192333" lon="-115.004458" /><trkpt lat="39.015085" lon="-115.114677" /><trkpt lat="38.976439" lon="-115.112878" /><trkpt lat="38.916021" lon="-115.047402" /><trkpt lat="38.894279" lon="-115.02531" /><trkpt lat="38.872643" lon="-115.010588" /><trkpt lat="38.864108" lon="-115.008147" /><trkpt lat="38.848239" lon="-115.007812" /><trkpt lat="38.833006" lon="-115.012023" /><trkpt lat="38.812674" lon="-115.014297" /><trkpt lat="38.773737" lon="-115.016165" /><trkpt lat="38.750579" lon="-115.026975" /><trkpt lat="38.719611" lon="-115.041813" /><trkpt lat="38.688504" lon="-115.056711" /><trkpt lat="38.664054" lon="-115.062447" /><trkpt lat="38.644053" lon="-115.056358" /><trkpt lat="38.621114" lon="-115.046034" /><trkpt lat="38.596105" lon="-115.040898" /><trkpt lat="38.565543" lon="-115.034698" /><trkpt lat="38.537886" lon="-115.029087" /><trkpt lat="38.511756" lon="-115.023815" /><trkpt lat="38.476444" lon="-115.01667" /><trkpt lat="38.443615" lon="-115.010035" /><trkpt lat="38.431642" lon="-115.014932" /><trkpt lat="38.411573" lon="-115.029044" /><trkpt lat="38.381538" lon="-115.035034" /><trkpt lat="38.346415" lon="-115.041953" /><trkpt lat="38.327232" lon="-115.043551" /><trkpt lat="38.312218" lon="-115.035868" /><trkpt lat="38.296916" lon="-115.029656" /><trkpt lat="38.249777" lon="-115.019823" /><trkpt lat="38.227905" lon="-115.015262" /><trkpt lat="38.209649" lon="-115.011489" /><trkpt lat="38.191064" lon="-115.00765" /><trkpt lat="38.17076" lon="-115.003395" /><trkpt lat="38.151249" lon="-114.999693" /><trkpt lat="38.128559" lon="-114.9995" /><trkpt lat="38.107411" lon="-114.999286" /><trkpt lat="38.099458" lon="-114.998401" /><trkpt lat="38.091439" lon="-114.991348" /><trkpt lat="38.078733" lon="-114.980976" /><trkpt lat="38.051957" lon="-114.970815" /><trkpt lat="38.041358" lon="-114.967723" /><trkpt lat="38.018612" lon="-114.963183" /><trkpt lat="38.005883" lon="-114.962784" /><trkpt lat="37.990885" lon="-114.964872" /><trkpt lat="37.973032" lon="-114.971458" /><trkpt lat="37.955641" lon="-114.978309" /><trkpt lat="37.942275" lon="-114.979007" /><trkpt lat="37.931172" lon="-114.982483" /><trkpt lat="37.917534" lon="-114.990363" /><trkpt lat="37.905806" lon="-114.998458" /><trkpt lat="37.896337" lon="-115.004734" /><trkpt lat="37.879998" lon="-115.01228" /><trkpt lat="37.86628" lon="-115.014032" /><trkpt lat="37.857215" lon="-115.013475" /><trkpt lat="37.850171" lon="-115.019305" /><trkpt lat="37.845791" lon="-115.02378" /><trkpt lat="37.839347" lon="-115.028819" /><trkpt lat="37.837057" lon="-115.036575" /><trkpt lat="37.834666" lon="-115.044719" /><trkpt lat="37.82229" lon="-115.05615" /><trkpt lat="37.811161" lon="-115.066061" /><trkpt lat="37.794288" lon="-115.077627" /><trkpt lat="37.779821" lon="-115.087552" /><trkpt lat="37.761145" lon="-115.100356" /><trkpt lat="37.74671" lon="-115.113004" /><trkpt lat="37.733019" lon="-115.125606" /><trkpt lat="37.711509" lon="-115.152683" /><trkpt lat="37.701896" lon="-115.164811" /><trkpt lat="37.691846" lon="-115.179092" /><trkpt lat="37.686363" lon="-115.189287" /><trkpt lat="37.665576" lon="-115.201199" /><trkpt lat="37.648135" lon="-115.210333" /><trkpt lat="37.629442" lon="-115.220232" /><trkpt lat="37.61407" lon="-115.227232" /><trkpt lat="37.603459" lon="-115.228243" /><trkpt lat="37.593566" lon="-115.22346" /><trkpt lat="37.584636" lon="-115.226803" /><trkpt lat="37.569572" lon="-115.231076" /><trkpt lat="37.558206" lon="-115.229902" /><trkpt lat="37.537979" lon="-115.235601" /><trkpt lat="37.532319" lon="-115.231519" /><trkpt lat="37.526042" lon="-115.221786" /><trkpt lat="37.518817" lon="-115.217529" /><trkpt lat="37.497144" lon="-115.206454" /><trkpt lat="37.478465" lon="-115.197769" /><trkpt lat="37.466738" lon="-115.193621" /><trkpt lat="37.460683" lon="-115.194023" /><trkpt lat="37.446398" lon="-115.186883" /><trkpt lat="37.431631" lon="-115.179062" /><trkpt lat="37.399852" lon="-115.166366" /><trkpt lat="37.383049" lon="-115.160084" /><trkpt lat="37.366535" lon="-115.159937" /><trkpt lat="37.36027" lon="-115.157827" /><trkpt lat="37.34748" lon="-115.149446" /><trkpt lat="37.337644" lon="-115.144382" /><trkpt lat="37.32056" lon="-115.132812" /><trkpt lat="37.310633" lon="-115.124309" /><trkpt lat="37.301218" lon="-115.120803" /><trkpt lat="37.288445" lon="-115.117635" /><trkpt lat="37.280122" lon="-115.119123" /><trkpt lat="37.265682" lon="-115.110503" /><trkpt lat="37.251138" lon="-115.103517" /><trkpt lat="37.236908" lon="-115.095948" /><trkpt lat="37.223317" lon="-115.080923" /><trkpt lat="37.210868" lon="-115.066603" /><trkpt lat="37.203897" lon="-115.049545" /><trkpt lat="37.192706" lon="-115.036285" /><trkpt lat="37.187942" lon="-115.019672" /><trkpt lat="37.180805" lon="-115.014739" /><trkpt lat="37.167411" lon="-115.010096" /><trkpt lat="37.151308" lon="-115.006453" /><trkpt lat="37.122712" lon="-115.000327" /><trkpt lat="37.099188" lon="-114.995266" /><trkpt lat="37.049887" lon="-114.985741" /><trkpt lat="37.007781" lon="-114.980919" /><trkpt lat="36.985873" lon="-114.978402" /><trkpt lat="36.965482" lon="-114.975727" /><trkpt lat="36.942153" lon="-114.971648" /><trkpt lat="36.920387" lon="-114.967817" /><trkpt lat="36.89826" lon="-114.963936" /><trkpt lat="36.873691" lon="-114.959635" /><trkpt lat="36.824433" lon="-114.951026" /><trkpt lat="36.589567" lon="-114.919614" /><trkpt lat="36.495055" lon="-114.949782" /><trkpt lat="36.436449" lon="-114.958637" /><trkpt lat="36.400735" lon="-114.916686" /><trkpt lat="36.383715" lon="-114.896019" /><trkpt lat="36.381784" lon="-114.894132" /><trkpt lat="36.380638" lon="-114.892539" /><trkpt lat="36.364093" lon="-114.902164" /><trkpt lat="36.337049" lon="-114.917355" /><trkpt lat="36.322414" lon="-114.935155" /><trkpt lat="36.312138" lon="-114.948069" /><trkpt lat="36.275201" lon="-115.046449" /><trkpt lat="36.267999" lon="-115.065584" /><trkpt lat="36.266363" lon="-115.069063" /><trkpt lat="36.264038" lon="-115.072801" /><trkpt lat="36.245569" lon="-115.095579" /><trkpt lat="36.229537" lon="-115.115116" /><trkpt lat="36.218199" lon="-115.124164" /><trkpt lat="36.217473" lon="-115.121065" /><trkpt lat="36.211846" lon="-115.120993" /><trkpt lat="36.2066" lon="-115.121129" /><trkpt lat="36.202426" lon="-115.120769" /><trkpt lat="36.200944" lon="-115.121848" /><trkpt lat="36.201343" lon="-115.121153" /><trkpt lat="36.201701" lon="-115.120539" /><trkpt lat="36.201776" lon="-115.120411" /><trkpt lat="36.20196" lon="-115.120095" /><trkpt lat="36.202" lon="-115.120379" /><trkpt lat="36.201839" lon="-115.120653" /><trkpt lat="36.201476" lon="-115.121272" /><trkpt lat="36.200893" lon="-115.122275" /><trkpt lat="36.200651" lon="-115.12269" /><trkpt lat="36.200132" lon="-115.123503" /><trkpt lat="36.199536" lon="-115.12442" /><trkpt lat="36.199452" lon="-115.124549" /><trkpt lat="36.198483" lon="-115.125914" /><trkpt lat="36.19822" lon="-115.126269" /><trkpt lat="36.197811" lon="-115.126632" /><trkpt lat="36.197773" lon="-115.126681" /><trkpt lat="36.19774" lon="-115.126724" /><trkpt lat="36.197497" lon="-115.127044" /><trkpt lat="36.197402" lon="-115.127159" /><trkpt lat="36.197189" lon="-115.127435" /><trkpt lat="36.197127" lon="-115.127516" /><trkpt lat="36.196608" lon="-115.128143" /><trkpt lat="36.196286" lon="-115.128586" /><trkpt lat="36.196176" lon="-115.128707" /><trkpt lat="36.195892" lon="-115.129019" /><trkpt lat="36.195899" lon="-115.129402" /><trkpt lat="36.195906" lon="-115.129972" /><trkpt lat="36.195981" lon="-115.130946" /><trkpt lat="36.196124" lon="-115.131509" /><trkpt lat="36.19652" lon="-115.13237" /><trkpt lat="36.196727" lon="-115.132664" /><trkpt lat="36.196815" lon="-115.132868" /><trkpt lat="36.196882" lon="-115.133148" /><trkpt lat="36.196905" lon="-115.133578" /><trkpt lat="36.19691" lon="-115.133726" /><trkpt lat="36.19693" lon="-115.134333" /><trkpt lat="36.196929" lon="-115.134906" /><trkpt lat="36.196933" lon="-115.135687" /><trkpt lat="36.196933" lon="-115.135807" /><trkpt lat="36.196887" lon="-115.136231" /><trkpt lat="36.196651" lon="-115.136698" /><trkpt lat="36.196378" lon="-115.137132" /><trkpt lat="36.19617" lon="-115.137465" /><trkpt lat="36.196038" lon="-115.138015" /><trkpt lat="36.196032" lon="-115.138269" /><trkpt lat="36.196067" lon="-115.138656" /><trkpt lat="36.196097" lon="-115.138988" /><trkpt lat="36.196214" lon="-115.139294" /><trkpt lat="36.196582" lon="-115.139503" /><trkpt lat="36.197163" lon="-115.139393" /><trkpt lat="36.197694" lon="-115.139122" /><trkpt lat="36.197729" lon="-115.138795" /><trkpt lat="36.197609" lon="-115.138521" /><trkpt lat="36.197322" lon="-115.138409" /><trkpt lat="36.196885" lon="-115.13856" /><trkpt lat="36.195636" lon="-115.139076" /><trkpt lat="36.195331" lon="-115.139126" /><trkpt lat="36.194173" lon="-115.139645" /><trkpt lat="36.192491" lon="-115.140618" /><trkpt lat="36.191748" lon="-115.141157" /><trkpt lat="36.191599" lon="-115.141283" /><trkpt lat="36.190072" lon="-115.142552" /><trkpt lat="36.189406" lon="-115.142944" /><trkpt lat="36.188497" lon="-115.143367" /><trkpt lat="36.188235" lon="-115.143456" /><trkpt lat="36.187744" lon="-115.1436" /><trkpt lat="36.18716" lon="-115.14372" /><trkpt lat="36.186759" lon="-115.143774" /><trkpt lat="36.186377" lon="-115.143805" /><trkpt lat="36.18562" lon="-115.143812" /><trkpt lat="36.184972" lon="-115.143813" /><trkpt lat="36.183925" lon="-115.143853" /><trkpt lat="36.183582" lon="-115.143903" /><trkpt lat="36.183272" lon="-115.143975" /><trkpt lat="36.182826" lon="-115.14411" /><trkpt lat="36.18255" lon="-115.144222" /><trkpt lat="36.182057" lon="-115.144465" /><trkpt lat="36.181765" lon="-115.144645" /><trkpt lat="36.181381" lon="-115.144918" /><trkpt lat="36.181089" lon="-115.145118" /><trkpt lat="36.180729" lon="-115.145455" /><trkpt lat="36.180519" lon="-115.14569" /><trkpt lat="36.180194" lon="-115.146076" /><trkpt lat="36.180008" lon="-115.146319" /><trkpt lat="36.179541" lon="-115.147134" /><trkpt lat="36.178442" lon="-115.149144" /><trkpt lat="36.178211" lon="-115.149577" /><trkpt lat="36.177612" lon="-115.150644" /><trkpt lat="36.176987" lon="-115.151668" /><trkpt lat="36.176476" lon="-115.152445" /><trkpt lat="36.175624" lon="-115.153579" /><trkpt lat="36.175344" lon="-115.153907" /><trkpt lat="36.174951" lon="-115.15436" /><trkpt lat="36.174826" lon="-115.154498" /><trkpt lat="36.174321" lon="-115.155048" /><trkpt lat="36.173293" lon="-115.156029" /><trkpt lat="36.172931" lon="-115.156362" /><trkpt lat="36.172734" lon="-115.156536" /><trkpt lat="36.172267" lon="-115.156952" /><trkpt lat="36.172034" lon="-115.157163" /><trkpt lat="36.171832" lon="-115.157337" /><trkpt lat="36.171615" lon="-115.157523" /><trkpt lat="36.171239" lon="-115.157805" /><trkpt lat="36.171189" lon="-115.157837" /><trkpt lat="36.169056" lon="-115.159129" /><trkpt lat="36.167188" lon="-115.159969" /><trkpt lat="36.166491" lon="-115.160219" /><trkpt lat="36.165998" lon="-115.160372" /><trkpt lat="36.164657" lon="-115.160693" /><trkpt lat="36.164456" lon="-115.160731" /><trkpt lat="36.163813" lon="-115.160828" /><trkpt lat="36.163334" lon="-115.160886" /><trkpt lat="36.162832" lon="-115.160927" /><trkpt lat="36.161895" lon="-115.160956" /><trkpt lat="36.160478" lon="-115.160967" /><trkpt lat="36.159366" lon="-115.161119" /><trkpt lat="36.158623" lon="-115.161162" /><trkpt lat="36.158256" lon="-115.16118" /><trkpt lat="36.157725" lon="-115.16126" /><trkpt lat="36.157075" lon="-115.161447" /><trkpt lat="36.156439" lon="-115.161728" /><trkpt lat="36.1558" lon="-115.162111" /><trkpt lat="36.153417" lon="-115.163614" /><trkpt lat="36.151262" lon="-115.165413" /><trkpt lat="36.149992" lon="-115.166512" /><trkpt lat="36.148519" lon="-115.167766" /><trkpt lat="36.146775" lon="-115.169281" /><trkpt lat="36.146192" lon="-115.169825" /><trkpt lat="36.145704" lon="-115.170206" /><trkpt lat="36.145287" lon="-115.17033" /><trkpt lat="36.144892" lon="-115.170298" /><trkpt lat="36.144457" lon="-115.170055" /><trkpt lat="36.144227" lon="-115.169794" /><trkpt lat="36.144097" lon="-115.169564" /><trkpt lat="36.143936" lon="-115.169032" /><trkpt lat="36.143885" lon="-115.167449" /><trkpt lat="36.143885" lon="-115.166571" /><trkpt lat="36.143912" lon="-115.165836" /><trkpt lat="36.143922" lon="-115.165374" /><trkpt lat="36.143816" lon="-115.163163" /><trkpt lat="36.143776" lon="-115.162289" /><trkpt lat="36.143721" lon="-115.16163" /><trkpt lat="36.143614" lon="-115.159094" /><trkpt lat="36.143604" lon="-115.158667" /><trkpt lat="36.143581" lon="-115.157642" /><trkpt lat="36.143585" lon="-115.157442" /><trkpt lat="36.143586" lon="-115.157342" /><trkpt lat="36.143932" lon="-115.15711" /><trkpt lat="36.144567" lon="-115.156701" /><trkpt lat="36.145408" lon="-115.156167" /><trkpt lat="36.145871" lon="-115.155862" /><trkpt lat="36.146076" lon="-115.155724" /><trkpt lat="36.146353" lon="-115.155538" /><trkpt lat="36.146652" lon="-115.155336" /><trkpt lat="36.147405" lon="-115.154823" /><trkpt lat="36.147922" lon="-115.154468" /><trkpt lat="36.148201" lon="-115.15427" /><trkpt lat="36.148014" lon="-115.153583" /><trkpt lat="36.14791" lon="-115.153353" /><trkpt lat="36.14764" lon="-115.152954" /><trkpt lat="36.147139" lon="-115.152831" /><trkpt lat="36.14459" lon="-115.154449" /><trkpt lat="36.143717" lon="-115.154836" /><trkpt lat="36.143749" lon="-115.157246" /><trkpt lat="36.143874" lon="-115.161145" /><trkpt lat="36.144108" lon="-115.166629" /><trkpt lat="36.144396" lon="-115.170077" /><trkpt lat="36.147557" lon="-115.167894" /><trkpt lat="36.151885" lon="-115.163802" /><trkpt lat="36.154703" lon="-115.161416" /><trkpt lat="36.156781" lon="-115.160571" /><trkpt lat="36.159356" lon="-115.160414" /><trkpt lat="36.163309" lon="-115.16044" /><trkpt lat="36.166001" lon="-115.159865" /><trkpt lat="36.168332" lon="-115.158938" /><trkpt lat="36.171909" lon="-115.156887" /><trkpt lat="36.172893" lon="-115.156114" /><trkpt lat="36.174722" lon="-115.154323" /><trkpt lat="36.176146" lon="-115.152554" /><trkpt lat="36.177555" lon="-115.150354" /><trkpt lat="36.180047" lon="-115.145913" /><trkpt lat="36.182297" lon="-115.144064" /><trkpt lat="36.184107" lon="-115.143541" /><trkpt lat="36.186736" lon="-115.143485" /><trkpt lat="36.188393" lon="-115.143092" /><trkpt lat="36.191546" lon="-115.141048" /><trkpt lat="36.19776" lon="-115.137736" /><trkpt lat="36.20447" lon="-115.133575" /><trkpt lat="36.217745" lon="-115.123845" /><trkpt lat="36.229693" lon="-115.11449" /><trkpt lat="36.239564" lon="-115.102519" /><trkpt lat="36.254547" lon="-115.084081" /><trkpt lat="36.26343" lon="-115.07313" /><trkpt lat="36.264731" lon="-115.071232" /><trkpt lat="36.265923" lon="-115.069212" /><trkpt lat="36.266874" lon="-115.067332" /><trkpt lat="36.267807" lon="-115.065163" /><trkpt lat="36.274038" lon="-115.048618" /><trkpt lat="36.285023" lon="-115.01922" /><trkpt lat="36.311773" lon="-114.947962" /><trkpt lat="36.314668" lon="-114.943453" /><trkpt lat="36.322621" lon="-114.934393" /><trkpt lat="36.328451" lon="-114.924294" /><trkpt lat="36.352536" lon="-114.90462" /><trkpt lat="36.362353" lon="-114.902596" /><trkpt lat="36.377422" lon="-114.893606" /><trkpt lat="36.442479" lon="-114.853148" /><trkpt lat="36.469353" lon="-114.824987" /><trkpt lat="36.502196" lon="-114.76129" /><trkpt lat="36.519644" lon="-114.737462" /><trkpt lat="36.550749" lon="-114.698028" /><trkpt lat="36.580984" lon="-114.655273" /><trkpt lat="36.600996" lon="-114.638983" /><trkpt lat="36.62543" lon="-114.611782" /><trkpt lat="36.636557" lon="-114.599341" /><trkpt lat="36.64058" lon="-114.594876" /><trkpt lat="36.650874" lon="-114.584349" /><trkpt lat="36.658866" lon="-114.575964" /><trkpt lat="36.66151" lon="-114.573009" /><trkpt lat="36.662881" lon="-114.570861" /><trkpt lat="36.664646" lon="-114.566217" /><trkpt lat="36.66526" lon="-114.561611" /><trkpt lat="36.666681" lon="-114.544448" /><trkpt lat="36.668252" lon="-114.531919" /><trkpt lat="36.670113" lon="-114.522988" /><trkpt lat="36.671414" lon="-114.519958" /><trkpt lat="36.673708" lon="-114.516815" /><trkpt lat="36.68076" lon="-114.512502" /><trkpt lat="36.685806" lon="-114.509236" /><trkpt lat="36.690249" lon="-114.504729" /><trkpt lat="36.695722" lon="-114.498303" /><trkpt lat="36.699045" lon="-114.493989" /><trkpt lat="36.704475" lon="-114.485179" /><trkpt lat="36.733009" lon="-114.438868" /><trkpt lat="36.743306" lon="-114.421908" /><trkpt lat="36.745901" lon="-114.415294" /><trkpt lat="36.752864" lon="-114.390757" /><trkpt lat="36.759791" lon="-114.366372" /><trkpt lat="36.762544" lon="-114.353749" /><trkpt lat="36.769003" lon="-114.317565" /><trkpt lat="36.777375" lon="-114.270597" /><trkpt lat="36.778597" lon="-114.263011" /><trkpt lat="36.778103" lon="-114.25673" /><trkpt lat="36.772754" lon="-114.242427" /><trkpt lat="36.770392" lon="-114.234633" /><trkpt lat="36.764818" lon="-114.19142" /><trkpt lat="36.763227" lon="-114.175639" /><trkpt lat="36.765866" lon="-114.166783" /><trkpt lat="36.774919" lon="-114.148483" /><trkpt lat="36.785058" lon="-114.133911" /><trkpt lat="36.802305" lon="-114.108725" /><trkpt lat="36.804723" lon="-114.100501" /><trkpt lat="36.809225" lon="-114.088563" /><trkpt lat="36.809739" lon="-114.082196" /><trkpt lat="36.809273" lon="-114.071693" /><trkpt lat="36.810878" lon="-114.067782" /><trkpt lat="36.815412" lon="-114.05808" /><trkpt lat="36.820923" lon="-114.037105" /><trkpt lat="36.833645" lon="-114.003383" /><trkpt lat="36.868131" lon="-113.966012" /><trkpt lat="36.891111" lon="-113.92983" /><trkpt lat="36.892491" lon="-113.927257" /><trkpt lat="36.893466" lon="-113.92209" /><trkpt lat="36.896409" lon="-113.909044" /><trkpt lat="36.91536" lon="-113.877133" /><trkpt lat="36.917233" lon="-113.873284" /><trkpt lat="36.917937" lon="-113.869729" /><trkpt lat="36.918092" lon="-113.863556" /><trkpt lat="36.91986" lon="-113.860523" /><trkpt lat="36.921347" lon="-113.858041" /><trkpt lat="36.922228" lon="-113.854269" /><trkpt lat="36.921245" lon="-113.852197" /><trkpt lat="36.917536" lon="-113.847454" /><trkpt lat="36.915015" lon="-113.837185" /><trkpt lat="36.921146" lon="-113.832099" /><trkpt lat="36.92853" lon="-113.830665" /><trkpt lat="36.936086" lon="-113.82598" /><trkpt lat="36.941291" lon="-113.816641" /><trkpt lat="36.945882" lon="-113.809651" /><trkpt lat="36.954024" lon="-113.797607" /><trkpt lat="36.958521" lon="-113.785333" /><trkpt lat="36.959814" lon="-113.774736" /><trkpt lat="36.963595" lon="-113.759117" /><trkpt lat="36.970506" lon="-113.737824" /><trkpt lat="36.971261" lon="-113.725783" /><trkpt lat="36.970143" lon="-113.718955" /><trkpt lat="36.972544" lon="-113.714253" /><trkpt lat="36.972419" lon="-113.691801" /><trkpt lat="36.974896" lon="-113.68326" /><trkpt lat="36.979438" lon="-113.671952" /><trkpt lat="36.980622" lon="-113.648525" /><trkpt lat="36.988716" lon="-113.627883" /><trkpt lat="36.996104" lon="-113.623451" /><trkpt lat="37.002428" lon="-113.621155" /><trkpt lat="37.021607" lon="-113.60884" /><trkpt lat="37.030007" lon="-113.603432" /><trkpt lat="37.043476" lon="-113.592363" /><trkpt lat="37.055342" lon="-113.587241" /><trkpt lat="37.059513" lon="-113.584244" /><trkpt lat="37.063689" lon="-113.583772" /><trkpt lat="37.073734" lon="-113.584511" /><trkpt lat="37.076644" lon="-113.584644" /><trkpt lat="37.081142" lon="-113.583736" /><trkpt lat="37.082896" lon="-113.582761" /><trkpt lat="37.085017" lon="-113.58356" /><trkpt lat="37.088513" lon="-113.585357" /><trkpt lat="37.091768" lon="-113.585939" /><trkpt lat="37.094952" lon="-113.586542" /><trkpt lat="37.09673" lon="-113.587137" /><trkpt lat="37.099003" lon="-113.588" /><trkpt lat="37.100769" lon="-113.589421" /><trkpt lat="37.103686" lon="-113.592376" /><trkpt lat="37.105637" lon="-113.593073" /><trkpt lat="37.107661" lon="-113.593122" /><trkpt lat="37.109224" lon="-113.593556" /><trkpt lat="37.109887" lon="-113.592662" /><trkpt lat="37.10987" lon="-113.58855" /><trkpt lat="37.109846" lon="-113.583207" /><trkpt lat="37.109966" lon="-113.588056" /><trkpt lat="37.110018" lon="-113.593485" /><trkpt lat="37.112681" lon="-113.595092" /><trkpt lat="37.117088" lon="-113.597068" /><trkpt lat="37.122951" lon="-113.599616" /><trkpt lat="37.125154" lon="-113.600544" /><trkpt lat="37.130754" lon="-113.602661" /><trkpt lat="37.134821" lon="-113.602561" /><trkpt lat="37.138989" lon="-113.603765" /><trkpt lat="37.151122" lon="-113.607348" /><trkpt lat="37.159667" lon="-113.604762" /><trkpt lat="37.169743" lon="-113.617667" /><trkpt lat="37.186043" lon="-113.6194" /><trkpt lat="37.197957" lon="-113.624159" /><trkpt lat="37.212093" lon="-113.630846" /><trkpt lat="37.231021" lon="-113.633756" /><trkpt lat="37.246888" lon="-113.62791" /><trkpt lat="37.260214" lon="-113.63425" /><trkpt lat="37.27997" lon="-113.652351" /><trkpt lat="37.317214" lon="-113.679322" /><trkpt lat="37.325336" lon="-113.693123" /><trkpt lat="37.338526" lon="-113.693253" /><trkpt lat="37.355746" lon="-113.680833" /><trkpt lat="37.368857" lon="-113.665544" /><trkpt lat="37.399371" lon="-113.641459" /><trkpt lat="37.410925" lon="-113.633476" /><trkpt lat="37.419046" lon="-113.631665" /><trkpt lat="37.435969" lon="-113.629104" /><trkpt lat="37.452665" lon="-113.621907" /><trkpt lat="37.46069" lon="-113.631639" /><trkpt lat="37.467676" lon="-113.633829" /><trkpt lat="37.475097" lon="-113.627602" /><trkpt lat="37.492498" lon="-113.630438" /><trkpt lat="37.51604" lon="-113.635262" /><trkpt lat="37.52549" lon="-113.643247" /><trkpt lat="37.529681" lon="-113.648057" /><trkpt lat="37.534709" lon="-113.652177" /><trkpt lat="37.541002" lon="-113.662315" /><trkpt lat="37.540257" lon="-113.673017" /><trkpt lat="37.542083" lon="-113.682419" /><trkpt lat="37.545826" lon="-113.685211" /><trkpt lat="37.559713" lon="-113.691066" /><trkpt lat="37.571333" lon="-113.702863" /><trkpt lat="37.574643" lon="-113.700981" /><trkpt lat="37.590867" lon="-113.668573" /><trkpt lat="37.615711" lon="-113.661217" /><trkpt lat="37.672721" lon="-113.659834" /><trkpt lat="37.699596" lon="-113.65651" /><trkpt lat="37.715787" lon="-113.673768" /><trkpt lat="37.74879" lon="-113.766188" /><trkpt lat="37.77398" lon="-113.839495" /><trkpt lat="37.79288" lon="-113.894526" /><trkpt lat="37.802237" lon="-113.918827" /><trkpt lat="37.792526" lon="-113.945931" /><trkpt lat="37.770254" lon="-113.977801" /><trkpt lat="37.739561" lon="-114.015766" /><trkpt lat="37.724008" lon="-114.051556" /><trkpt lat="37.726229" lon="-114.095119" /><trkpt lat="37.732115" lon="-114.126546" /><trkpt lat="37.734973" lon="-114.134485" /><trkpt lat="37.743413" lon="-114.157161" /><trkpt lat="37.750986" lon="-114.171469" /><trkpt lat="37.754606" lon="-114.177948" /><trkpt lat="37.760002" lon="-114.184889" /><trkpt lat="37.764765" lon="-114.189941" /><trkpt lat="37.770526" lon="-114.19539" /><trkpt lat="37.774157" lon="-114.203629" /><trkpt lat="37.779582" lon="-114.214164" /><trkpt lat="37.782611" lon="-114.225315" /><trkpt lat="37.78388" lon="-114.233277" /><trkpt lat="37.785588" lon="-114.251015" /><trkpt lat="37.790677" lon="-114.271622" /><trkpt lat="37.789824" lon="-114.282814" /><trkpt lat="37.78809" lon="-114.296922" /><trkpt lat="37.786614" lon="-114.308004" /><trkpt lat="37.789209" lon="-114.336462" /><trkpt lat="37.788142" lon="-114.351166" /><trkpt lat="37.790145" lon="-114.373035" /><trkpt lat="37.790224" lon="-114.385065" /><trkpt lat="37.790326" lon="-114.400898" /><trkpt lat="37.797265" lon="-114.406721" /><trkpt lat="37.813986" lon="-114.406421" /><trkpt lat="37.830337" lon="-114.410261" /><trkpt lat="37.857355" lon="-114.416646" /><trkpt lat="37.875224" lon="-114.420111" /><trkpt lat="37.885285" lon="-114.420023" /><trkpt lat="37.897078" lon="-114.413908" /><trkpt lat="37.906674" lon="-114.417271" /><trkpt lat="37.914413" lon="-114.41929" /><trkpt lat="37.93882" lon="-114.445874" /><trkpt lat="37.948589" lon="-114.467852" /><trkpt lat="37.952103" lon="-114.474621" /><trkpt lat="37.958581" lon="-114.481359" /><trkpt lat="38.022366" lon="-114.529913" /><trkpt lat="38.09374" lon="-114.581448" /><trkpt lat="38.123951" lon="-114.584277" /><trkpt lat="38.168928" lon="-114.587257" /><trkpt lat="38.240552" lon="-114.591987" /><trkpt lat="38.28738" lon="-114.595043" /><trkpt lat="38.321462" lon="-114.608162" /><trkpt lat="38.349434" lon="-114.615518" /><trkpt lat="38.389002" lon="-114.625685" /><trkpt lat="38.450145" lon="-114.641455" /><trkpt lat="38.503502" lon="-114.64859" /><trkpt lat="38.548597" lon="-114.651909" /><trkpt lat="38.582255" lon="-114.648173" /><trkpt lat="38.615683" lon="-114.644289" /><trkpt lat="38.648302" lon="-114.636989" /><trkpt lat="38.679175" lon="-114.631416" /><trkpt lat="38.695358" lon="-114.627117" /><trkpt lat="38.722639" lon="-114.606663" /><trkpt lat="38.756782" lon="-114.581063" /><trkpt lat="38.776258" lon="-114.567843" /><trkpt lat="38.800844" lon="-114.558273" /><trkpt lat="38.831469" lon="-114.546289" /><trkpt lat="38.870469" lon="-114.531193" /><trkpt lat="38.910397" lon="-114.515464" /><trkpt lat="38.935811" lon="-114.510943" /><trkpt lat="38.972441" lon="-114.529187" /><trkpt lat="39.007766" lon="-114.546818" /><trkpt lat="39.017387" lon="-114.552969" /><trkpt lat="39.023715" lon="-114.570951" /><trkpt lat="39.0251" lon="-114.581793" /><trkpt lat="39.026002" lon="-114.590202" /><trkpt lat="39.027486" lon="-114.598671" /><trkpt lat="39.031887" lon="-114.599681" /><trkpt lat="39.035633" lon="-114.606623" /><trkpt lat="39.043737" lon="-114.612623" /><trkpt lat="39.047438" lon="-114.614379" /><trkpt lat="39.047197" lon="-114.619116" /><trkpt lat="39.045619" lon="-114.6239" /><trkpt lat="39.042661" lon="-114.629976" /><trkpt lat="39.042257" lon="-114.636067" /><trkpt lat="39.039385" lon="-114.642292" /><trkpt lat="39.037738" lon="-114.651105" /><trkpt lat="39.033261" lon="-114.657207" /><trkpt lat="39.031093" lon="-114.663888" /><trkpt lat="39.027204" lon="-114.668428" /><trkpt lat="39.023116" lon="-114.67541" /><trkpt lat="39.021436" lon="-114.687325" /><trkpt lat="39.029523" lon="-114.693211" /><trkpt lat="39.033996" lon="-114.703932" /><trkpt lat="39.042869" lon="-114.718463" /><trkpt lat="39.070014" lon="-114.73872" /><trkpt lat="39.094492" lon="-114.756142" /><trkpt lat="39.136533" lon="-114.786025" /><trkpt lat="39.155094" lon="-114.79923" /><trkpt lat="39.164505" lon="-114.810625" /><trkpt lat="39.17254" lon="-114.821761" /><trkpt lat="39.203133" lon="-114.844764" /><trkpt lat="39.217822" lon="-114.855536" /><trkpt lat="39.233649" lon="-114.863881" /><trkpt lat="39.242187" lon="-114.868291" /><trkpt lat="39.246139" lon="-114.870444" /><trkpt lat="39.250984" lon="-114.872969" /><trkpt lat="39.253159" lon="-114.87508" /><trkpt lat="39.250235" lon="-114.882647" /><trkpt lat="39.248823" lon="-114.887617" /><trkpt lat="39.248043" lon="-114.891821" /><trkpt lat="39.248358" lon="-114.890755" /><trkpt lat="39.248801" lon="-114.887768" /><trkpt lat="39.249212" lon="-114.884989" /><trkpt lat="39.249873" lon="-114.88329" /><trkpt lat="39.25086" lon="-114.881578" /><trkpt lat="39.25286" lon="-114.877657" /><trkpt lat="39.25318" lon="-114.874955" /><trkpt lat="39.25373" lon="-114.873119" /><trkpt lat="39.255632" lon="-114.867145" /><trkpt lat="39.257296" lon="-114.861847" /><trkpt lat="39.258272" lon="-114.859749" /><trkpt lat="39.260054" lon="-114.857717" /><trkpt lat="39.261698" lon="-114.856693" /><trkpt lat="39.267306" lon="-114.854345" /><trkpt lat="39.281022" lon="-114.845705" /><trkpt lat="39.289063" lon="-114.840441" /><trkpt lat="39.299507" lon="-114.833557" /><trkpt lat="39.309377" lon="-114.827069" /><trkpt lat="39.318054" lon="-114.821354" /><trkpt lat="39.328889" lon="-114.81421" /><trkpt lat="39.336507" lon="-114.809199" /><trkpt lat="39.343854" lon="-114.804864" /><trkpt lat="39.359622" lon="-114.799395" /><trkpt lat="39.367473" lon="-114.796735" /><trkpt lat="39.384842" lon="-114.79076" /><trkpt lat="39.388686" lon="-114.788922" /><trkpt lat="39.396724" lon="-114.783495" /><trkpt lat="39.40048" lon="-114.781093" /><trkpt lat="39.405107" lon="-114.77877" /><trkpt lat="39.408306" lon="-114.777239" /><trkpt lat="39.41021" lon="-114.776373" /><trkpt lat="39.41456" lon="-114.774397" /><trkpt lat="39.422304" lon="-114.771388" /><trkpt lat="39.438444" lon="-114.769999" /><trkpt lat="39.472404" lon="-114.767978" /><trkpt lat="39.489211" lon="-114.766903" /><trkpt lat="39.509442" lon="-114.765615" /><trkpt lat="39.528908" lon="-114.764388" /><trkpt lat="39.540203" lon="-114.76375" /><trkpt lat="39.554025" lon="-114.762877" /><trkpt lat="39.570171" lon="-114.761862" /><trkpt lat="39.587146" lon="-114.760748" /><trkpt lat="39.60562" lon="-114.759611" /><trkpt lat="39.616848" lon="-114.758932" /><trkpt lat="39.62479" lon="-114.758388" /><trkpt lat="39.632363" lon="-114.757931" /><trkpt lat="39.654417" lon="-114.75655" /><trkpt lat="39.667062" lon="-114.755717" /><trkpt lat="39.674766" lon="-114.754905" /><trkpt lat="39.694719" lon="-114.752822" /><trkpt lat="39.707304" lon="-114.751486" /><trkpt lat="39.720274" lon="-114.750139" /><trkpt lat="39.731247" lon="-114.748997" /><trkpt lat="39.741343" lon="-114.747941" /><trkpt lat="39.75328" lon="-114.746686" /><trkpt lat="39.762806" lon="-114.745703" /><trkpt lat="39.777108" lon="-114.744193" /><trkpt lat="39.78811" lon="-114.743057" /><trkpt lat="39.80643" lon="-114.741122" /><trkpt lat="39.827806" lon="-114.738892" /><trkpt lat="39.842652" lon="-114.737318" /><trkpt lat="39.853091" lon="-114.736219" /><trkpt lat="39.865139" lon="-114.734945" /><trkpt lat="39.873402" lon="-114.734087" /><trkpt lat="39.884062" lon="-114.732855" /><trkpt lat="39.88831" lon="-114.731546" /><trkpt lat="39.895269" lon="-114.72812" /><trkpt lat="39.906593" lon="-114.722499" /><trkpt lat="39.924353" lon="-114.713504" /><trkpt lat="39.942615" lon="-114.70432" /><trkpt lat="39.95741" lon="-114.696912" /><trkpt lat="39.972219" lon="-114.689469" /><trkpt lat="39.984119" lon="-114.683474" /><trkpt lat="39.987001" lon="-114.68203" /><trkpt lat="39.990769" lon="-114.680014" /><trkpt lat="39.992975" lon="-114.678445" /><trkpt lat="39.999971" lon="-114.673542" /><trkpt lat="40.012335" lon="-114.664837" /><trkpt lat="40.029493" lon="-114.652785" /><trkpt lat="40.047843" lon="-114.639461" /><trkpt lat="40.057985" lon="-114.624997" /><trkpt lat="40.064501" lon="-114.614929" /><trkpt lat="40.075001" lon="-114.61756" /><trkpt lat="40.084955" lon="-114.62123" /><trkpt lat="40.100905" lon="-114.627126" /><trkpt lat="40.117656" lon="-114.633323" /><trkpt lat="40.136743" lon="-114.640386" /><trkpt lat="40.150299" lon="-114.6454" /><trkpt lat="40.159553" lon="-114.64941" /><trkpt lat="40.174544" lon="-114.662785" /><trkpt lat="40.19693" lon="-114.683277" /><trkpt lat="40.206326" lon="-114.691878" /><trkpt lat="40.217527" lon="-114.702161" /><trkpt lat="40.23916" lon="-114.721989" /><trkpt lat="40.249552" lon="-114.731027" /><trkpt lat="40.253861" lon="-114.734514" /><trkpt lat="40.261313" lon="-114.740631" /><trkpt lat="40.26438" lon="-114.744142" /><trkpt lat="40.266209" lon="-114.747523" /><trkpt lat="40.267527" lon="-114.749865" /><trkpt lat="40.272593" lon="-114.754638" /><trkpt lat="40.295585" lon="-114.766836" /><trkpt lat="40.313484" lon="-114.776368" /><trkpt lat="40.334975" lon="-114.787785" /><trkpt lat="40.351454" lon="-114.796514" /><trkpt lat="40.377897" lon="-114.81057" /><trkpt lat="40.395328" lon="-114.819817" /><trkpt lat="40.413509" lon="-114.83412" /><trkpt lat="40.429466" lon="-114.849214" /><trkpt lat="40.4459" lon="-114.864675" /><trkpt lat="40.466537" lon="-114.884243" /><trkpt lat="40.481878" lon="-114.898745" /><trkpt lat="40.492597" lon="-114.908966" /><trkpt lat="40.503991" lon="-114.919717" /><trkpt lat="40.516515" lon="-114.931524" /><trkpt lat="40.522732" lon="-114.937391" /><trkpt lat="40.532852" lon="-114.947034" /><trkpt lat="40.539074" lon="-114.952378" /><trkpt lat="40.548518" lon="-114.956812" /><trkpt lat="40.560111" lon="-114.961588" /><trkpt lat="40.589607" lon="-114.973776" /><trkpt lat="40.605173" lon="-114.980237" /><trkpt lat="40.622099" lon="-114.987236" /><trkpt lat="40.632777" lon="-114.991632" /><trkpt lat="40.642653" lon="-114.995738" /><trkpt lat="40.657731" lon="-115.00203" /><trkpt lat="40.696875" lon="-115.018252" /><trkpt lat="40.710332" lon="-115.023846" /><trkpt lat="40.73224" lon="-115.032945" /><trkpt lat="40.740531" lon="-115.036306" /><trkpt lat="40.744642" lon="-115.036713" /><trkpt lat="40.752851" lon="-115.036735" /><trkpt lat="40.757954" lon="-115.036089" /><trkpt lat="40.779341" lon="-115.024604" /><trkpt lat="40.811863" lon="-115.007112" /><trkpt lat="40.825564" lon="-114.999756" /><trkpt lat="40.849306" lon="-114.986981" /><trkpt lat="40.85952" lon="-114.981489" /><trkpt lat="40.87352" lon="-114.973946" /><trkpt lat="40.890145" lon="-114.965123" /><trkpt lat="40.894033" lon="-114.963893" /><trkpt lat="40.902313" lon="-114.963435" /><trkpt lat="40.941831" lon="-114.963614" /><trkpt lat="40.977365" lon="-114.963789" /><trkpt lat="40.992696" lon="-114.963856" /><trkpt lat="41.021986" lon="-114.964006" /><trkpt lat="41.042715" lon="-114.964096" /><trkpt lat="41.083746" lon="-114.964195" /><trkpt lat="41.088233" lon="-114.963492" /><trkpt lat="41.092004" lon="-114.962087" /><trkpt lat="41.098033" lon="-114.958858" /><trkpt lat="41.099703" lon="-114.957966" /><trkpt lat="41.101682" lon="-114.95686" /><trkpt lat="41.102426" lon="-114.958475" /><trkpt lat="41.103622" lon="-114.960268" /><trkpt lat="41.105742" lon="-114.961258" /><trkpt lat="41.107939" lon="-114.961188" /><trkpt lat="41.1097" lon="-114.962394" /><trkpt lat="41.110838" lon="-114.963004" /><trkpt lat="41.109309" lon="-114.961931" /><trkpt lat="41.107191" lon="-114.961144" /><trkpt lat="41.10452" lon="-114.960893" /><trkpt lat="41.102534" lon="-114.958736" /><trkpt lat="41.101967" lon="-114.956692" /><trkpt lat="41.106556" lon="-114.950891" /><trkpt lat="41.111566" lon="-114.944178" /><trkpt lat="41.117495" lon="-114.936485" /><trkpt lat="41.131346" lon="-114.922557" /><trkpt lat="41.143864" lon="-114.909995" /><trkpt lat="41.17077" lon="-114.882989" /><trkpt lat="41.180245" lon="-114.876599" /><trkpt lat="41.188458" lon="-114.872472" /><trkpt lat="41.193648" lon="-114.867678" /><trkpt lat="41.20647" lon="-114.852485" /><trkpt lat="41.211247" lon="-114.846775" /><trkpt lat="41.216475" lon="-114.8439" /><trkpt lat="41.235536" lon="-114.836592" /><trkpt lat="41.254927" lon="-114.82915" /><trkpt lat="41.26596" lon="-114.827646" /><trkpt lat="41.280604" lon="-114.825889" /><trkpt lat="41.292077" lon="-114.824508" /><trkpt lat="41.308902" lon="-114.822488" /><trkpt lat="41.322578" lon="-114.820833" /><trkpt lat="41.328252" lon="-114.819621" /><trkpt lat="41.333927" lon="-114.81611" /><trkpt lat="41.343216" lon="-114.809123" /><trkpt lat="41.348694" lon="-114.805475" /><trkpt lat="41.354671" lon="-114.803406" /><trkpt lat="41.367341" lon="-114.797451" /><trkpt lat="41.370341" lon="-114.79412" /><trkpt lat="41.375776" lon="-114.783591" /><trkpt lat="41.379533" lon="-114.778017" /><trkpt lat="41.408022" lon="-114.752229" /><trkpt lat="41.411977" lon="-114.749876" /><trkpt lat="41.416027" lon="-114.749737" /><trkpt lat="41.423738" lon="-114.751153" /><trkpt lat="41.438012" lon="-114.753762" /><trkpt lat="41.451634" lon="-114.756312" /><trkpt lat="41.472406" lon="-114.760121" /><trkpt lat="41.485171" lon="-114.762498" /><trkpt lat="41.501028" lon="-114.765416" /><trkpt lat="41.51921" lon="-114.769293" /><trkpt lat="41.52653" lon="-114.774018" /><trkpt lat="41.538336" lon="-114.78178" /><trkpt lat="41.550006" lon="-114.785209" /><trkpt lat="41.564282" lon="-114.789655" /><trkpt lat="41.588151" lon="-114.795187" /><trkpt lat="41.60229" lon="-114.79856" /><trkpt lat="41.619565" lon="-114.806373" /><trkpt lat="41.63396" lon="-114.813007" /><trkpt lat="41.648871" lon="-114.819887" /><trkpt lat="41.662351" lon="-114.8261" /><trkpt lat="41.670082" lon="-114.828847" /><trkpt lat="41.676366" lon="-114.828971" /><trkpt lat="41.688592" lon="-114.827232" /><trkpt lat="41.695416" lon="-114.824948" /><trkpt lat="41.702994" lon="-114.819065" /><trkpt lat="41.708935" lon="-114.813469" /><trkpt lat="41.722682" lon="-114.800556" /><trkpt lat="41.731024" lon="-114.792689" /><trkpt lat="41.736199" lon="-114.787731" /><trkpt lat="41.740396" lon="-114.779402" /><trkpt lat="41.743194" lon="-114.773857" /><trkpt lat="41.746773" lon="-114.76949" /><trkpt lat="41.75433" lon="-114.761424" /><trkpt lat="41.761241" lon="-114.757266" /><trkpt lat="41.769396" lon="-114.753314" /><trkpt lat="41.77414" lon="-114.75102" /><trkpt lat="41.781342" lon="-114.747254" /><trkpt lat="41.790919" lon="-114.741708" /><trkpt lat="41.801092" lon="-114.736904" /><trkpt lat="41.812778" lon="-114.732462" /><trkpt lat="41.831868" lon="-114.722886" /><trkpt lat="41.841852" lon="-114.717901" /><trkpt lat="41.851178" lon="-114.713809" /><trkpt lat="41.858411" lon="-114.71275" /><trkpt lat="41.869969" lon="-114.711286" /><trkpt lat="41.879169" lon="-114.710114" /><trkpt lat="41.893999" lon="-114.706554" /><trkpt lat="41.906293" lon="-114.702297" /><trkpt lat="41.913706" lon="-114.699735" /><trkpt lat="41.923693" lon="-114.696268" /><trkpt lat="41.932901" lon="-114.692678" /><trkpt lat="41.943404" lon="-114.687146" /><trkpt lat="41.94724" lon="-114.684614" /><trkpt lat="41.952419" lon="-114.679511" /><trkpt lat="41.956376" lon="-114.67681" /><trkpt lat="41.963433" lon="-114.675578" /><trkpt lat="41.972713" lon="-114.674649" /><trkpt lat="41.977943" lon="-114.674126" /><trkpt lat="41.979731" lon="-114.673839" /><trkpt lat="41.982333" lon="-114.673103" /><trkpt lat="41.98483" lon="-114.672206" /><trkpt lat="41.988088" lon="-114.671049" /><trkpt lat="41.992151" lon="-114.669736" /><trkpt lat="41.99506" lon="-114.669327" /><trkpt lat="41.998094" lon="-114.66945" /><trkpt lat="42.005193" lon="-114.671262" /><trkpt lat="42.011839" lon="-114.673296" /><trkpt lat="42.020127" lon="-114.673514" /><trkpt lat="42.03613" lon="-114.673822" /><trkpt lat="42.059535" lon="-114.674969" /><trkpt lat="42.069157" lon="-114.675902" /><trkpt lat="42.082505" lon="-114.67876" /><trkpt lat="42.095887" lon="-114.682854" /><trkpt lat="42.105328" lon="-114.687959" /><trkpt lat="42.116753" lon="-114.687015" /><trkpt lat="42.134246" lon="-114.684646" /><trkpt lat="42.143712" lon="-114.682717" /><trkpt lat="42.158928" lon="-114.67182" /><trkpt lat="42.169671" lon="-114.663786" /><trkpt lat="42.174921" lon="-114.656113" /><trkpt lat="42.177897" lon="-114.644446" /><trkpt lat="42.181606" lon="-114.630429" /><trkpt lat="42.188524" lon="-114.621459" /><trkpt lat="42.195638" lon="-114.613967" /><trkpt lat="42.205236" lon="-114.603827" /><trkpt lat="42.216171" lon="-114.593036" /><trkpt lat="42.227538" lon="-114.585608" /><trkpt lat="42.238598" lon="-114.578434" /><trkpt lat="42.244602" lon="-114.575733" /><trkpt lat="42.257405" lon="-114.574643" /><trkpt lat="42.288112" lon="-114.574717" /><trkpt lat="42.306184" lon="-114.574739" /><trkpt lat="42.327521" lon="-114.57478" /><trkpt lat="42.340367" lon="-114.574814" /><trkpt lat="42.350862" lon="-114.574801" /><trkpt lat="42.355145" lon="-114.574794" /><trkpt lat="42.36197" lon="-114.574925" /><trkpt lat="42.371091" lon="-114.574994" /><trkpt lat="42.380777" lon="-114.573602" /><trkpt lat="42.386601" lon="-114.574261" /><trkpt lat="42.400099" lon="-114.574788" /><trkpt lat="42.414345" lon="-114.574746" /><trkpt lat="42.428332" lon="-114.574735" /><trkpt lat="42.43958" lon="-114.574759" /><trkpt lat="42.459593" lon="-114.574721" /><trkpt lat="42.472254" lon="-114.574686" /><trkpt lat="42.481343" lon="-114.574664" /><trkpt lat="42.505715" lon="-114.574766" /><trkpt lat="42.513694" lon="-114.574769" /><trkpt lat="42.517427" lon="-114.571066" /><trkpt lat="42.520128" lon="-114.567945" /><trkpt lat="42.520294" lon="-114.554339" /><trkpt lat="42.520274" lon="-114.531974" /><trkpt lat="42.520322" lon="-114.507338" /><trkpt lat="42.520253" lon="-114.490843" /><trkpt lat="42.520196" lon="-114.484536" /><trkpt lat="42.521944" lon="-114.479675" /><trkpt lat="42.5305" lon="-114.479593" /><trkpt lat="42.534341" lon="-114.47955" /><trkpt lat="42.538987" lon="-114.479553" /><trkpt lat="42.542772" lon="-114.479533" /><trkpt lat="42.547109" lon="-114.47958" /><trkpt lat="42.549316" lon="-114.478945" /><trkpt lat="42.551134" lon="-114.47634" /><trkpt lat="42.553452" lon="-114.473284" /><trkpt lat="42.55586" lon="-114.470073" /><trkpt lat="42.55716" lon="-114.468325" /><trkpt lat="42.55934" lon="-114.465405" /><trkpt lat="42.561667" lon="-114.462288" /><trkpt lat="42.563165" lon="-114.460367" /><trkpt lat="42.566446" lon="-114.460302" /><trkpt lat="42.569065" lon="-114.46031" /><trkpt lat="42.571453" lon="-114.460322" /><trkpt lat="42.573468" lon="-114.460333" /><trkpt lat="42.576064" lon="-114.460346" /><trkpt lat="42.577722" lon="-114.460354" /><trkpt lat="42.579214" lon="-114.460329" /><trkpt lat="42.58193" lon="-114.460281" /><trkpt lat="42.58432" lon="-114.460239" /><trkpt lat="42.586047" lon="-114.460201" /><trkpt lat="42.589073" lon="-114.460129" /><trkpt lat="42.591663" lon="-114.460066" /><trkpt lat="42.593793" lon="-114.459434" /><trkpt lat="42.595578" lon="-114.456566" /><trkpt lat="42.597828" lon="-114.454571" /><trkpt lat="42.605711" lon="-114.452268" /><trkpt lat="42.629244" lon="-114.447855" /><trkpt lat="42.641769" lon="-114.445711" /><trkpt lat="42.645343" lon="-114.444264" /><trkpt lat="42.645227" lon="-114.440292" /><trkpt lat="42.641591" lon="-114.442056" /><trkpt lat="42.645733" lon="-114.455003" /><trkpt lat="42.6584" lon="-114.482654" /><trkpt lat="42.673271" lon="-114.5018" /><trkpt lat="42.688995" lon="-114.518301" /><trkpt lat="42.702967" lon="-114.528426" /><trkpt lat="42.720663" lon="-114.541744" /><trkpt lat="42.726517" lon="-114.549381" /><trkpt lat="42.733158" lon="-114.569857" /><trkpt lat="42.73693" lon="-114.595601" /><trkpt lat="42.743508" lon="-114.622369" /><trkpt lat="42.752915" lon="-114.653011" /><trkpt lat="42.76224" lon="-114.683433" /><trkpt lat="42.76635" lon="-114.703982" /><trkpt lat="42.768779" lon="-114.712628" /><trkpt lat="42.775436" lon="-114.725235" /><trkpt lat="42.778787" lon="-114.72819" /><trkpt lat="42.793401" lon="-114.749076" /><trkpt lat="42.802495" lon="-114.762246" /><trkpt lat="42.815731" lon="-114.78159" /><trkpt lat="42.828388" lon="-114.802408" /><trkpt lat="42.838671" lon="-114.818538" /><trkpt lat="42.850619" lon="-114.830645" /><trkpt lat="42.854546" lon="-114.840693" /><trkpt lat="42.858267" lon="-114.844843" /><trkpt lat="42.864158" lon="-114.848899" /><trkpt lat="42.867523" lon="-114.852856" /><trkpt lat="42.870613" lon="-114.85802" /><trkpt lat="42.876604" lon="-114.869676" /><trkpt lat="42.883558" lon="-114.878811" /><trkpt lat="42.892178" lon="-114.890162" /><trkpt lat="42.901409" lon="-114.902274" /><trkpt lat="42.913938" lon="-114.918743" /><trkpt lat="42.921067" lon="-114.92987" /><trkpt lat="42.926166" lon="-114.93783" /><trkpt lat="42.932473" lon="-114.946393" /><trkpt lat="42.937294" lon="-114.954222" /><trkpt lat="42.938264" lon="-114.977574" /><trkpt lat="42.938209" lon="-114.995391" /><trkpt lat="42.938188" lon="-115.014825" /><trkpt lat="42.938107" lon="-115.050867" /><trkpt lat="42.938903" lon="-115.071809" /><trkpt lat="42.942112" lon="-115.084671" /><trkpt lat="42.947182" lon="-115.103438" /><trkpt lat="42.951723" lon="-115.121885" /><trkpt lat="42.953289" lon="-115.140188" /><trkpt lat="42.955233" lon="-115.165048" /><trkpt lat="42.956559" lon="-115.176653" /><trkpt lat="42.959356" lon="-115.181885" /><trkpt lat="42.965924" lon="-115.188993" /><trkpt lat="42.971327" lon="-115.196445" /><trkpt lat="42.9737" lon="-115.204" /><trkpt lat="42.974104" lon="-115.213547" /><trkpt lat="42.973905" lon="-115.219646" /><trkpt lat="42.972411" lon="-115.228557" /><trkpt lat="42.968596" lon="-115.242274" /><trkpt lat="42.965992" lon="-115.251581" /><trkpt lat="42.962686" lon="-115.259176" /><trkpt lat="42.961457" lon="-115.26785" /><trkpt lat="42.96092" lon="-115.276307" /><trkpt lat="42.960084" lon="-115.29022" /><trkpt lat="42.960593" lon="-115.302845" /><trkpt lat="42.962206" lon="-115.313118" /><trkpt lat="42.964692" lon="-115.328983" /><trkpt lat="42.961931" lon="-115.338553" /><trkpt lat="42.957667" lon="-115.34936" /><trkpt lat="42.95782" lon="-115.363091" /><trkpt lat="42.955695" lon="-115.373349" /><trkpt lat="42.951495" lon="-115.382859" /><trkpt lat="42.948543" lon="-115.392118" /><trkpt lat="42.945963" lon="-115.407132" /><trkpt lat="42.946225" lon="-115.42234" /><trkpt lat="42.94817" lon="-115.429942" /><trkpt lat="42.955841" lon="-115.444378" /><trkpt lat="42.958809" lon="-115.4564" /><trkpt lat="42.958643" lon="-115.47255" /><trkpt lat="42.960251" lon="-115.485467" /><trkpt lat="42.972686" lon="-115.501387" /><trkpt lat="42.981709" lon="-115.513033" /><trkpt lat="42.991691" lon="-115.526396" /><trkpt lat="43.002" lon="-115.53802" /><trkpt lat="43.008287" lon="-115.547347" /><trkpt lat="43.025195" lon="-115.559125" /><trkpt lat="43.040032" lon="-115.571063" /><trkpt lat="43.069744" lon="-115.598816" /><trkpt lat="43.080188" lon="-115.608079" /><trkpt lat="43.087676" lon="-115.6139" /><trkpt lat="43.09494" lon="-115.619516" /><trkpt lat="43.102973" lon="-115.627363" /><trkpt lat="43.112779" lon="-115.640197" /><trkpt lat="43.123169" lon="-115.649454" /><trkpt lat="43.140743" lon="-115.664844" /><trkpt lat="43.148087" lon="-115.673962" /><trkpt lat="43.156809" lon="-115.689961" /><trkpt lat="43.162565" lon="-115.702562" /><trkpt lat="43.167481" lon="-115.716058" /><trkpt lat="43.17349" lon="-115.745079" /><trkpt lat="43.175712" lon="-115.757045" /><trkpt lat="43.185705" lon="-115.780942" /><trkpt lat="43.238841" lon="-115.839152" /><trkpt lat="43.336231" lon="-115.943835" /><trkpt lat="43.385102" lon="-115.996575" /><trkpt lat="43.409371" lon="-116.02184" /><trkpt lat="43.426608" lon="-116.047387" /><trkpt lat="43.458457" lon="-116.086587" /><trkpt lat="43.471542" lon="-116.099371" /><trkpt lat="43.487005" lon="-116.119593" /><trkpt lat="43.503415" lon="-116.139037" /><trkpt lat="43.513671" lon="-116.146015" /><trkpt lat="43.537823" lon="-116.157381" /><trkpt lat="43.543377" lon="-116.162195" /><trkpt lat="43.549709" lon="-116.170609" /><trkpt lat="43.563794" lon="-116.190851" /><trkpt lat="43.565876" lon="-116.195082" /><trkpt lat="43.567497" lon="-116.199964" /><trkpt lat="43.570649" lon="-116.212502" /><trkpt lat="43.571411" lon="-116.215621" /><trkpt lat="43.572154" lon="-116.221207" /><trkpt lat="43.572343" lon="-116.236166" /><trkpt lat="43.573765" lon="-116.240017" /><trkpt lat="43.577646" lon="-116.247984" /><trkpt lat="43.584292" lon="-116.261677" /><trkpt lat="43.590869" lon="-116.275297" /><trkpt lat="43.594448" lon="-116.281618" /><trkpt lat="43.597748" lon="-116.286127" /><trkpt lat="43.600583" lon="-116.283973" /><trkpt lat="43.603483" lon="-116.279918" /><trkpt lat="43.613316" lon="-116.26368" /><trkpt lat="43.616045" lon="-116.254936" /><trkpt lat="43.61803" lon="-116.25353" /><trkpt lat="43.618944" lon="-116.251458" /><trkpt lat="43.61899" lon="-116.248513" /><trkpt lat="43.618982" lon="-116.245946" /><trkpt lat="43.618966" lon="-116.243641" /><trkpt lat="43.620708" lon="-116.243413" /><trkpt lat="43.618966" lon="-116.243661" /><trkpt lat="43.618983" lon="-116.246255" /><trkpt lat="43.618992" lon="-116.249124" /><trkpt lat="43.619067" lon="-116.253015" /><trkpt lat="43.617627" lon="-116.253658" /><trkpt lat="43.613884" lon="-116.26299" /><trkpt lat="43.605516" lon="-116.27739" /><trkpt lat="43.601188" lon="-116.283877" /><trkpt lat="43.597777" lon="-116.289655" /><trkpt lat="43.597401" lon="-116.295457" /><trkpt lat="43.597404" lon="-116.334235" /><trkpt lat="43.597394" lon="-116.346775" /><trkpt lat="43.596626" lon="-116.354221" /><trkpt lat="43.594725" lon="-116.361215" /><trkpt lat="43.59357" lon="-116.374767" /><trkpt lat="43.593597" lon="-116.393142" /><trkpt lat="43.593551" lon="-116.401316" /><trkpt lat="43.59355" lon="-116.433596" /><trkpt lat="43.593639" lon="-116.441841" /><trkpt lat="43.596602" lon="-116.468257" /><trkpt lat="43.599491" lon="-116.496146" /><trkpt lat="43.598385" lon="-116.53495" /><trkpt lat="43.598984" lon="-116.553039" /><trkpt lat="43.600698" lon="-116.573503" /><trkpt lat="43.602176" lon="-116.583396" /><trkpt lat="43.610705" lon="-116.59751" /><trkpt lat="43.622043" lon="-116.613167" /><trkpt lat="43.636287" lon="-116.635882" /><trkpt lat="43.644637" lon="-116.647506" /><trkpt lat="43.652813" lon="-116.65279" /><trkpt lat="43.66241" lon="-116.659343" /><trkpt lat="43.66645" lon="-116.668656" /><trkpt lat="43.669648" lon="-116.67622" /><trkpt lat="43.675836" lon="-116.685366" /><trkpt lat="43.680204" lon="-116.689068" /><trkpt lat="43.686606" lon="-116.690269" /><trkpt lat="43.69289" lon="-116.695019" /><trkpt lat="43.701154" lon="-116.698856" /><trkpt lat="43.709702" lon="-116.699488" /><trkpt lat="43.722727" lon="-116.704064" /><trkpt lat="43.736941" lon="-116.709288" /><trkpt lat="43.747796" lon="-116.713258" /><trkpt lat="43.756081" lon="-116.716297" /><trkpt lat="43.76907" lon="-116.721059" /><trkpt lat="43.778836" lon="-116.725869" /><trkpt lat="43.787955" lon="-116.734591" /><trkpt lat="43.798019" lon="-116.744766" /><trkpt lat="43.805288" lon="-116.751111" /><trkpt lat="43.811718" lon="-116.754229" /><trkpt lat="43.824915" lon="-116.759509" /><trkpt lat="43.834383" lon="-116.762331" /><trkpt lat="43.847957" lon="-116.76565" /><trkpt lat="43.85772" lon="-116.769674" /><trkpt lat="43.865149" lon="-116.776514" /><trkpt lat="43.869617" lon="-116.783056" /><trkpt lat="43.877621" lon="-116.794872" /><trkpt lat="43.883592" lon="-116.800403" /><trkpt lat="43.891203" lon="-116.804506" /><trkpt lat="43.900843" lon="-116.809472" /><trkpt lat="43.90649" lon="-116.814651" /><trkpt lat="43.913174" lon="-116.82292" /><trkpt lat="43.925352" lon="-116.838249" /><trkpt lat="43.934345" lon="-116.854231" /><trkpt lat="43.94218" lon="-116.868935" /><trkpt lat="43.955209" lon="-116.893057" /><trkpt lat="43.963834" lon="-116.904575" /><trkpt lat="43.971539" lon="-116.914162" /><trkpt lat="43.979343" lon="-116.923294" /><trkpt lat="43.988869" lon="-116.931565" /><trkpt lat="44.00097" lon="-116.938488" /><trkpt lat="44.017227" lon="-116.945411" /><trkpt lat="44.02488" lon="-116.948724" /><trkpt lat="44.032948" lon="-116.953073" /><trkpt lat="44.042357" lon="-116.968188" /><trkpt lat="44.053813" lon="-116.982772" /><trkpt lat="44.067886" lon="-116.996512" /><trkpt lat="44.082579" lon="-117.0155" /><trkpt lat="44.118069" lon="-117.06486" /><trkpt lat="44.140963" lon="-117.101483" /><trkpt lat="44.162117" lon="-117.11719" /><trkpt lat="44.175662" lon="-117.133497" /><trkpt lat="44.191455" lon="-117.138814" /><trkpt lat="44.205233" lon="-117.144301" /><trkpt lat="44.220536" lon="-117.153678" /><trkpt lat="44.231645" lon="-117.16783" /><trkpt lat="44.251781" lon="-117.176163" /><trkpt lat="44.25682" lon="-117.176682" /><trkpt lat="44.26088" lon="-117.18263" /><trkpt lat="44.263369" lon="-117.189655" /><trkpt lat="44.267437" lon="-117.19429" /><trkpt lat="44.270025" lon="-117.198476" /><trkpt lat="44.27296" lon="-117.203999" /><trkpt lat="44.277118" lon="-117.207971" /><trkpt lat="44.28206" lon="-117.211375" /><trkpt lat="44.287319" lon="-117.219085" /><trkpt lat="44.298129" lon="-117.233064" /><trkpt lat="44.328153" lon="-117.278726" /><trkpt lat="44.352056" lon="-117.289572" /><trkpt lat="44.376525" lon="-117.29958" /><trkpt lat="44.38308" lon="-117.308284" /><trkpt lat="44.39829" lon="-117.307951" /><trkpt lat="44.406392" lon="-117.312876" /><trkpt lat="44.413489" lon="-117.30749" /><trkpt lat="44.426003" lon="-117.313817" /><trkpt lat="44.435601" lon="-117.322004" /><trkpt lat="44.442922" lon="-117.324966" /><trkpt lat="44.445945" lon="-117.327057" /><trkpt lat="44.448941" lon="-117.331157" /><trkpt lat="44.453368" lon="-117.329141" /><trkpt lat="44.45782" lon="-117.32956" /><trkpt lat="44.462251" lon="-117.335185" /><trkpt lat="44.465138" lon="-117.335816" /><trkpt lat="44.468909" lon="-117.335983" /><trkpt lat="44.474802" lon="-117.341903" /><trkpt lat="44.480986" lon="-117.344979" /><trkpt lat="44.483704" lon="-117.346988" /><trkpt lat="44.484438" lon="-117.357209" /><trkpt lat="44.485827" lon="-117.360525" /><trkpt lat="44.496829" lon="-117.368556" /><trkpt lat="44.501045" lon="-117.370295" /><trkpt lat="44.505776" lon="-117.369438" /><trkpt lat="44.510634" lon="-117.37593" /><trkpt lat="44.514468" lon="-117.375205" /><trkpt lat="44.517553" lon="-117.375286" /><trkpt lat="44.519825" lon="-117.381391" /><trkpt lat="44.521872" lon="-117.386317" /><trkpt lat="44.523725" lon="-117.393304" /><trkpt lat="44.525676" lon="-117.398702" /><trkpt lat="44.530648" lon="-117.402403" /><trkpt lat="44.533249" lon="-117.409205" /><trkpt lat="44.540182" lon="-117.416017" /><trkpt lat="44.560879" lon="-117.428903" /><trkpt lat="44.585076" lon="-117.459152" /><trkpt lat="44.593268" lon="-117.469671" /><trkpt lat="44.604626" lon="-117.476159" /><trkpt lat="44.621895" lon="-117.501065" /><trkpt lat="44.628365" lon="-117.515921" /><trkpt lat="44.641885" lon="-117.540056" /><trkpt lat="44.647228" lon="-117.553939" /><trkpt lat="44.658372" lon="-117.598872" /><trkpt lat="44.665189" lon="-117.616437" /><trkpt lat="44.669392" lon="-117.622392" /><trkpt lat="44.683024" lon="-117.659464" /><trkpt lat="44.693002" lon="-117.688167" /><trkpt lat="44.716304" lon="-117.753013" /><trkpt lat="44.740529" lon="-117.796704" /><trkpt lat="44.748131" lon="-117.80391" /><trkpt lat="44.749149" lon="-117.807051" /><trkpt lat="44.752257" lon="-117.810975" /><trkpt lat="44.758381" lon="-117.817604" /><trkpt lat="44.764068" lon="-117.825332" /><trkpt lat="44.76947" lon="-117.826846" /><trkpt lat="44.772417" lon="-117.826828" /><trkpt lat="44.773126" lon="-117.827246" /><trkpt lat="44.773968" lon="-117.828631" /><trkpt lat="44.774517" lon="-117.829065" /><trkpt lat="44.774515" lon="-117.829958" /><trkpt lat="44.774509" lon="-117.832249" /><trkpt lat="44.774875" lon="-117.834434" /><trkpt lat="44.777221" lon="-117.834402" /><trkpt lat="44.778116" lon="-117.831955" /><trkpt lat="44.779099" lon="-117.829729" /><trkpt lat="44.780956" lon="-117.829719" /><trkpt lat="44.781699" lon="-117.823127" /><trkpt lat="44.781634" lon="-117.815721" /><trkpt lat="44.783606" lon="-117.809824" /><trkpt lat="44.810344" lon="-117.813763" /><trkpt lat="44.860863" lon="-117.816227" /><trkpt lat="44.906116" lon="-117.819289" /><trkpt lat="44.928316" lon="-117.831273" /><trkpt lat="44.953576" lon="-117.855052" /><trkpt lat="44.97198" lon="-117.878758" /><trkpt lat="45.001243" lon="-117.905666" /><trkpt lat="45.023229" lon="-117.924627" /><trkpt lat="45.043586" lon="-117.935316" /><trkpt lat="45.078723" lon="-117.947138" /><trkpt lat="45.123873" lon="-117.962448" /><trkpt lat="45.153447" lon="-117.970975" /><trkpt lat="45.170302" lon="-117.967831" /><trkpt lat="45.183915" lon="-117.98783" /><trkpt lat="45.199912" lon="-118.015215" /><trkpt lat="45.215093" lon="-118.02439" /><trkpt lat="45.223889" lon="-118.013633" /><trkpt lat="45.248413" lon="-118.018922" /><trkpt lat="45.292086" lon="-118.03639" /><trkpt lat="45.301754" lon="-118.041856" /><trkpt lat="45.330233" lon="-118.070793" /><trkpt lat="45.338915" lon="-118.080258" /><trkpt lat="45.342675" lon="-118.099384" /><trkpt lat="45.343705" lon="-118.113456" /><trkpt lat="45.343038" lon="-118.118615" /><trkpt lat="45.345709" lon="-118.123836" /><trkpt lat="45.346239" lon="-118.127024" /><trkpt lat="45.343995" lon="-118.138058" /><trkpt lat="45.347281" lon="-118.144564" /><trkpt lat="45.346974" lon="-118.148586" /><trkpt lat="45.346238" lon="-118.157518" /><trkpt lat="45.345066" lon="-118.163378" /><trkpt lat="45.346985" lon="-118.168331" /><trkpt lat="45.351593" lon="-118.170903" /><trkpt lat="45.352607" lon="-118.180987" /><trkpt lat="45.354772" lon="-118.187829" /><trkpt lat="45.352822" lon="-118.195781" /><trkpt lat="45.348529" lon="-118.200524" /><trkpt lat="45.347781" lon="-118.204735" /><trkpt lat="45.349639" lon="-118.210474" /><trkpt lat="45.347959" lon="-118.220079" /><trkpt lat="45.345458" lon="-118.224496" /><trkpt lat="45.342243" lon="-118.229157" /><trkpt lat="45.34401" lon="-118.23964" /><trkpt lat="45.350556" lon="-118.249203" /><trkpt lat="45.358667" lon="-118.26418" /><trkpt lat="45.365357" lon="-118.280007" /><trkpt lat="45.37321" lon="-118.300139" /><trkpt lat="45.37934" lon="-118.306611" /><trkpt lat="45.387692" lon="-118.317777" /><trkpt lat="45.397599" lon="-118.332146" /><trkpt lat="45.405431" lon="-118.339427" /><trkpt lat="45.41651" lon="-118.347249" /><trkpt lat="45.425134" lon="-118.353902" /><trkpt lat="45.436217" lon="-118.365988" /><trkpt lat="45.447298" lon="-118.377268" /><trkpt lat="45.453286" lon="-118.378465" /><trkpt lat="45.459407" lon="-118.382718" /><trkpt lat="45.470052" lon="-118.392459" /><trkpt lat="45.487078" lon="-118.407921" /><trkpt lat="45.507425" lon="-118.426607" /><trkpt lat="45.537268" lon="-118.455671" /><trkpt lat="45.544841" lon="-118.463087" /><trkpt lat="45.551962" lon="-118.464318" /><trkpt lat="45.556712" lon="-118.462583" /><trkpt lat="45.568871" lon="-118.456728" /><trkpt lat="45.577419" lon="-118.454126" /><trkpt lat="45.584835" lon="-118.458415" /><trkpt lat="45.5922" lon="-118.472665" /><trkpt lat="45.600122" lon="-118.503149" /><trkpt lat="45.599413" lon="-118.508383" /><trkpt lat="45.596536" lon="-118.514718" /><trkpt lat="45.592476" lon="-118.536346" /><trkpt lat="45.586629" lon="-118.570721" /><trkpt lat="45.584517" lon="-118.578119" /><trkpt lat="45.581942" lon="-118.585642" /><trkpt lat="45.582703" lon="-118.589821" /><trkpt lat="45.585943" lon="-118.602362" /><trkpt lat="45.583911" lon="-118.60838" /><trkpt lat="45.582336" lon="-118.618435" /><trkpt lat="45.583796" lon="-118.622645" /><trkpt lat="45.586627" lon="-118.622673" /><trkpt lat="45.588499" lon="-118.617478" /><trkpt lat="45.592006" lon="-118.610171" /><trkpt lat="45.594808" lon="-118.611295" /><trkpt lat="45.595303" lon="-118.61898" /><trkpt lat="45.599172" lon="-118.627072" /><trkpt lat="45.601436" lon="-118.635714" /><trkpt lat="45.602487" lon="-118.644145" /><trkpt lat="45.606183" lon="-118.64699" /><trkpt lat="45.612848" lon="-118.645601" /><trkpt lat="45.626085" lon="-118.664749" /><trkpt lat="45.639982" lon="-118.686113" /><trkpt lat="45.652158" lon="-118.704846" /><trkpt lat="45.657551" lon="-118.721504" /><trkpt lat="45.66505" lon="-118.766685" /><trkpt lat="45.661193" lon="-118.795154" /><trkpt lat="45.666992" lon="-118.81809" /><trkpt lat="45.67831" lon="-118.852688" /><trkpt lat="45.676017" lon="-118.876093" /><trkpt lat="45.685775" lon="-118.912704" /><trkpt lat="45.718842" lon="-119.014049" /><trkpt lat="45.747908" lon="-119.115756" /><trkpt lat="45.773555" lon="-119.264824" /><trkpt lat="45.792966" lon="-119.378481" /><trkpt lat="45.799823" lon="-119.387246" /><trkpt lat="45.829323" lon="-119.383244" /><trkpt lat="45.864222" lon="-119.346052" /><trkpt lat="45.889038" lon="-119.328862" /><trkpt lat="45.906978" lon="-119.329166" /><trkpt lat="45.920992" lon="-119.32228" /><trkpt lat="45.945321" lon="-119.33492" /><trkpt lat="45.959655" lon="-119.341731" /><trkpt lat="45.970061" lon="-119.339312" /><trkpt lat="45.983441" lon="-119.316871" /><trkpt lat="45.992274" lon="-119.288052" /><trkpt lat="45.998813" lon="-119.260997" /><trkpt lat="46.010179" lon="-119.235497" /><trkpt lat="46.017809" lon="-119.226459" /><trkpt lat="46.028789" lon="-119.224535" /><trkpt lat="46.067927" lon="-119.223501" /><trkpt lat="46.081043" lon="-119.221881" /><trkpt lat="46.095198" lon="-119.221077" /><trkpt lat="46.147694" lon="-119.201784" /><trkpt lat="46.167392" lon="-119.203293" /><trkpt lat="46.17385" lon="-119.213532" /><trkpt lat="46.17846" lon="-119.235733" /><trkpt lat="46.192771" lon="-119.263392" /><trkpt lat="46.194403" lon="-119.265015" /><trkpt lat="46.195985" lon="-119.265934" /><trkpt lat="46.196403" lon="-119.265611" /><trkpt lat="46.200014" lon="-119.261935" /><trkpt lat="46.203631" lon="-119.254416" /><trkpt lat="46.205526" lon="-119.247624" /><trkpt lat="46.208085" lon="-119.241964" /><trkpt lat="46.211564" lon="-119.243336" /><trkpt lat="46.214114" lon="-119.24435" /><trkpt lat="46.229139" lon="-119.243914" /><trkpt lat="46.236315" lon="-119.243957" /><trkpt lat="46.237606" lon="-119.245747" /><trkpt lat="46.238758" lon="-119.245066" /><trkpt lat="46.238195" lon="-119.241652" /><trkpt lat="46.23737" lon="-119.240378" /><trkpt lat="46.238704" lon="-119.243507" /><trkpt lat="46.252787" lon="-119.256701" /><trkpt lat="46.259229" lon="-119.263579" /><trkpt lat="46.26409" lon="-119.267459" /><trkpt lat="46.271397" lon="-119.271726" /><trkpt lat="46.273811" lon="-119.273699" /><trkpt lat="46.275413" lon="-119.273706" /><trkpt lat="46.278869" lon="-119.273697" /><trkpt lat="46.280432" lon="-119.275203" /><trkpt lat="46.281386" lon="-119.275306" /><trkpt lat="46.282263" lon="-119.275764" /><trkpt lat="46.282727" lon="-119.276184" /><trkpt lat="46.283301" lon="-119.276761" /><trkpt lat="46.283516" lon="-119.276966" /><trkpt lat="46.284031" lon="-119.277338" /><trkpt lat="46.285277" lon="-119.277992" /><trkpt lat="46.285869" lon="-119.277898" /><trkpt lat="46.287469" lon="-119.277448" /><trkpt lat="46.288496" lon="-119.27724" /><trkpt lat="46.289669" lon="-119.277497" /><trkpt lat="46.291378" lon="-119.278037" /><trkpt lat="46.292226" lon="-119.278505" /><trkpt lat="46.294231" lon="-119.279724" /><trkpt lat="46.295082" lon="-119.280234" /><trkpt lat="46.296814" lon="-119.281198" /><trkpt lat="46.297676" lon="-119.281379" /><trkpt lat="46.300196" lon="-119.281371" /><trkpt lat="46.301295" lon="-119.281402" /><trkpt lat="46.302431" lon="-119.281872" /><trkpt lat="46.303535" lon="-119.283059" /><trkpt lat="46.304075" lon="-119.283709" /><trkpt lat="46.304826" lon="-119.284247" /><trkpt lat="46.306335" lon="-119.284546" /><trkpt lat="46.30786" lon="-119.285151" /><trkpt lat="46.309294" lon="-119.286388" /><trkpt lat="46.311305" lon="-119.288161" /><trkpt lat="46.320068" lon="-119.305494" /><trkpt lat="46.32564" lon="-119.316562" /><trkpt lat="46.32818" lon="-119.321623" /><trkpt lat="46.331853" lon="-119.32849" /><trkpt lat="46.337347" lon="-119.338608" /><trkpt lat="46.355179" lon="-119.371237" /><trkpt lat="46.380484" lon="-119.417629" /><trkpt lat="46.383064" lon="-119.422331" /><trkpt lat="46.383371" lon="-119.422657" /><trkpt lat="46.383604" lon="-119.423323" /><trkpt lat="46.395085" lon="-119.439969" /><trkpt lat="46.408473" lon="-119.450518" /><trkpt lat="46.444148" lon="-119.494214" /><trkpt lat="46.446462" lon="-119.497797" /><trkpt lat="46.487658" lon="-119.585269" /><trkpt lat="46.506071" lon="-119.628441" /><trkpt lat="46.51231" lon="-119.661776" /><trkpt lat="46.532722" lon="-119.682643" /><trkpt lat="46.54788" lon="-119.691956" /><trkpt lat="46.566909" lon="-119.722632" /><trkpt lat="46.5708" lon="-119.726883" /><trkpt lat="46.584599" lon="-119.727984" /><trkpt lat="46.602091" lon="-119.727484" /><trkpt lat="46.603315" lon="-119.728486" /><trkpt lat="46.606471" lon="-119.73586" /><trkpt lat="46.607998" lon="-119.736767" /><trkpt lat="46.609591" lon="-119.736155" /><trkpt lat="46.610596" lon="-119.734338" /><trkpt lat="46.6117" lon="-119.72839" /><trkpt lat="46.61284" lon="-119.726895" /><trkpt lat="46.614725" lon="-119.726519" /><trkpt lat="46.632542" lon="-119.726979" /><trkpt lat="46.637713" lon="-119.729611" /><trkpt lat="46.645876" lon="-119.735146" /><trkpt lat="46.646872" lon="-119.736771" /><trkpt lat="46.64737" lon="-119.739353" /><trkpt lat="46.644095" lon="-119.747478" /><trkpt lat="46.635307" lon="-119.789714" /><trkpt lat="46.633162" lon="-119.801803" /><trkpt lat="46.633384" lon="-119.845546" /><trkpt lat="46.635106" lon="-119.855091" /><trkpt lat="46.641375" lon="-119.865239" /><trkpt lat="46.683742" lon="-119.909354" /><trkpt lat="46.694431" lon="-119.916655" /><trkpt lat="46.715664" lon="-119.916627" /><trkpt lat="46.736763" lon="-119.917037" /><trkpt lat="46.737505" lon="-119.917051" /><trkpt lat="46.737987" lon="-119.917031" /><trkpt lat="46.744233" lon="-119.917608" /><trkpt lat="46.745945" lon="-119.918696" /><trkpt lat="46.754654" lon="-119.92938" /><trkpt lat="46.757071" lon="-119.930391" /><trkpt lat="46.779854" lon="-119.926295" /><trkpt lat="46.789454" lon="-119.924546" /><trkpt lat="46.791504" lon="-119.92487" /><trkpt lat="46.793219" lon="-119.924146" /><trkpt lat="46.798917" lon="-119.925059" /><trkpt lat="46.801238" lon="-119.923558" /><trkpt lat="46.809331" lon="-119.920755" /><trkpt lat="46.81421" lon="-119.919535" /><trkpt lat="46.818491" lon="-119.923087" /><trkpt lat="46.825526" lon="-119.929347" /><trkpt lat="46.832791" lon="-119.936574" /><trkpt lat="46.83527" lon="-119.938734" /><trkpt lat="46.840926" lon="-119.937717" /><trkpt lat="46.842584" lon="-119.937487" /><trkpt lat="46.860043" lon="-119.94939" /><trkpt lat="46.870872" lon="-119.956567" /><trkpt lat="46.872348" lon="-119.956519" /><trkpt lat="46.877876" lon="-119.95499" /><trkpt lat="46.886396" lon="-119.955203" /><trkpt lat="46.898531" lon="-119.95147" /><trkpt lat="46.911316" lon="-119.946517" /><trkpt lat="46.91401" lon="-119.946893" /><trkpt lat="46.917415" lon="-119.949221" /><trkpt lat="46.920395" lon="-119.95052" /><trkpt lat="46.924683" lon="-119.952237" /><trkpt lat="46.929149" lon="-119.957072" /><trkpt lat="46.93058" lon="-119.957332" /><trkpt lat="46.931856" lon="-119.957997" /><trkpt lat="46.933268" lon="-119.958828" /><trkpt lat="46.941803" lon="-119.96032" /><trkpt lat="46.944642" lon="-119.961181" /><trkpt lat="46.946053" lon="-119.963037" /><trkpt lat="46.947696" lon="-119.964118" /><trkpt lat="46.949204" lon="-119.964266" /><trkpt lat="46.950488" lon="-119.963287" /><trkpt lat="46.948801" lon="-119.961465" /><trkpt lat="46.9466" lon="-119.960784" /><trkpt lat="46.945009" lon="-119.961965" /><trkpt lat="46.942041" lon="-119.973692" /><trkpt lat="46.940338" lon="-119.982023" /><trkpt lat="46.940333" lon="-119.989318" /><trkpt lat="46.941257" lon="-120.004198" /><trkpt lat="46.939523" lon="-120.009895" /><trkpt lat="46.938381" lon="-120.016694" /><trkpt lat="46.939336" lon="-120.023474" /><trkpt lat="46.939104" lon="-120.029526" /><trkpt lat="46.938745" lon="-120.04811" /><trkpt lat="46.941516" lon="-120.069448" /><trkpt lat="46.941147" lon="-120.077793" /><trkpt lat="46.942058" lon="-120.082131" /><trkpt lat="46.944601" lon="-120.086763" /><trkpt lat="46.94578" lon="-120.091262" /><trkpt lat="46.945634" lon="-120.104852" /><trkpt lat="46.941642" lon="-120.11971" /><trkpt lat="46.939116" lon="-120.126465" /><trkpt lat="46.940757" lon="-120.136766" /><trkpt lat="46.944539" lon="-120.156138" /><trkpt lat="46.943639" lon="-120.178478" /><trkpt lat="46.94519" lon="-120.188029" /><trkpt lat="46.946871" lon="-120.202017" /><trkpt lat="46.945904" lon="-120.215633" /><trkpt lat="46.946221" lon="-120.23941" /><trkpt lat="46.949383" lon="-120.253702" /><trkpt lat="46.95118" lon="-120.275266" /><trkpt lat="46.953522" lon="-120.291747" /><trkpt lat="46.956673" lon="-120.300457" /><trkpt lat="46.956185" lon="-120.306073" /><trkpt lat="46.958561" lon="-120.317412" /><trkpt lat="46.963681" lon="-120.331631" /><trkpt lat="46.972591" lon="-120.363878" /><trkpt lat="46.971718" lon="-120.408047" /><trkpt lat="46.97171" lon="-120.423137" /><trkpt lat="46.971654" lon="-120.436858" /><trkpt lat="46.970497" lon="-120.468766" /><trkpt lat="46.970968" lon="-120.484248" /><trkpt lat="46.970441" lon="-120.516341" /><trkpt lat="46.971219" lon="-120.52613" /><trkpt lat="46.973001" lon="-120.535146" /><trkpt lat="46.974459" lon="-120.537429" /><trkpt lat="46.974589" lon="-120.541226" /><trkpt lat="46.974284" lon="-120.540843" /><trkpt lat="46.974581" lon="-120.538379" /><trkpt lat="46.974549" lon="-120.537972" /><trkpt lat="46.974372" lon="-120.53764" /><trkpt lat="46.974235" lon="-120.537574" /><trkpt lat="46.974086" lon="-120.537554" /><trkpt lat="46.973892" lon="-120.5376" /><trkpt lat="46.973672" lon="-120.537807" /><trkpt lat="46.973575" lon="-120.538033" /><trkpt lat="46.973566" lon="-120.538356" /><trkpt lat="46.973811" lon="-120.539875" /><trkpt lat="46.974162" lon="-120.54225" /><trkpt lat="46.974849" lon="-120.546078" /><trkpt lat="46.975715" lon="-120.550893" /><trkpt lat="46.976246" lon="-120.55304" /><trkpt lat="46.976747" lon="-120.554391" /><trkpt lat="46.977352" lon="-120.555574" /><trkpt lat="46.98069" lon="-120.55978" /><trkpt lat="46.990603" lon="-120.571807" /><trkpt lat="46.996322" lon="-120.578748" /><trkpt lat="47.003279" lon="-120.58728" /><trkpt lat="47.005743" lon="-120.590608" /><trkpt lat="47.007167" lon="-120.592695" /><trkpt lat="47.01157" lon="-120.599047" /><trkpt lat="47.012682" lon="-120.600592" /><trkpt lat="47.013823" lon="-120.602051" /><trkpt lat="47.019858" lon="-120.608991" /><trkpt lat="47.029988" lon="-120.620626" /><trkpt lat="47.03107" lon="-120.621924" /><trkpt lat="47.031903" lon="-120.622822" /><trkpt lat="47.033" lon="-120.623806" /><trkpt lat="47.034097" lon="-120.62471" /><trkpt lat="47.035421" lon="-120.62548" /><trkpt lat="47.036937" lon="-120.626252" /><trkpt lat="47.037905" lon="-120.6269" /><trkpt lat="47.039156" lon="-120.628058" /><trkpt lat="47.039847" lon="-120.62898" /><trkpt lat="47.040599" lon="-120.630218" /><trkpt lat="47.04107" lon="-120.631219" /><trkpt lat="47.043332" lon="-120.636868" /><trkpt lat="47.044565" lon="-120.639896" /><trkpt lat="47.049458" lon="-120.651876" /><trkpt lat="47.050452" lon="-120.654451" /><trkpt lat="47.051417" lon="-120.657154" /><trkpt lat="47.053026" lon="-120.662047" /><trkpt lat="47.054508" lon="-120.666443" /><trkpt lat="47.055397" lon="-120.669079" /><trkpt lat="47.056307" lon="-120.67179" /><trkpt lat="47.057907" lon="-120.67656" /><trkpt lat="47.06241" lon="-120.689727" /><trkpt lat="47.063814" lon="-120.693332" /><trkpt lat="47.066006" lon="-120.697967" /><trkpt lat="47.074321" lon="-120.715422" /><trkpt lat="47.075997" lon="-120.71867" /><trkpt lat="47.078252" lon="-120.722203" /><trkpt lat="47.079082" lon="-120.723951" /><trkpt lat="47.079656" lon="-120.726248" /><trkpt lat="47.080503" lon="-120.72982" /><trkpt lat="47.081204" lon="-120.732471" /><trkpt lat="47.082065" lon="-120.734747" /><trkpt lat="47.083425" lon="-120.738356" /><trkpt lat="47.084006" lon="-120.739442" /><trkpt lat="47.084735" lon="-120.740365" /><trkpt lat="47.085634" lon="-120.741049" /><trkpt lat="47.085909" lon="-120.741225" /><trkpt lat="47.088159" lon="-120.742341" /><trkpt lat="47.089386" lon="-120.743328" /><trkpt lat="47.090526" lon="-120.744702" /><trkpt lat="47.091578" lon="-120.74689" /><trkpt lat="47.09225" lon="-120.749551" /><trkpt lat="47.092528" lon="-120.751786" /><trkpt lat="47.092899" lon="-120.753489" /><trkpt lat="47.093594" lon="-120.75513" /><trkpt lat="47.09561" lon="-120.758778" /><trkpt lat="47.0967" lon="-120.760069" /><trkpt lat="47.097622" lon="-120.760722" /><trkpt lat="47.102409" lon="-120.76274" /><trkpt lat="47.104297" lon="-120.76365" /><trkpt lat="47.105805" lon="-120.76505" /><trkpt lat="47.107374" lon="-120.767428" /><trkpt lat="47.108002" lon="-120.769028" /><trkpt lat="47.112702" lon="-120.784266" /><trkpt lat="47.112986" lon="-120.785115" /><trkpt lat="47.114641" lon="-120.790369" /><trkpt lat="47.115182" lon="-120.792272" /><trkpt lat="47.116029" lon="-120.795004" /><trkpt lat="47.116425" lon="-120.796148" /><trkpt lat="47.117091" lon="-120.797421" /><trkpt lat="47.117766" lon="-120.798309" /><trkpt lat="47.118666" lon="-120.799114" /><trkpt lat="47.119297" lon="-120.799478" /><trkpt lat="47.12138" lon="-120.80039" /><trkpt lat="47.123439" lon="-120.801259" /><trkpt lat="47.126746" lon="-120.802672" /><trkpt lat="47.127978" lon="-120.803418" /><trkpt lat="47.128672" lon="-120.804153" /><trkpt lat="47.129478" lon="-120.805466" /><trkpt lat="47.130336" lon="-120.806929" /><trkpt lat="47.131621" lon="-120.80856" /><trkpt lat="47.133285" lon="-120.809504" /><trkpt lat="47.144844" lon="-120.814607" /><trkpt lat="47.146379" lon="-120.815465" /><trkpt lat="47.147419" lon="-120.816195" /><trkpt lat="47.150285" lon="-120.81856" /><trkpt lat="47.152889" lon="-120.820771" /><trkpt lat="47.154439" lon="-120.822227" /><trkpt lat="47.155633" lon="-120.823992" /><trkpt lat="47.156494" lon="-120.825805" /><trkpt lat="47.158358" lon="-120.83325" /><trkpt lat="47.159524" lon="-120.838241" /><trkpt lat="47.161185" lon="-120.845373" /><trkpt lat="47.161725" lon="-120.847745" /><trkpt lat="47.161959" lon="-120.848973" /><trkpt lat="47.162105" lon="-120.850145" /><trkpt lat="47.162203" lon="-120.851645" /><trkpt lat="47.162194" lon="-120.853578" /><trkpt lat="47.162105" lon="-120.854842" /><trkpt lat="47.16183" lon="-120.856925" /><trkpt lat="47.161363" lon="-120.859972" /><trkpt lat="47.161363" lon="-120.861903" /><trkpt lat="47.161859" lon="-120.864135" /><trkpt lat="47.164719" lon="-120.873576" /><trkpt lat="47.166148" lon="-120.876709" /><trkpt lat="47.171633" lon="-120.886837" /><trkpt lat="47.172509" lon="-120.888125" /><trkpt lat="47.173991" lon="-120.889508" /><trkpt lat="47.175424" lon="-120.890686" /><trkpt lat="47.177486" lon="-120.892373" /><trkpt lat="47.178518" lon="-120.893489" /><trkpt lat="47.179803" lon="-120.895794" /><trkpt lat="47.180647" lon="-120.897457" /><trkpt lat="47.181826" lon="-120.899776" /><trkpt lat="47.183119" lon="-120.902351" /><trkpt lat="47.183321" lon="-120.90276" /><trkpt lat="47.183877" lon="-120.903887" /><trkpt lat="47.184439" lon="-120.905248" /><trkpt lat="47.184858" lon="-120.906397" /><trkpt lat="47.185689" lon="-120.909319" /><trkpt lat="47.190578" lon="-120.932643" /><trkpt lat="47.190952" lon="-120.933707" /><trkpt lat="47.191142" lon="-120.934236" /><trkpt lat="47.191309" lon="-120.934516" /><trkpt lat="47.191895" lon="-120.935427" /><trkpt lat="47.192034" lon="-120.935781" /><trkpt lat="47.192127" lon="-120.935752" /><trkpt lat="47.192235" lon="-120.935743" /><trkpt lat="47.192315" lon="-120.935754" /><trkpt lat="47.192394" lon="-120.935784" /><trkpt lat="47.192496" lon="-120.93586" /><trkpt lat="47.192583" lon="-120.935965" /><trkpt lat="47.192697" lon="-120.936255" /><trkpt lat="47.192868" lon="-120.937795" /><trkpt lat="47.193192" lon="-120.940367" /><trkpt lat="47.193328" lon="-120.940685" /><trkpt lat="47.193565" lon="-120.94081" /><trkpt lat="47.193742" lon="-120.9408" /><trkpt lat="47.193875" lon="-120.940766" /><trkpt lat="47.194644" lon="-120.940559" /><trkpt lat="47.195097" lon="-120.940101" /><trkpt lat="47.193328" lon="-120.940685" /><trkpt lat="47.192496" lon="-120.93586" /><trkpt lat="47.192034" lon="-120.935781" /><trkpt lat="47.190186" lon="-120.93523" /><trkpt lat="47.184948" lon="-120.907661" /><trkpt lat="47.183144" lon="-120.904555" /><trkpt lat="47.183954" lon="-120.902257" /><trkpt lat="47.187495" lon="-120.899194" /><trkpt lat="47.186257" lon="-120.896463" /><trkpt lat="47.181352" lon="-120.879126" /><trkpt lat="47.175333" lon="-120.858009" /><trkpt lat="47.175035" lon="-120.851632" /><trkpt lat="47.176377" lon="-120.846407" /><trkpt lat="47.182062" lon="-120.833374" /><trkpt lat="47.192392" lon="-120.809676" /><trkpt lat="47.19328" lon="-120.805853" /><trkpt lat="47.19571" lon="-120.783732" /><trkpt lat="47.196317" lon="-120.775124" /><trkpt lat="47.192203" lon="-120.763299" /><trkpt lat="47.191837" lon="-120.76015" /><trkpt lat="47.194978" lon="-120.753961" /><trkpt lat="47.197744" lon="-120.747677" /><trkpt lat="47.200769" lon="-120.731355" /><trkpt lat="47.199906" lon="-120.724426" /><trkpt lat="47.19942" lon="-120.718492" /><trkpt lat="47.203082" lon="-120.709129" /><trkpt lat="47.207959" lon="-120.699912" /><trkpt lat="47.210317" lon="-120.698228" /><trkpt lat="47.212088" lon="-120.698619" /><trkpt lat="47.21599" lon="-120.700609" /><trkpt lat="47.219623" lon="-120.699097" /><trkpt lat="47.225827" lon="-120.69554" /><trkpt lat="47.229773" lon="-120.696205" /><trkpt lat="47.23528" lon="-120.69495" /><trkpt lat="47.238321" lon="-120.695005" /><trkpt lat="47.241897" lon="-120.697283" /><trkpt lat="47.242986" lon="-120.697645" /><trkpt lat="47.245968" lon="-120.695911" /><trkpt lat="47.250298" lon="-120.692442" /><trkpt lat="47.253147" lon="-120.69359" /><trkpt lat="47.256121" lon="-120.695448" /><trkpt lat="47.259943" lon="-120.695604" /><trkpt lat="47.263695" lon="-120.696972" /><trkpt lat="47.267963" lon="-120.697747" /><trkpt lat="47.275321" lon="-120.698415" /><trkpt lat="47.278811" lon="-120.697726" /><trkpt lat="47.283751" lon="-120.697913" /><trkpt lat="47.287991" lon="-120.697393" /><trkpt lat="47.291682" lon="-120.700123" /><trkpt lat="47.294133" lon="-120.700089" /><trkpt lat="47.298529" lon="-120.701111" /><trkpt lat="47.302575" lon="-120.697895" /><trkpt lat="47.304899" lon="-120.695577" /><trkpt lat="47.314806" lon="-120.693031" /><trkpt lat="47.319954" lon="-120.690054" /><trkpt lat="47.326211" lon="-120.670246" /><trkpt lat="47.32936" lon="-120.656565" /><trkpt lat="47.330856" lon="-120.644094" /><trkpt lat="47.33309" lon="-120.639005" /><trkpt lat="47.335072" lon="-120.62872" /><trkpt lat="47.334362" lon="-120.621673" /><trkpt lat="47.331859" lon="-120.604705" /><trkpt lat="47.335901" lon="-120.594667" /><trkpt lat="47.33629" lon="-120.588815" /><trkpt lat="47.335286" lon="-120.581268" /><trkpt lat="47.33492" lon="-120.578262" /><trkpt lat="47.33334" lon="-120.574935" /><trkpt lat="47.334309" lon="-120.570673" /><trkpt lat="47.337713" lon="-120.5666" /><trkpt lat="47.340228" lon="-120.565669" /><trkpt lat="47.346027" lon="-120.566253" /><trkpt lat="47.347748" lon="-120.569311" /><trkpt lat="47.349644" lon="-120.571505" /><trkpt lat="47.351784" lon="-120.570765" /><trkpt lat="47.354599" lon="-120.565231" /><trkpt lat="47.357382" lon="-120.563037" /><trkpt lat="47.360082" lon="-120.564183" /><trkpt lat="47.362157" lon="-120.571068" /><trkpt lat="47.364023" lon="-120.576974" /><trkpt lat="47.367331" lon="-120.578337" /><trkpt lat="47.370067" lon="-120.583481" /><trkpt lat="47.375086" lon="-120.586517" /><trkpt lat="47.378143" lon="-120.589114" /><trkpt lat="47.384105" lon="-120.597742" /><trkpt lat="47.389657" lon="-120.604292" /><trkpt lat="47.394964" lon="-120.61169" /><trkpt lat="47.397109" lon="-120.619074" /><trkpt lat="47.396587" lon="-120.624044" /><trkpt lat="47.395223" lon="-120.62923" /><trkpt lat="47.394352" lon="-120.635792" /><trkpt lat="47.393192" lon="-120.641318" /><trkpt lat="47.395409" lon="-120.647961" /><trkpt lat="47.399186" lon="-120.652234" /><trkpt lat="47.405851" lon="-120.657566" /><trkpt lat="47.411629" lon="-120.657965" /><trkpt lat="47.414509" lon="-120.658476" /><trkpt lat="47.417028" lon="-120.659432" /><trkpt lat="47.419334" lon="-120.658214" /><trkpt lat="47.42164" lon="-120.658739" /><trkpt lat="47.423983" lon="-120.659382" /><trkpt lat="47.426024" lon="-120.658643" /><trkpt lat="47.428981" lon="-120.655983" /><trkpt lat="47.433846" lon="-120.657282" /><trkpt lat="47.438709" lon="-120.660677" /><trkpt lat="47.443221" lon="-120.66211" /><trkpt lat="47.447067" lon="-120.658945" /><trkpt lat="47.449508" lon="-120.65475" /><trkpt lat="47.453344" lon="-120.654223" /><trkpt lat="47.454791" lon="-120.65749" /><trkpt lat="47.458219" lon="-120.658847" /><trkpt lat="47.462136" lon="-120.660548" /><trkpt lat="47.470414" lon="-120.657275" /><trkpt lat="47.477116" lon="-120.654733" /><trkpt lat="47.484117" lon="-120.652454" /><trkpt lat="47.487897" lon="-120.649545" /><trkpt lat="47.491653" lon="-120.638184" /><trkpt lat="47.493974" lon="-120.634208" /><trkpt lat="47.496382" lon="-120.63246" /><trkpt lat="47.498629" lon="-120.63199" /><trkpt lat="47.500538" lon="-120.63232" /><trkpt lat="47.503569" lon="-120.633166" /><trkpt lat="47.505604" lon="-120.633685" /><trkpt lat="47.507421" lon="-120.633438" /><trkpt lat="47.511743" lon="-120.630702" /><trkpt lat="47.51688" lon="-120.627466" /><trkpt lat="47.521259" lon="-120.625779" /><trkpt lat="47.528169" lon="-120.623268" /><trkpt lat="47.535053" lon="-120.620762" /><trkpt lat="47.538274" lon="-120.619587" /><trkpt lat="47.541421" lon="-120.618345" /><trkpt lat="47.543576" lon="-120.616861" /><trkpt lat="47.545329" lon="-120.61503" /><trkpt lat="47.549334" lon="-120.609681" /><trkpt lat="47.551789" lon="-120.606387" /><trkpt lat="47.553267" lon="-120.604254" /><trkpt lat="47.554261" lon="-120.602275" /><trkpt lat="47.55503" lon="-120.60008" /><trkpt lat="47.556441" lon="-120.596138" /><trkpt lat="47.558509" lon="-120.593297" /><trkpt lat="47.563857" lon="-120.60143" /><trkpt lat="47.565415" lon="-120.603979" /><trkpt lat="47.569632" lon="-120.607064" /><trkpt lat="47.571539" lon="-120.609073" /><trkpt lat="47.573213" lon="-120.612511" /><trkpt lat="47.578488" lon="-120.61289" /><trkpt lat="47.58093" lon="-120.614207" /><trkpt lat="47.581976" lon="-120.616664" /><trkpt lat="47.583059" lon="-120.619829" /><trkpt lat="47.586037" lon="-120.624201" /><trkpt lat="47.588768" lon="-120.628221" /><trkpt lat="47.591084" lon="-120.633305" /><trkpt lat="47.593462" lon="-120.63881" /><trkpt lat="47.596617" lon="-120.646616" /><trkpt lat="47.597897" lon="-120.649785" /><trkpt lat="47.599097" lon="-120.653689" /><trkpt lat="47.598832" lon="-120.656094" /><trkpt lat="47.597353" lon="-120.659226" /><trkpt lat="47.596883" lon="-120.660121" /><trkpt lat="47.595745" lon="-120.662289" /><trkpt lat="47.597324" lon="-120.659282" /><trkpt lat="47.598967" lon="-120.655574" /><trkpt lat="47.597897" lon="-120.649785" /><trkpt lat="47.594883" lon="-120.642273" /><trkpt lat="47.590406" lon="-120.631341" /><trkpt lat="47.586037" lon="-120.624201" /><trkpt lat="47.582248" lon="-120.617968" /><trkpt lat="47.58021" lon="-120.613468" /><trkpt lat="47.573213" lon="-120.612511" /><trkpt lat="47.570282" lon="-120.607508" /><trkpt lat="47.564559" lon="-120.602688" /><trkpt lat="47.55702" lon="-120.595228" /><trkpt lat="47.55503" lon="-120.60008" /><trkpt lat="47.553622" lon="-120.603637" /><trkpt lat="47.551027" lon="-120.607412" /><trkpt lat="47.545216" lon="-120.615169" /><trkpt lat="47.5419" lon="-120.61808" /><trkpt lat="47.536722" lon="-120.620156" /><trkpt lat="47.528169" lon="-120.623268" /><trkpt lat="47.517377" lon="-120.62722" /><trkpt lat="47.509332" lon="-120.632284" /><trkpt lat="47.505417" lon="-120.633655" /><trkpt lat="47.501361" lon="-120.632551" /><trkpt lat="47.497703" lon="-120.632073" /><trkpt lat="47.493382" lon="-120.634917" /><trkpt lat="47.488282" lon="-120.648682" /><trkpt lat="47.481828" lon="-120.653199" /><trkpt lat="47.469189" lon="-120.657753" /><trkpt lat="47.458911" lon="-120.659223" /><trkpt lat="47.454174" lon="-120.655291" /><trkpt lat="47.449066" lon="-120.655217" /><trkpt lat="47.443809" lon="-120.661799" /><trkpt lat="47.436255" lon="-120.657878" /><trkpt lat="47.42852" lon="-120.656123" /><trkpt lat="47.424522" lon="-120.65931" /><trkpt lat="47.42039" lon="-120.658051" /><trkpt lat="47.416653" lon="-120.659244" /><trkpt lat="47.41188" lon="-120.658094" /><trkpt lat="47.401564" lon="-120.655142" /><trkpt lat="47.394287" lon="-120.645878" /><trkpt lat="47.394011" lon="-120.636838" /><trkpt lat="47.395547" lon="-120.626983" /><trkpt lat="47.396929" lon="-120.618049" /><trkpt lat="47.390111" lon="-120.604738" /><trkpt lat="47.381706" lon="-120.594274" /><trkpt lat="47.372434" lon="-120.585501" /><trkpt lat="47.367607" lon="-120.578562" /><trkpt lat="47.363175" lon="-120.575598" /><trkpt lat="47.359617" lon="-120.563681" /><trkpt lat="47.354599" lon="-120.565231" /><trkpt lat="47.350541" lon="-120.571534" /><trkpt lat="47.347439" lon="-120.568173" /><trkpt lat="47.340446" lon="-120.56566" /><trkpt lat="47.336054" lon="-120.568297" /><trkpt lat="47.333606" lon="-120.575879" /><trkpt lat="47.335286" lon="-120.581268" /><trkpt lat="47.336634" lon="-120.592617" /><trkpt lat="47.331478" lon="-120.611327" /><trkpt lat="47.335072" lon="-120.62872" /><trkpt lat="47.33135" lon="-120.643008" /><trkpt lat="47.32902" lon="-120.658694" /><trkpt lat="47.319954" lon="-120.690054" /><trkpt lat="47.309451" lon="-120.694016" /><trkpt lat="47.301001" lon="-120.70026" /><trkpt lat="47.294133" lon="-120.700089" /><trkpt lat="47.289617" lon="-120.69856" /><trkpt lat="47.28263" lon="-120.697937" /><trkpt lat="47.275029" lon="-120.698398" /><trkpt lat="47.265014" lon="-120.697358" /><trkpt lat="47.258463" lon="-120.695647" /><trkpt lat="47.252697" lon="-120.693233" /><trkpt lat="47.247707" lon="-120.694443" /><trkpt lat="47.24249" lon="-120.697552" /><trkpt lat="47.238053" lon="-120.694924" /><trkpt lat="47.230621" lon="-120.696098" /><trkpt lat="47.222665" lon="-120.697353" /><trkpt lat="47.215728" lon="-120.700679" /><trkpt lat="47.210778" lon="-120.698205" /><trkpt lat="47.207168" lon="-120.701376" /><trkpt lat="47.199322" lon="-120.719356" /><trkpt lat="47.200828" lon="-120.730052" /><trkpt lat="47.19692" lon="-120.750446" /><trkpt lat="47.191804" lon="-120.760435" /><trkpt lat="47.196135" lon="-120.773755" /><trkpt lat="47.194874" lon="-120.791371" /><trkpt lat="47.189911" lon="-120.815345" /><trkpt lat="47.177084" lon="-120.844789" /><trkpt lat="47.174919" lon="-120.854503" /><trkpt lat="47.182656" lon="-120.883679" /><trkpt lat="47.186768" lon="-120.897811" /><trkpt lat="47.184412" lon="-120.902358" /><trkpt lat="47.185474" lon="-120.908445" /><trkpt lat="47.194502" lon="-120.957516" /><trkpt lat="47.18592" lon="-120.992022" /><trkpt lat="47.182665" lon="-121.031305" /><trkpt lat="47.187716" lon="-121.044479" /><trkpt lat="47.196015" lon="-121.056032" /><trkpt lat="47.216522" lon="-121.125257" /><trkpt lat="47.218109" lon="-121.133901" /><trkpt lat="47.228747" lon="-121.163984" /><trkpt lat="47.239593" lon="-121.177116" /><trkpt lat="47.256456" lon="-121.198182" /><trkpt lat="47.258021" lon="-121.208121" /><trkpt lat="47.263017" lon="-121.214072" /><trkpt lat="47.269502" lon="-121.230765" /><trkpt lat="47.269102" lon="-121.238195" /><trkpt lat="47.26878" lon="-121.247346" /><trkpt lat="47.268189" lon="-121.256701" /><trkpt lat="47.27103" lon="-121.269258" /><trkpt lat="47.280076" lon="-121.280707" /><trkpt lat="47.288386" lon="-121.282605" /><trkpt lat="47.296379" lon="-121.286973" /><trkpt lat="47.30041" lon="-121.293943" /><trkpt lat="47.305365" lon="-121.306136" /><trkpt lat="47.313196" lon="-121.314364" /><trkpt lat="47.324159" lon="-121.32666" /><trkpt lat="47.328105" lon="-121.335512" /><trkpt lat="47.334129" lon="-121.345952" /><trkpt lat="47.340224" lon="-121.353086" /><trkpt lat="47.340938" lon="-121.360555" /><trkpt lat="47.343848" lon="-121.364072" /><trkpt lat="47.351947" lon="-121.364598" /><trkpt lat="47.357431" lon="-121.367657" /><trkpt lat="47.362102" lon="-121.372793" /><trkpt lat="47.368908" lon="-121.373192" /><trkpt lat="47.374593" lon="-121.376723" /><trkpt lat="47.388469" lon="-121.380466" /><trkpt lat="47.39197" lon="-121.386082" /><trkpt lat="47.396268" lon="-121.396901" /><trkpt lat="47.401374" lon="-121.403088" /><trkpt lat="47.408399" lon="-121.4062" /><trkpt lat="47.418661" lon="-121.410219" /><trkpt lat="47.427763" lon="-121.417277" /><trkpt lat="47.429071" lon="-121.426056" /><trkpt lat="47.422259" lon="-121.439713" /><trkpt lat="47.418015" lon="-121.445218" /><trkpt lat="47.406571" lon="-121.446342" /><trkpt lat="47.400196" lon="-121.457948" /><trkpt lat="47.395447" lon="-121.47638" /><trkpt lat="47.397156" lon="-121.48954" /><trkpt lat="47.395762" lon="-121.517109" /><trkpt lat="47.397795" lon="-121.545158" /><trkpt lat="47.404332" lon="-121.563988" /><trkpt lat="47.41308" lon="-121.583218" /><trkpt lat="47.41882" lon="-121.588266" /><trkpt lat="47.425373" lon="-121.599275" /><trkpt lat="47.429261" lon="-121.616115" /><trkpt lat="47.429792" lon="-121.632065" /><trkpt lat="47.433563" lon="-121.640324" /><trkpt lat="47.44343" lon="-121.665238" /><trkpt lat="47.443947" lon="-121.677423" /><trkpt lat="47.444196" lon="-121.690109" /><trkpt lat="47.455311" lon="-121.701885" /><trkpt lat="47.463866" lon="-121.70941" /><trkpt lat="47.471856" lon="-121.73578" /><trkpt lat="47.473604" lon="-121.774311" /><trkpt lat="47.47562" lon="-121.783272" /><trkpt lat="47.489486" lon="-121.79455" /><trkpt lat="47.48912" lon="-121.790781" /></trkseg></trk><wpt lat="46.601557" lon="-120.510842"><name>Yakima, WA</name><desc>31.234 kWh</desc></wpt><wpt lat="45.672075" lon="-118.7885967"><name>Pendleton, OR</name><desc>46.066 kWh</desc></wpt><wpt lat="44.7748748" lon="-117.834384"><name>Baker City, OR</name><desc>50.385 kWh</desc></wpt><wpt lat="43.6207082" lon="-116.2434129"><name>Boise, ID - North Orchard Street</name><desc>44.012 kWh</desc></wpt><wpt lat="42.5558542" lon="-114.4700684"><name>Twin Falls, ID</name><desc>41.458 kWh</desc></wpt><wpt lat="41.1107264" lon="-114.963144"><name>Wells, NV</name><desc>45.218 kWh</desc></wpt><wpt lat="39.2480588" lon="-114.891718"><name>Ely, NV</name><desc>61.349 kWh</desc></wpt><wpt lat="36.2005191" lon="-115.1214745"><name>North Las Vegas, NV</name><desc>39.033 kWh</desc></wpt><wpt lat="36.1479102" lon="-115.1533529"><name>Las Vegas, NV - Paradise Road</name><desc>54.123 kWh</desc></wpt><wpt lat="37.1098772" lon="-113.5832063"><name>St. George, UT</name><desc>56.71 kWh</desc></wpt><wpt lat="39.2480588" lon="-114.891718"><name>Ely, NV</name><desc>57.69 kWh</desc></wpt><wpt lat="41.1107264" lon="-114.963144"><name>Wells, NV</name><desc>41.53 kWh</desc></wpt><wpt lat="42.5558542" lon="-114.4700684"><name>Twin Falls, ID</name><desc>52.443 kWh</desc></wpt><wpt lat="43.6207082" lon="-116.2434129"><name>Boise, ID - North Orchard Street</name><desc>49.58 kWh</desc></wpt><wpt lat="44.7748748" lon="-117.834384"><name>Baker City, OR</name><desc>48.279 kWh</desc></wpt><wpt lat="46.2804298" lon="-119.275205"><name>Richland, WA</name><desc>42.988 kWh</desc></wpt><wpt lat="46.9745887" lon="-120.5412264"><name>Ellensburg, WA - Canyon Road</name><desc>54.04 kWh</desc></wpt><wpt lat="47.1952417" lon="-120.940063"><name>Cle Elum, WA</name><desc>63.66 kWh</desc></wpt><wpt lat="47.5957449" lon="-120.6622886"><name>Leavenworth, WA - US-2</name><desc>37.739 kWh</desc></wpt><wpt lat="47.4891197" lon="-121.7907812"><name>North Bend, WA - South Fork Avenue Southwest</name><desc>22.016 kWh</desc></wpt></gpx>